Compt_ID,year,month,prcp
Nyalazi_B032,2008,1,32.121902
Palm_Ridge_C15a,2008,1,68.58846467
Futululu_E6a,2008,1,52.34935133
Mtubatuba_B003,2008,1,54.40866467
Trust_D13,2008,1,55.21869867
Trust_E23,2008,1,78.88763867
Trust_E24,2008,1,58.12186933
Mavuya_B3a,2008,1,81.28674467
Salpine_G22,2008,1,56.09653333
Salpine_G33,2008,1,86.86593
Salpine_F7,2008,1,79.334768
Kwambo_F011A,2008,1,85.56787333
Nseleni_J006,2008,1,89.189988
Terranera_B38,2008,1,99.642862
South_Areas_B35b,2008,1,108.12333
Kwambo_A017,2008,1,83.122328
Teranera_C55,2008,1,110.3330847
Port_Durnford_B044,2008,1,92.016488
Nyalazi_B032,2008,2,38.43484133
Palm_Ridge_C15a,2008,2,74.464106
Futululu_E6a,2008,2,75.99665267
Mtubatuba_B003,2008,2,78.195666
Trust_D13,2008,2,72.235388
Trust_E23,2008,2,95.17420267
Trust_E24,2008,2,83.123684
Mavuya_B3a,2008,2,88.73835533
Salpine_G22,2008,2,74.65923733
Salpine_G33,2008,2,98.653478
Salpine_F7,2008,2,90.42443933
Kwambo_F011A,2008,2,100.7270107
Nseleni_J006,2008,2,107.0240913
Terranera_B38,2008,2,112.560134
South_Areas_B35b,2008,2,120.5871593
Kwambo_A017,2008,2,96.556828
Teranera_C55,2008,2,121.6272233
Port_Durnford_B044,2008,2,103.2324787
Nyalazi_B032,2008,3,102.185942
Palm_Ridge_C15a,2008,3,123.1966093
Futululu_E6a,2008,3,109.8764487
Mtubatuba_B003,2008,3,112.356352
Trust_D13,2008,3,106.8303253
Trust_E23,2008,3,129.0039433
Trust_E24,2008,3,114.445424
Mavuya_B3a,2008,3,126.6738333
Salpine_G22,2008,3,108.0528627
Salpine_G33,2008,3,132.4316433
Salpine_F7,2008,3,115.149114
Kwambo_F011A,2008,3,118.218626
Nseleni_J006,2008,3,131.81992
Terranera_B38,2008,3,133.771648
South_Areas_B35b,2008,3,147.3124613
Kwambo_A017,2008,3,106.583358
Teranera_C55,2008,3,148.97544
Port_Durnford_B044,2008,3,101.8239747
Nyalazi_B032,2008,4,94.72557067
Palm_Ridge_C15a,2008,4,112.736746
Futululu_E6a,2008,4,121.1163893
Mtubatuba_B003,2008,4,115.3570547
Trust_D13,2008,4,113.7331473
Trust_E23,2008,4,115.4715913
Trust_E24,2008,4,113.146478
Mavuya_B3a,2008,4,118.7167793
Salpine_G22,2008,4,110.2123907
Salpine_G33,2008,4,118.640186
Salpine_F7,2008,4,124.6338987
Kwambo_F011A,2008,4,114.3504133
Nseleni_J006,2008,4,123.954454
Terranera_B38,2008,4,126.384652
South_Areas_B35b,2008,4,143.7388047
Kwambo_A017,2008,4,120.653244
Teranera_C55,2008,4,145.140238
Port_Durnford_B044,2008,4,109.5121373
Nyalazi_B032,2008,5,24.45460667
Palm_Ridge_C15a,2008,5,31.17411867
Futululu_E6a,2008,5,26.29159
Mtubatuba_B003,2008,5,26.978982
Trust_D13,2008,5,23.01559067
Trust_E23,2008,5,24.03967867
Trust_E24,2008,5,22.10295867
Mavuya_B3a,2008,5,53.241824
Salpine_G22,2008,5,32.25551267
Salpine_G33,2008,5,33.49718267
Salpine_F7,2008,5,32.77106467
Kwambo_F011A,2008,5,63.798872
Nseleni_J006,2008,5,18.65066933
Terranera_B38,2008,5,28.74394667
South_Areas_B35b,2008,5,32.17417133
Kwambo_A017,2008,5,30.03687
Teranera_C55,2008,5,28.69400333
Port_Durnford_B044,2008,5,10.80763533
Nyalazi_B032,2008,6,75.61899267
Palm_Ridge_C15a,2008,6,74.55163667
Futululu_E6a,2008,6,79.54706
Mtubatuba_B003,2008,6,80.392636
Trust_D13,2008,6,67.92142067
Trust_E23,2008,6,85.925626
Trust_E24,2008,6,75.807314
Mavuya_B3a,2008,6,94.652218
Salpine_G22,2008,6,78.32243
Salpine_G33,2008,6,92.623748
Salpine_F7,2008,6,74.53640867
Kwambo_F011A,2008,6,92.128028
Nseleni_J006,2008,6,50.64258267
Terranera_B38,2008,6,70.97309933
South_Areas_B35b,2008,6,66.56564733
Kwambo_A017,2008,6,82.62294467
Teranera_C55,2008,6,59.19787267
Port_Durnford_B044,2008,6,24.88011667
Nyalazi_B032,2008,7,5.842774
Palm_Ridge_C15a,2008,7,6.351801333
Futululu_E6a,2008,7,4.258432667
Mtubatuba_B003,2008,7,3.764392667
Trust_D13,2008,7,4.845980667
Trust_E23,2008,7,3.723842
Trust_E24,2008,7,3.631927333
Mavuya_B3a,2008,7,17.95011867
Salpine_G22,2008,7,6.239371333
Salpine_G33,2008,7,6.495584667
Salpine_F7,2008,7,8.082332667
Kwambo_F011A,2008,7,8.752818667
Nseleni_J006,2008,7,4.850216
Terranera_B38,2008,7,7.234861333
South_Areas_B35b,2008,7,7.978455333
Kwambo_A017,2008,7,7.001935333
Teranera_C55,2008,7,7.942180667
Port_Durnford_B044,2008,7,5.949660667
Nyalazi_B032,2008,8,17.24440133
Palm_Ridge_C15a,2008,8,18.27044
Futululu_E6a,2008,8,17.545164
Mtubatuba_B003,2008,8,15.57674867
Trust_D13,2008,8,22.43121
Trust_E23,2008,8,16.05457
Trust_E24,2008,8,15.67402867
Mavuya_B3a,2008,8,27.58908933
Salpine_G22,2008,8,20.03872733
Salpine_G33,2008,8,16.06755467
Salpine_F7,2008,8,24.89088867
Kwambo_F011A,2008,8,22.323838
Nseleni_J006,2008,8,26.54684733
Terranera_B38,2008,8,23.06921667
South_Areas_B35b,2008,8,26.47191133
Kwambo_A017,2008,8,27.743416
Teranera_C55,2008,8,27.87715467
Port_Durnford_B044,2008,8,33.670256
Nyalazi_B032,2008,9,45.13265933
Palm_Ridge_C15a,2008,9,50.94013333
Futululu_E6a,2008,9,50.64653733
Mtubatuba_B003,2008,9,47.52163133
Trust_D13,2008,9,51.51050867
Trust_E23,2008,9,52.64769333
Trust_E24,2008,9,52.54337733
Mavuya_B3a,2008,9,63.69578267
Salpine_G22,2008,9,64.622968
Salpine_G33,2008,9,71.344866
Salpine_F7,2008,9,66.05258933
Kwambo_F011A,2008,9,94.22177
Nseleni_J006,2008,9,97.47907667
Terranera_B38,2008,9,95.60526533
South_Areas_B35b,2008,9,97.17137667
Kwambo_A017,2008,9,100.4211507
Teranera_C55,2008,9,100.20097
Port_Durnford_B044,2008,9,98.53007
Nyalazi_B032,2008,10,18.73882067
Palm_Ridge_C15a,2008,10,20.61286533
Futululu_E6a,2008,10,20.675236
Mtubatuba_B003,2008,10,20.950234
Trust_D13,2008,10,21.73666867
Trust_E23,2008,10,22.73445067
Trust_E24,2008,10,22.85900933
Mavuya_B3a,2008,10,25.595238
Salpine_G22,2008,10,25.855816
Salpine_G33,2008,10,34.57676067
Salpine_F7,2008,10,31.98869133
Kwambo_F011A,2008,10,36.879752
Nseleni_J006,2008,10,39.21298333
Terranera_B38,2008,10,40.14384267
South_Areas_B35b,2008,10,33.6228
Kwambo_A017,2008,10,38.92933333
Teranera_C55,2008,10,40.25495533
Port_Durnford_B044,2008,10,43.645694
Nyalazi_B032,2008,11,71.60136933
Palm_Ridge_C15a,2008,11,67.54189
Futululu_E6a,2008,11,60.548048
Mtubatuba_B003,2008,11,53.93413133
Trust_D13,2008,11,52.72245533
Trust_E23,2008,11,63.02341733
Trust_E24,2008,11,61.47144733
Mavuya_B3a,2008,11,65.030982
Salpine_G22,2008,11,55.661676
Salpine_G33,2008,11,65.48232867
Salpine_F7,2008,11,59.48965533
Kwambo_F011A,2008,11,65.34404867
Nseleni_J006,2008,11,53.010096
Terranera_B38,2008,11,62.83581733
South_Areas_B35b,2008,11,54.73433933
Kwambo_A017,2008,11,61.00311867
Teranera_C55,2008,11,55.780038
Port_Durnford_B044,2008,11,70.046598
Nyalazi_B032,2008,12,55.03932133
Palm_Ridge_C15a,2008,12,61.77869933
Futululu_E6a,2008,12,52.15623067
Mtubatuba_B003,2008,12,49.56980467
Trust_D13,2008,12,48.454956
Trust_E23,2008,12,60.30104
Trust_E24,2008,12,59.72648267
Mavuya_B3a,2008,12,63.31602533
Salpine_G22,2008,12,51.52690467
Salpine_G33,2008,12,61.37991467
Salpine_F7,2008,12,57.68337667
Kwambo_F011A,2008,12,64.781938
Nseleni_J006,2008,12,52.32087467
Terranera_B38,2008,12,62.96152533
South_Areas_B35b,2008,12,52.08414067
Kwambo_A017,2008,12,62.84218467
Teranera_C55,2008,12,53.90566533
Port_Durnford_B044,2008,12,80.47566
Nyalazi_B032,2009,1,122.2063327
Palm_Ridge_C15a,2009,1,117.1273516
Futululu_E6a,2009,1,109.0299995
Mtubatuba_B003,2009,1,104.2023688
Trust_D13,2009,1,115.7382853
Trust_E23,2009,1,115.9200246
Trust_E24,2009,1,112.4243286
Mavuya_B3a,2009,1,126.9952487
Salpine_G22,2009,1,120.277284
Salpine_G33,2009,1,135.3746073
Salpine_F7,2009,1,147.1290366
Kwambo_F011A,2009,1,127.5264386
Nseleni_J006,2009,1,171.0559527
Terranera_B38,2009,1,140.0284678
South_Areas_B35b,2009,1,142.5431931
Kwambo_A017,2009,1,125.5520652
Teranera_C55,2009,1,148.4924287
Port_Durnford_B044,2009,1,163.3920267
Nyalazi_B032,2009,2,116.5974167
Palm_Ridge_C15a,2009,2,115.2368236
Futululu_E6a,2009,2,108.5997862
Mtubatuba_B003,2009,2,103.1069728
Trust_D13,2009,2,116.422646
Trust_E23,2009,2,113.0845079
Trust_E24,2009,2,108.5009246
Mavuya_B3a,2009,2,122.887722
Salpine_G22,2009,2,115.869788
Salpine_G33,2009,2,130.023626
Salpine_F7,2009,2,150.7449139
Kwambo_F011A,2009,2,126.5285706
Nseleni_J006,2009,2,177.4285807
Terranera_B38,2009,2,137.2538365
South_Areas_B35b,2009,2,139.4758185
Kwambo_A017,2009,2,122.6799292
Teranera_C55,2009,2,147.8259067
Port_Durnford_B044,2009,2,176.4506687
Nyalazi_B032,2009,3,51.36371305
Palm_Ridge_C15a,2009,3,57.07972333
Futululu_E6a,2009,3,45.77401733
Mtubatuba_B003,2009,3,45.64729867
Trust_D13,2009,3,45.349254
Trust_E23,2009,3,53.233988
Trust_E24,2009,3,56.62260067
Mavuya_B3a,2009,3,66.46915667
Salpine_G22,2009,3,53.040302
Salpine_G33,2009,3,65.54114581
Salpine_F7,2009,3,57.7731341
Kwambo_F011A,2009,3,64.80723781
Nseleni_J006,2009,3,69.17061267
Terranera_B38,2009,3,70.47815876
South_Areas_B35b,2009,3,74.36400676
Kwambo_A017,2009,3,65.0176999
Teranera_C55,2009,3,76.19030495
Port_Durnford_B044,2009,3,58.99065762
Nyalazi_B032,2009,4,62.11209971
Palm_Ridge_C15a,2009,4,70.22825267
Futululu_E6a,2009,4,63.17736667
Mtubatuba_B003,2009,4,61.59869333
Trust_D13,2009,4,59.780582
Trust_E23,2009,4,65.01058733
Trust_E24,2009,4,68.171514
Mavuya_B3a,2009,4,79.01552133
Salpine_G22,2009,4,64.09137333
Salpine_G33,2009,4,71.13668981
Salpine_F7,2009,4,70.97974276
Kwambo_F011A,2009,4,72.52954448
Nseleni_J006,2009,4,80.216134
Terranera_B38,2009,4,77.2980521
South_Areas_B35b,2009,4,82.50902876
Kwambo_A017,2009,4,76.3400619
Teranera_C55,2009,4,83.72487029
Port_Durnford_B044,2009,4,68.70406362
Nyalazi_B032,2009,5,34.33339019
Palm_Ridge_C15a,2009,5,46.98610667
Futululu_E6a,2009,5,39.74420667
Mtubatuba_B003,2009,5,39.351998
Trust_D13,2009,5,39.47835867
Trust_E23,2009,5,43.67751667
Trust_E24,2009,5,47.77443867
Mavuya_B3a,2009,5,45.80400467
Salpine_G22,2009,5,44.73064981
Salpine_G33,2009,5,46.6765101
Salpine_F7,2009,5,48.25144076
Kwambo_F011A,2009,5,49.61189981
Nseleni_J006,2009,5,49.56958133
Terranera_B38,2009,5,51.82974943
South_Areas_B35b,2009,5,54.8454601
Kwambo_A017,2009,5,53.6382079
Teranera_C55,2009,5,55.51647495
Port_Durnford_B044,2009,5,42.25581829
Nyalazi_B032,2009,6,18.75180352
Palm_Ridge_C15a,2009,6,22.53168838
Futululu_E6a,2009,6,19.10292171
Mtubatuba_B003,2009,6,19.56050371
Trust_D13,2009,6,21.21817305
Trust_E23,2009,6,22.50805638
Trust_E24,2009,6,23.82492629
Mavuya_B3a,2009,6,26.29716838
Salpine_G22,2009,6,20.73155648
Salpine_G33,2009,6,21.96358629
Salpine_F7,2009,6,32.24855857
Kwambo_F011A,2009,6,30.04708267
Nseleni_J006,2009,6,28.38084238
Terranera_B38,2009,6,29.19287419
South_Areas_B35b,2009,6,30.67160752
Kwambo_A017,2009,6,30.80444695
Teranera_C55,2009,6,30.22967267
Port_Durnford_B044,2009,6,29.20855762
Nyalazi_B032,2009,7,13.70643219
Palm_Ridge_C15a,2009,7,16.76454705
Futululu_E6a,2009,7,10.13864638
Mtubatuba_B003,2009,7,10.86384105
Trust_D13,2009,7,11.84004371
Trust_E23,2009,7,12.94176438
Trust_E24,2009,7,14.43576362
Mavuya_B3a,2009,7,22.07764038
Salpine_G22,2009,7,14.92854914
Salpine_G33,2009,7,15.96478962
Salpine_F7,2009,7,25.6884019
Kwambo_F011A,2009,7,17.35921133
Nseleni_J006,2009,7,15.57100505
Terranera_B38,2009,7,17.03948486
South_Areas_B35b,2009,7,18.55951152
Kwambo_A017,2009,7,17.82738695
Teranera_C55,2009,7,18.214222
Port_Durnford_B044,2009,7,15.89723695
Nyalazi_B032,2009,8,50.70236067
Palm_Ridge_C15a,2009,8,52.742216
Futululu_E6a,2009,8,52.49505648
Mtubatuba_B003,2009,8,51.94099648
Trust_D13,2009,8,68.53294067
Trust_E23,2009,8,55.67448267
Trust_E24,2009,8,57.28294867
Mavuya_B3a,2009,8,58.667734
Salpine_G22,2009,8,57.38337514
Salpine_G33,2009,8,58.72880514
Salpine_F7,2009,8,80.6562599
Kwambo_F011A,2009,8,73.12233667
Nseleni_J006,2009,8,92.20089657
Terranera_B38,2009,8,85.84673448
South_Areas_B35b,2009,8,89.49861981
Kwambo_A017,2009,8,79.54462
Teranera_C55,2009,8,89.535502
Port_Durnford_B044,2009,8,85.17307867
Nyalazi_B032,2009,9,45.58118752
Palm_Ridge_C15a,2009,9,45.232206
Futululu_E6a,2009,9,42.94609648
Mtubatuba_B003,2009,9,43.56867314
Trust_D13,2009,9,43.133986
Trust_E23,2009,9,44.715222
Trust_E24,2009,9,44.98249933
Mavuya_B3a,2009,9,46.04924467
Salpine_G22,2009,9,43.93363
Salpine_G33,2009,9,51.04626314
Salpine_F7,2009,9,61.62379686
Kwambo_F011A,2009,9,57.78017467
Nseleni_J006,2009,9,49.37768857
Terranera_B38,2009,9,57.68120581
South_Areas_B35b,2009,9,53.29348048
Kwambo_A017,2009,9,59.31355533
Teranera_C55,2009,9,54.76208667
Port_Durnford_B044,2009,9,59.933392
Nyalazi_B032,2009,10,102.945838
Palm_Ridge_C15a,2009,10,111.6232702
Futululu_E6a,2009,10,112.481166
Mtubatuba_B003,2009,10,109.0798127
Trust_D13,2009,10,97.37878467
Trust_E23,2009,10,108.8314165
Trust_E24,2009,10,101.7948255
Mavuya_B3a,2009,10,107.128567
Salpine_G22,2009,10,105.6624793
Salpine_G33,2009,10,116.9688022
Salpine_F7,2009,10,112.5561955
Kwambo_F011A,2009,10,117.4721773
Nseleni_J006,2009,10,108.2171539
Terranera_B38,2009,10,121.602315
South_Areas_B35b,2009,10,119.6342383
Kwambo_A017,2009,10,104.5223367
Teranera_C55,2009,10,110.2448829
Port_Durnford_B044,2009,10,109.55162
Nyalazi_B032,2009,11,94.49664133
Palm_Ridge_C15a,2009,11,101.6180482
Futululu_E6a,2009,11,107.1774433
Mtubatuba_B003,2009,11,101.411186
Trust_D13,2009,11,89.47111467
Trust_E23,2009,11,99.69169986
Trust_E24,2009,11,95.11017419
Mavuya_B3a,2009,11,97.68718695
Salpine_G22,2009,11,92.38424267
Salpine_G33,2009,11,105.8979502
Salpine_F7,2009,11,110.0950429
Kwambo_F011A,2009,11,113.4442553
Nseleni_J006,2009,11,105.8835699
Terranera_B38,2009,11,115.5387045
South_Areas_B35b,2009,11,115.2133639
Kwambo_A017,2009,11,104.1449913
Teranera_C55,2009,11,106.4607289
Port_Durnford_B044,2009,11,113.801452
Nyalazi_B032,2009,12,88.054708
Palm_Ridge_C15a,2009,12,91.39801352
Futululu_E6a,2009,12,93.198738
Mtubatuba_B003,2009,12,90.38874667
Trust_D13,2009,12,77.498416
Trust_E23,2009,12,90.76599652
Trust_E24,2009,12,86.59806619
Mavuya_B3a,2009,12,90.32911095
Salpine_G22,2009,12,83.99267133
Salpine_G33,2009,12,105.1995848
Salpine_F7,2009,12,101.8788555
Kwambo_F011A,2009,12,106.0859193
Nseleni_J006,2009,12,98.61249724
Terranera_B38,2009,12,113.5878659
South_Areas_B35b,2009,12,114.2475112
Kwambo_A017,2009,12,93.40706067
Teranera_C55,2009,12,106.3067768
Port_Durnford_B044,2009,12,106.2825493
Nyalazi_B032,2010,1,105.9459644
Palm_Ridge_C15a,2010,1,124.2875189
Futululu_E6a,2010,1,117.716781
Mtubatuba_B003,2010,1,114.655151
Trust_D13,2010,1,115.4000425
Trust_E23,2010,1,121.0425633
Trust_E24,2010,1,120.6617422
Mavuya_B3a,2010,1,117.004465
Salpine_G22,2010,1,113.7904
Salpine_G33,2010,1,118.1656744
Salpine_F7,2010,1,116.3856063
Kwambo_F011A,2010,1,129.1737122
Nseleni_J006,2010,1,117.3620244
Terranera_B38,2010,1,119.6940544
South_Areas_B35b,2010,1,122.9963056
Kwambo_A017,2010,1,109.6884
Teranera_C55,2010,1,119.1468337
Port_Durnford_B044,2010,1,101.9029444
Nyalazi_B032,2010,2,82.1754581
Palm_Ridge_C15a,2010,2,92.15762095
Futululu_E6a,2010,2,100.3814998
Mtubatuba_B003,2010,2,94.69683762
Trust_D13,2010,2,85.26192905
Trust_E23,2010,2,89.11556
Trust_E24,2010,2,83.98306889
Mavuya_B3a,2010,2,88.55946817
Salpine_G22,2010,2,91.65325889
Salpine_G33,2010,2,97.5782646
Salpine_F7,2010,2,102.435415
Kwambo_F011A,2010,2,87.51024667
Nseleni_J006,2010,2,89.88347556
Terranera_B38,2010,2,87.80426556
South_Areas_B35b,2010,2,92.20889
Kwambo_A017,2010,2,97.90978222
Teranera_C55,2010,2,96.35628148
Port_Durnford_B044,2010,2,108.5104867
Nyalazi_B032,2010,3,83.3182781
Palm_Ridge_C15a,2010,3,89.74602206
Futululu_E6a,2010,3,109.3973987
Mtubatuba_B003,2010,3,94.87595095
Trust_D13,2010,3,92.73316794
Trust_E23,2010,3,89.62570444
Trust_E24,2010,3,87.59215444
Mavuya_B3a,2010,3,84.7489104
Salpine_G22,2010,3,84.55168333
Salpine_G33,2010,3,90.22772905
Salpine_F7,2010,3,101.3899761
Kwambo_F011A,2010,3,88.30273444
Nseleni_J006,2010,3,92.31618079
Terranera_B38,2010,3,84.21696413
South_Areas_B35b,2010,3,88.64979302
Kwambo_A017,2010,3,88.58310667
Teranera_C55,2010,3,87.81842704
Port_Durnford_B044,2010,3,87.66218333
Nyalazi_B032,2010,4,83.86337603
Palm_Ridge_C15a,2010,4,84.01615444
Futululu_E6a,2010,4,90.76280984
Mtubatuba_B003,2010,4,82.46655206
Trust_D13,2010,4,77.63962476
Trust_E23,2010,4,78.48687
Trust_E24,2010,4,75.01293667
Mavuya_B3a,2010,4,75.54717167
Salpine_G22,2010,4,79.54195778
Salpine_G33,2010,4,81.80201905
Salpine_F7,2010,4,83.02449614
Kwambo_F011A,2010,4,81.21641778
Nseleni_J006,2010,4,74.82873746
Terranera_B38,2010,4,76.62292857
South_Areas_B35b,2010,4,77.19659524
Kwambo_A017,2010,4,80.56438444
Teranera_C55,2010,4,76.59788426
Port_Durnford_B044,2010,4,80.03259333
Nyalazi_B032,2010,5,14.99265307
Palm_Ridge_C15a,2010,5,17.02474159
Futululu_E6a,2010,5,16.70306556
Mtubatuba_B003,2010,5,18.07308937
Trust_D13,2010,5,24.93923167
Trust_E23,2010,5,24.36626563
Trust_E24,2010,5,23.54878786
Mavuya_B3a,2010,5,19.88248357
Salpine_G22,2010,5,18.81819095
Salpine_G33,2010,5,19.48492381
Salpine_F7,2010,5,23.61209265
Kwambo_F011A,2010,5,31.87490751
Nseleni_J006,2010,5,35.82330492
Terranera_B38,2010,5,36.90589778
South_Areas_B35b,2010,5,37.57815127
Kwambo_A017,2010,5,37.79865347
Teranera_C55,2010,5,36.8327068
Port_Durnford_B044,2010,5,40.20283805
Nyalazi_B032,2010,6,15.14907259
Palm_Ridge_C15a,2010,6,16.5558646
Futululu_E6a,2010,6,16.09679175
Mtubatuba_B003,2010,6,17.67894048
Trust_D13,2010,6,24.08891378
Trust_E23,2010,6,24.25645563
Trust_E24,2010,6,23.5747323
Mavuya_B3a,2010,6,18.03178484
Salpine_G22,2010,6,18.03635317
Salpine_G33,2010,6,19.65828825
Salpine_F7,2010,6,20.41609598
Kwambo_F011A,2010,6,28.79920529
Nseleni_J006,2010,6,29.57852492
Terranera_B38,2010,6,32.0431
South_Areas_B35b,2010,6,32.62917905
Kwambo_A017,2010,6,33.43291759
Teranera_C55,2010,6,32.83362013
Port_Durnford_B044,2010,6,38.3374144
Nyalazi_B032,2010,7,13.26263481
Palm_Ridge_C15a,2010,7,14.62948683
Futululu_E6a,2010,7,13.11550905
Mtubatuba_B003,2010,7,12.9585127
Trust_D13,2010,7,15.11504712
Trust_E23,2010,7,16.44255056
Trust_E24,2010,7,16.44699611
Mavuya_B3a,2010,7,15.56666484
Salpine_G22,2010,7,14.26113317
Salpine_G33,2010,7,17.38294603
Salpine_F7,2010,7,18.5870182
Kwambo_F011A,2010,7,26.64490093
Nseleni_J006,2010,7,21.77355968
Terranera_B38,2010,7,27.22368508
South_Areas_B35b,2010,7,27.83996048
Kwambo_A017,2010,7,28.82362378
Teranera_C55,2010,7,28.02582775
Port_Durnford_B044,2010,7,34.70791662
Nyalazi_B032,2010,8,14.18175481
Palm_Ridge_C15a,2010,8,15.44767238
Futululu_E6a,2010,8,14.14499571
Mtubatuba_B003,2010,8,13.72697937
Trust_D13,2010,8,15.47747489
Trust_E23,2010,8,17.07938611
Trust_E24,2010,8,17.35815722
Mavuya_B3a,2010,8,16.72056651
Salpine_G22,2010,8,15.55333603
Salpine_G33,2010,8,18.37901381
Salpine_F7,2010,8,19.72987987
Kwambo_F011A,2010,8,26.52458259
Nseleni_J006,2010,8,22.70244357
Terranera_B38,2010,8,27.13117452
South_Areas_B35b,2010,8,28.02109881
Kwambo_A017,2010,8,28.94482434
Teranera_C55,2010,8,28.38094831
Port_Durnford_B044,2010,8,32.34891836
Nyalazi_B032,2010,9,13.58949148
Palm_Ridge_C15a,2010,9,14.98759206
Futululu_E6a,2010,9,13.48496063
Mtubatuba_B003,2010,9,13.45691603
Trust_D13,2010,9,15.45965601
Trust_E23,2010,9,17.13414659
Trust_E24,2010,9,17.52679103
Mavuya_B3a,2010,9,16.41831206
Salpine_G22,2010,9,15.36469048
Salpine_G33,2010,9,17.61303016
Salpine_F7,2010,9,19.95131431
Kwambo_F011A,2010,9,27.24159037
Nseleni_J006,2010,9,23.97507103
Terranera_B38,2010,9,29.00658087
South_Areas_B35b,2010,9,28.82970294
Kwambo_A017,2010,9,28.71860323
Teranera_C55,2010,9,27.92758632
Port_Durnford_B044,2010,9,32.90454614
Nyalazi_B032,2010,10,137.2086933
Palm_Ridge_C15a,2010,10,136.5525878
Futululu_E6a,2010,10,134.0097056
Mtubatuba_B003,2010,10,132.4496878
Trust_D13,2010,10,130.95959
Trust_E23,2010,10,127.2217489
Trust_E24,2010,10,123.9017125
Mavuya_B3a,2010,10,132.7274231
Salpine_G22,2010,10,131.2715514
Salpine_G33,2010,10,135.222344
Salpine_F7,2010,10,131.1967811
Kwambo_F011A,2010,10,111.2540456
Nseleni_J006,2010,10,122.133843
Terranera_B38,2010,10,121.3550519
South_Areas_B35b,2010,10,122.9811641
Kwambo_A017,2010,10,106.4791356
Teranera_C55,2010,10,119.6111167
Port_Durnford_B044,2010,10,108.9162367
Nyalazi_B032,2010,11,115.0114089
Palm_Ridge_C15a,2010,11,126.9527733
Futululu_E6a,2010,11,114.1475367
Mtubatuba_B003,2010,11,112.0859478
Trust_D13,2010,11,116.4550389
Trust_E23,2010,11,117.3176033
Trust_E24,2010,11,106.1261348
Mavuya_B3a,2010,11,123.7850053
Salpine_G22,2010,11,112.5281537
Salpine_G33,2010,11,126.8253284
Salpine_F7,2010,11,118.6508633
Kwambo_F011A,2010,11,101.7859
Nseleni_J006,2010,11,116.5221263
Terranera_B38,2010,11,117.7337608
South_Areas_B35b,2010,11,120.4061475
Kwambo_A017,2010,11,102.4973389
Teranera_C55,2010,11,115.3128578
Port_Durnford_B044,2010,11,108.3213378
Nyalazi_B032,2010,12,190.1338644
Palm_Ridge_C15a,2010,12,162.8757667
Futululu_E6a,2010,12,149.8540211
Mtubatuba_B003,2010,12,158.0488867
Trust_D13,2010,12,154.3143844
Trust_E23,2010,12,157.5386256
Trust_E24,2010,12,158.4264711
Mavuya_B3a,2010,12,162.0879006
Salpine_G22,2010,12,180.0370733
Salpine_G33,2010,12,187.9959544
Salpine_F7,2010,12,152.0279674
Kwambo_F011A,2010,12,154.5654022
Nseleni_J006,2010,12,159.1525722
Terranera_B38,2010,12,167.04601
South_Areas_B35b,2010,12,162.1281744
Kwambo_A017,2010,12,146.9833567
Teranera_C55,2010,12,154.9046522
Port_Durnford_B044,2010,12,111.8634633
Nyalazi_B032,2011,1,186.7839683
Palm_Ridge_C15a,2011,1,218.3118643
Futululu_E6a,2011,1,182.4193317
Mtubatuba_B003,2011,1,180.3318883
Trust_D13,2011,1,186.1712117
Trust_E23,2011,1,214.0293783
Trust_E24,2011,1,191.4620867
Mavuya_B3a,2011,1,206.5239817
Salpine_G22,2011,1,183.58352
Salpine_G33,2011,1,216.8492917
Salpine_F7,2011,1,170.9407383
Kwambo_F011A,2011,1,182.7023817
Nseleni_J006,2011,1,219.3483617
Terranera_B38,2011,1,217.3229383
South_Areas_B35b,2011,1,217.047425
Kwambo_A017,2011,1,188.751815
Teranera_C55,2011,1,216.06665
Port_Durnford_B044,2011,1,185.3906533
Nyalazi_B032,2011,2,56.41340833
Palm_Ridge_C15a,2011,2,56.40645929
Futululu_E6a,2011,2,54.425815
Mtubatuba_B003,2011,2,56.00845167
Trust_D13,2011,2,54.02343667
Trust_E23,2011,2,58.37257333
Trust_E24,2011,2,56.45206
Mavuya_B3a,2011,2,57.36281333
Salpine_G22,2011,2,56.04566833
Salpine_G33,2011,2,57.75760333
Salpine_F7,2011,2,56.56400167
Kwambo_F011A,2011,2,65.78202333
Nseleni_J006,2011,2,57.84836333
Terranera_B38,2011,2,59.38934167
South_Areas_B35b,2011,2,59.13870333
Kwambo_A017,2011,2,73.64314833
Teranera_C55,2011,2,62.43185
Port_Durnford_B044,2011,2,74.62438833
Nyalazi_B032,2011,3,72.86020167
Palm_Ridge_C15a,2011,3,76.35741262
Futululu_E6a,2011,3,72.81008167
Mtubatuba_B003,2011,3,76.27912333
Trust_D13,2011,3,64.11760833
Trust_E23,2011,3,83.56087667
Trust_E24,2011,3,80.98417
Mavuya_B3a,2011,3,76.426375
Salpine_G22,2011,3,72.617055
Salpine_G33,2011,3,80.27087238
Salpine_F7,2011,3,75.93685333
Kwambo_F011A,2011,3,89.33851167
Nseleni_J006,2011,3,67.582815
Terranera_B38,2011,3,77.88419
South_Areas_B35b,2011,3,74.28887833
Kwambo_A017,2011,3,91.759465
Teranera_C55,2011,3,78.97359667
Port_Durnford_B044,2011,3,91.20533
Nyalazi_B032,2011,4,62.67979333
Palm_Ridge_C15a,2011,4,71.79893762
Futululu_E6a,2011,4,77.667365
Mtubatuba_B003,2011,4,79.00837
Trust_D13,2011,4,78.00764167
Trust_E23,2011,4,86.67124
Trust_E24,2011,4,85.94002333
Mavuya_B3a,2011,4,77.64503167
Salpine_G22,2011,4,78.18760333
Salpine_G33,2011,4,79.56480071
Salpine_F7,2011,4,91.64995167
Kwambo_F011A,2011,4,133.3117967
Nseleni_J006,2011,4,89.240795
Terranera_B38,2011,4,116.06896
South_Areas_B35b,2011,4,116.3917283
Kwambo_A017,2011,4,135.7259583
Teranera_C55,2011,4,123.32263
Port_Durnford_B044,2011,4,131.41857
Nyalazi_B032,2011,5,26.02683333
Palm_Ridge_C15a,2011,5,25.40965095
Futululu_E6a,2011,5,25.28321095
Mtubatuba_B003,2011,5,24.91789762
Trust_D13,2011,5,22.42428738
Trust_E23,2011,5,27.696555
Trust_E24,2011,5,26.391555
Mavuya_B3a,2011,5,27.90889333
Salpine_G22,2011,5,28.84339167
Salpine_G33,2011,5,34.95116833
Salpine_F7,2011,5,35.22368333
Kwambo_F011A,2011,5,54.62912667
Nseleni_J006,2011,5,30.48116167
Terranera_B38,2011,5,48.61995167
South_Areas_B35b,2011,5,45.60599667
Kwambo_A017,2011,5,57.78477667
Teranera_C55,2011,5,45.20188833
Port_Durnford_B044,2011,5,61.17095667
Nyalazi_B032,2011,6,26.33909167
Palm_Ridge_C15a,2011,6,26.98686262
Futululu_E6a,2011,6,27.90862929
Mtubatuba_B003,2011,6,27.97831429
Trust_D13,2011,6,25.11742738
Trust_E23,2011,6,31.17461167
Trust_E24,2011,6,29.68746
Mavuya_B3a,2011,6,30.055875
Salpine_G22,2011,6,29.569895
Salpine_G33,2011,6,36.041735
Salpine_F7,2011,6,35.745095
Kwambo_F011A,2011,6,49.92406333
Nseleni_J006,2011,6,35.37248167
Terranera_B38,2011,6,46.83097167
South_Areas_B35b,2011,6,44.54694333
Kwambo_A017,2011,6,52.40312167
Teranera_C55,2011,6,44.67785333
Port_Durnford_B044,2011,6,54.29033333
Nyalazi_B032,2011,7,84.291855
Palm_Ridge_C15a,2011,7,73.45902762
Futululu_E6a,2011,7,76.45508429
Mtubatuba_B003,2011,7,77.32347429
Trust_D13,2011,7,82.89108905
Trust_E23,2011,7,89.44685333
Trust_E24,2011,7,89.54654833
Mavuya_B3a,2011,7,124.7552467
Salpine_G22,2011,7,124.351525
Salpine_G33,2011,7,136.9225817
Salpine_F7,2011,7,134.9649033
Kwambo_F011A,2011,7,158.7423517
Nseleni_J006,2011,7,168.68634
Terranera_B38,2011,7,172.1241067
South_Areas_B35b,2011,7,170.4520783
Kwambo_A017,2011,7,178.817045
Teranera_C55,2011,7,176.7486517
Port_Durnford_B044,2011,7,203.634115
Nyalazi_B032,2011,8,33.14171333
Palm_Ridge_C15a,2011,8,36.13675095
Futululu_E6a,2011,8,35.61853095
Mtubatuba_B003,2011,8,35.86339595
Trust_D13,2011,8,36.33547905
Trust_E23,2011,8,40.45842833
Trust_E24,2011,8,39.49104833
Mavuya_B3a,2011,8,37.40839667
Salpine_G22,2011,8,35.993685
Salpine_G33,2011,8,41.97570333
Salpine_F7,2011,8,48.036275
Kwambo_F011A,2011,8,57.85874286
Nseleni_J006,2011,8,50.33498333
Terranera_B38,2011,8,55.513195
South_Areas_B35b,2011,8,54.40625167
Kwambo_A017,2011,8,55.67404286
Teranera_C55,2011,8,54.14784667
Port_Durnford_B044,2011,8,67.51158
Nyalazi_B032,2011,9,27.37431333
Palm_Ridge_C15a,2011,9,29.84540429
Futululu_E6a,2011,9,26.36332095
Mtubatuba_B003,2011,9,25.90142595
Trust_D13,2011,9,27.26254167
Trust_E23,2011,9,29.91791833
Trust_E24,2011,9,29.127485
Mavuya_B3a,2011,9,33.98009833
Salpine_G22,2011,9,33.79193667
Salpine_G33,2011,9,36.496525
Salpine_F7,2011,9,38.53578667
Kwambo_F011A,2011,9,48.01712452
Nseleni_J006,2011,9,42.61698833
Terranera_B38,2011,9,50.76697167
South_Areas_B35b,2011,9,54.253975
Kwambo_A017,2011,9,48.49017952
Teranera_C55,2011,9,56.504495
Port_Durnford_B044,2011,9,49.44919167
Nyalazi_B032,2011,10,81.02558333
Palm_Ridge_C15a,2011,10,88.30010262
Futululu_E6a,2011,10,86.03691167
Mtubatuba_B003,2011,10,86.53658667
Trust_D13,2011,10,83.05106667
Trust_E23,2011,10,92.39294333
Trust_E24,2011,10,92.67361333
Mavuya_B3a,2011,10,91.66449167
Salpine_G22,2011,10,88.13858833
Salpine_G33,2011,10,94.10476333
Salpine_F7,2011,10,97.01888
Kwambo_F011A,2011,10,112.919995
Nseleni_J006,2011,10,93.24518167
Terranera_B38,2011,10,114.083865
South_Areas_B35b,2011,10,112.5907317
Kwambo_A017,2011,10,108.47136
Teranera_C55,2011,10,112.8299617
Port_Durnford_B044,2011,10,110.0600483
Nyalazi_B032,2011,11,184.1097633
Palm_Ridge_C15a,2011,11,191.546245
Futululu_E6a,2011,11,186.70675
Mtubatuba_B003,2011,11,177.2392417
Trust_D13,2011,11,185.128545
Trust_E23,2011,11,186.2222933
Trust_E24,2011,11,178.7984
Mavuya_B3a,2011,11,174.961095
Salpine_G22,2011,11,173.60092
Salpine_G33,2011,11,217.7814833
Salpine_F7,2011,11,191.323535
Kwambo_F011A,2011,11,216.9648583
Nseleni_J006,2011,11,181.6673767
Terranera_B38,2011,11,218.6668183
South_Areas_B35b,2011,11,213.6467067
Kwambo_A017,2011,11,200.5045917
Teranera_C55,2011,11,219.497255
Port_Durnford_B044,2011,11,235.9584133
Nyalazi_B032,2011,12,68.64567667
Palm_Ridge_C15a,2011,12,60.30722167
Futululu_E6a,2011,12,76.61218333
Mtubatuba_B003,2011,12,72.61256333
Trust_D13,2011,12,71.57563
Trust_E23,2011,12,71.53732
Trust_E24,2011,12,72.02435833
Mavuya_B3a,2011,12,59.281815
Salpine_G22,2011,12,72.118865
Salpine_G33,2011,12,73.11916167
Salpine_F7,2011,12,75.6245
Kwambo_F011A,2011,12,89.94500167
Nseleni_J006,2011,12,99.90034
Terranera_B38,2011,12,92.898485
South_Areas_B35b,2011,12,101.9417033
Kwambo_A017,2011,12,89.52078333
Teranera_C55,2011,12,101.24106
Port_Durnford_B044,2011,12,98.38613333
Nyalazi_B032,2012,1,75.88764222
Palm_Ridge_C15a,2012,1,80.42381778
Futululu_E6a,2012,1,76.27798667
Mtubatuba_B003,2012,1,71.58279111
Trust_D13,2012,1,72.00656444
Trust_E23,2012,1,67.62692778
Trust_E24,2012,1,66.42855667
Mavuya_B3a,2012,1,75.03237333
Salpine_G22,2012,1,75.18337222
Salpine_G33,2012,1,75.36105556
Salpine_F7,2012,1,74.62191778
Kwambo_F011A,2012,1,62.54399333
Nseleni_J006,2012,1,64.49923222
Terranera_B38,2012,1,64.34070778
South_Areas_B35b,2012,1,70.22319889
Kwambo_A017,2012,1,76.59435889
Teranera_C55,2012,1,74.03241556
Port_Durnford_B044,2012,1,82.1165
Nyalazi_B032,2012,2,74.50368222
Palm_Ridge_C15a,2012,2,71.33729222
Futululu_E6a,2012,2,69.31335556
Mtubatuba_B003,2012,2,63.83203889
Trust_D13,2012,2,62.53709
Trust_E23,2012,2,55.37702333
Trust_E24,2012,2,55.94880333
Mavuya_B3a,2012,2,71.62278667
Salpine_G22,2012,2,74.84752333
Salpine_G33,2012,2,66.66879
Salpine_F7,2012,2,73.95991222
Kwambo_F011A,2012,2,60.05209111
Nseleni_J006,2012,2,59.36126333
Terranera_B38,2012,2,56.06125556
South_Areas_B35b,2012,2,64.54880889
Kwambo_A017,2012,2,86.89772778
Teranera_C55,2012,2,76.87804111
Port_Durnford_B044,2012,2,92.78373667
Nyalazi_B032,2012,3,226.8145289
Palm_Ridge_C15a,2012,3,228.2737489
Futululu_E6a,2012,3,233.5112211
Mtubatuba_B003,2012,3,228.9912822
Trust_D13,2012,3,211.0530767
Trust_E23,2012,3,225.3765756
Trust_E24,2012,3,227.4667344
Mavuya_B3a,2012,3,233.9261256
Salpine_G22,2012,3,231.4257333
Salpine_G33,2012,3,243.4371322
Salpine_F7,2012,3,231.4883278
Kwambo_F011A,2012,3,254.8109467
Nseleni_J006,2012,3,239.2472378
Terranera_B38,2012,3,246.2377511
South_Areas_B35b,2012,3,240.1211033
Kwambo_A017,2012,3,245.0274089
Teranera_C55,2012,3,242.9727589
Port_Durnford_B044,2012,3,239.7349689
Nyalazi_B032,2012,4,20.79825111
Palm_Ridge_C15a,2012,4,20.90258889
Futululu_E6a,2012,4,18.19873444
Mtubatuba_B003,2012,4,15.65689667
Trust_D13,2012,4,14.47187111
Trust_E23,2012,4,24.0114
Trust_E24,2012,4,22.78359889
Mavuya_B3a,2012,4,25.16232222
Salpine_G22,2012,4,27.53198444
Salpine_G33,2012,4,32.35846333
Salpine_F7,2012,4,29.85004222
Kwambo_F011A,2012,4,37.78019333
Nseleni_J006,2012,4,33.16279222
Terranera_B38,2012,4,36.00554333
South_Areas_B35b,2012,4,36.01578667
Kwambo_A017,2012,4,46.33707333
Teranera_C55,2012,4,39.18459111
Port_Durnford_B044,2012,4,46.38531667
Nyalazi_B032,2012,5,14.11593333
Palm_Ridge_C15a,2012,5,19.67407556
Futululu_E6a,2012,5,17.02148444
Mtubatuba_B003,2012,5,18.64039778
Trust_D13,2012,5,15.60482333
Trust_E23,2012,5,16.87487667
Trust_E24,2012,5,15.28428556
Mavuya_B3a,2012,5,15.02478667
Salpine_G22,2012,5,13.72579444
Salpine_G33,2012,5,16.61090778
Salpine_F7,2012,5,13.68606333
Kwambo_F011A,2012,5,18.98180333
Nseleni_J006,2012,5,10.94842889
Terranera_B38,2012,5,15.08672889
South_Areas_B35b,2012,5,16.24718333
Kwambo_A017,2012,5,16.22240889
Teranera_C55,2012,5,13.97302889
Port_Durnford_B044,2012,5,12.28823556
Nyalazi_B032,2012,6,29.91142778
Palm_Ridge_C15a,2012,6,33.56015444
Futululu_E6a,2012,6,26.88872222
Mtubatuba_B003,2012,6,23.13497333
Trust_D13,2012,6,21.43155333
Trust_E23,2012,6,32.05968889
Trust_E24,2012,6,29.63284333
Mavuya_B3a,2012,6,33.94525667
Salpine_G22,2012,6,31.50655444
Salpine_G33,2012,6,38.32837111
Salpine_F7,2012,6,30.06072889
Kwambo_F011A,2012,6,43.76120444
Nseleni_J006,2012,6,33.90197889
Terranera_B38,2012,6,38.55771333
South_Areas_B35b,2012,6,40.91819
Kwambo_A017,2012,6,42.51303889
Teranera_C55,2012,6,36.94633778
Port_Durnford_B044,2012,6,35.92546333
Nyalazi_B032,2012,7,8.136531111
Palm_Ridge_C15a,2012,7,12.50560222
Futululu_E6a,2012,7,10.08489
Mtubatuba_B003,2012,7,10.03991667
Trust_D13,2012,7,8.131144444
Trust_E23,2012,7,10.05063889
Trust_E24,2012,7,10.27142
Mavuya_B3a,2012,7,12.58907444
Salpine_G22,2012,7,11.16875444
Salpine_G33,2012,7,11.99096444
Salpine_F7,2012,7,12.35407222
Kwambo_F011A,2012,7,10.23901444
Nseleni_J006,2012,7,11.20954889
Terranera_B38,2012,7,12.38304556
South_Areas_B35b,2012,7,13.90429
Kwambo_A017,2012,7,12.81234444
Teranera_C55,2012,7,14.32802111
Port_Durnford_B044,2012,7,16.05144889
Nyalazi_B032,2012,8,13.18126222
Palm_Ridge_C15a,2012,8,14.87490333
Futululu_E6a,2012,8,14.11602556
Mtubatuba_B003,2012,8,13.66738222
Trust_D13,2012,8,16.38844556
Trust_E23,2012,8,15.94758667
Trust_E24,2012,8,17.24719222
Mavuya_B3a,2012,8,19.11992333
Salpine_G22,2012,8,17.27178778
Salpine_G33,2012,8,19.22053889
Salpine_F7,2012,8,19.52709667
Kwambo_F011A,2012,8,22.59146
Nseleni_J006,2012,8,24.01961778
Terranera_B38,2012,8,24.64065
South_Areas_B35b,2012,8,24.05073667
Kwambo_A017,2012,8,20.36049889
Teranera_C55,2012,8,22.80753556
Port_Durnford_B044,2012,8,18.39980111
Nyalazi_B032,2012,9,232.3466
Palm_Ridge_C15a,2012,9,242.3686278
Futululu_E6a,2012,9,244.7591467
Mtubatuba_B003,2012,9,239.8360856
Trust_D13,2012,9,220.43475
Trust_E23,2012,9,241.0907489
Trust_E24,2012,9,239.2166322
Mavuya_B3a,2012,9,255.4887378
Salpine_G22,2012,9,229.79042
Salpine_G33,2012,9,244.0256511
Salpine_F7,2012,9,232.2191511
Kwambo_F011A,2012,9,228.9259689
Nseleni_J006,2012,9,247.4736644
Terranera_B38,2012,9,254.4699167
South_Areas_B35b,2012,9,258.0893567
Kwambo_A017,2012,9,243.12098
Teranera_C55,2012,9,257.29941
Port_Durnford_B044,2012,9,259.7325178
Nyalazi_B032,2012,10,151.2305
Palm_Ridge_C15a,2012,10,156.5561689
Futululu_E6a,2012,10,152.4772967
Mtubatuba_B003,2012,10,149.7151311
Trust_D13,2012,10,144.9111
Trust_E23,2012,10,152.5924278
Trust_E24,2012,10,147.8485444
Mavuya_B3a,2012,10,167.9549556
Salpine_G22,2012,10,163.87208
Salpine_G33,2012,10,175.9170556
Salpine_F7,2012,10,164.8201511
Kwambo_F011A,2012,10,174.38356
Nseleni_J006,2012,10,162.28475
Terranera_B38,2012,10,172.4642944
South_Areas_B35b,2012,10,173.6199544
Kwambo_A017,2012,10,168.1883467
Teranera_C55,2012,10,175.2134333
Port_Durnford_B044,2012,10,182.1239689
Nyalazi_B032,2012,11,68.52225444
Palm_Ridge_C15a,2012,11,74.14599222
Futululu_E6a,2012,11,72.96901889
Mtubatuba_B003,2012,11,109.7673878
Trust_D13,2012,11,107.9357089
Trust_E23,2012,11,106.3527722
Trust_E24,2012,11,106.9889144
Mavuya_B3a,2012,11,106.7268767
Salpine_G22,2012,11,105.3959589
Salpine_G33,2012,11,103.2733078
Salpine_F7,2012,11,107.3527222
Kwambo_F011A,2012,11,100.2810267
Nseleni_J006,2012,11,104.3935922
Terranera_B38,2012,11,101.9087978
South_Areas_B35b,2012,11,103.4967044
Kwambo_A017,2012,11,95.16984556
Teranera_C55,2012,11,98.9098
Port_Durnford_B044,2012,11,92.18724222
Nyalazi_B032,2012,12,177.3257056
Palm_Ridge_C15a,2012,12,201.8042844
Futululu_E6a,2012,12,180.0385856
Mtubatuba_B003,2012,12,179.6459256
Trust_D13,2012,12,160.1347511
Trust_E23,2012,12,160.9582033
Trust_E24,2012,12,147.2359456
Mavuya_B3a,2012,12,182.1457033
Salpine_G22,2012,12,192.4829811
Salpine_G33,2012,12,205.9048778
Salpine_F7,2012,12,166.1845533
Kwambo_F011A,2012,12,141.6714889
Nseleni_J006,2012,12,152.2795867
Terranera_B38,2012,12,155.2021
South_Areas_B35b,2012,12,159.0410489
Kwambo_A017,2012,12,133.9399567
Teranera_C55,2012,12,154.9994578
Port_Durnford_B044,2012,12,114.4479122
Nyalazi_B032,2013,1,173.2870993
Palm_Ridge_C15a,2013,1,191.889718
Futululu_E6a,2013,1,174.5588873
Mtubatuba_B003,2013,1,170.7928253
Trust_D13,2013,1,195.914094
Trust_E23,2013,1,173.90485
Trust_E24,2013,1,178.8147187
Mavuya_B3a,2013,1,227.039764
Salpine_G22,2013,1,227.039912
Salpine_G33,2013,1,214.398358
Salpine_F7,2013,1,239.73645
Kwambo_F011A,2013,1,211.0157893
Nseleni_J006,2013,1,226.7161333
Terranera_B38,2013,1,226.3393133
South_Areas_B35b,2013,1,242.708314
Kwambo_A017,2013,1,235.6853593
Teranera_C55,2013,1,246.5318513
Port_Durnford_B044,2013,1,288.7423853
Nyalazi_B032,2013,2,89.07620933
Palm_Ridge_C15a,2013,2,84.67475067
Futululu_E6a,2013,2,84.629592
Mtubatuba_B003,2013,2,85.27937333
Trust_D13,2013,2,84.73444867
Trust_E23,2013,2,91.47123333
Trust_E24,2013,2,93.191852
Mavuya_B3a,2013,2,89.50587467
Salpine_G22,2013,2,90.80497733
Salpine_G33,2013,2,92.34995333
Salpine_F7,2013,2,102.0808887
Kwambo_F011A,2013,2,134.5965427
Nseleni_J006,2013,2,108.6773266
Terranera_B38,2013,2,119.1480532
South_Areas_B35b,2013,2,118.6000992
Kwambo_A017,2013,2,135.9195553
Teranera_C55,2013,2,129.1209599
Port_Durnford_B044,2013,2,130.594932
Nyalazi_B032,2013,3,92.98291067
Palm_Ridge_C15a,2013,3,90.88817067
Futululu_E6a,2013,3,85.14153933
Mtubatuba_B003,2013,3,84.12962733
Trust_D13,2013,3,90.81072467
Trust_E23,2013,3,100.5023267
Trust_E24,2013,3,99.00495733
Mavuya_B3a,2013,3,97.08629533
Salpine_G22,2013,3,86.69816067
Salpine_G33,2013,3,94.63117667
Salpine_F7,2013,3,97.12107067
Kwambo_F011A,2013,3,106.1026133
Nseleni_J006,2013,3,131.6621426
Terranera_B38,2013,3,114.0600372
South_Areas_B35b,2013,3,111.7892899
Kwambo_A017,2013,3,105.0966267
Teranera_C55,2013,3,118.5197579
Port_Durnford_B044,2013,3,118.0907927
Nyalazi_B032,2013,4,40.036904
Palm_Ridge_C15a,2013,4,40.00604667
Futululu_E6a,2013,4,38.17578067
Mtubatuba_B003,2013,4,37.10010067
Trust_D13,2013,4,36.20738133
Trust_E23,2013,4,39.596404
Trust_E24,2013,4,39.51885867
Mavuya_B3a,2013,4,35.27364867
Salpine_G22,2013,4,40.69441533
Salpine_G33,2013,4,42.26579067
Salpine_F7,2013,4,41.20995267
Kwambo_F011A,2013,4,46.41198933
Nseleni_J006,2013,4,42.94172133
Terranera_B38,2013,4,44.388896
South_Areas_B35b,2013,4,46.31617467
Kwambo_A017,2013,4,46.38817933
Teranera_C55,2013,4,45.952008
Port_Durnford_B044,2013,4,40.69222267
Nyalazi_B032,2013,5,21.52938562
Palm_Ridge_C15a,2013,5,21.84488186
Futululu_E6a,2013,5,23.74052667
Mtubatuba_B003,2013,5,19.18303719
Trust_D13,2013,5,22.45954719
Trust_E23,2013,5,24.3702489
Trust_E24,2013,5,24.10474224
Mavuya_B3a,2013,5,19.107408
Salpine_G22,2013,5,18.12004133
Salpine_G33,2013,5,22.72983867
Salpine_F7,2013,5,19.08666333
Kwambo_F011A,2013,5,30.28035867
Nseleni_J006,2013,5,26.02663
Terranera_B38,2013,5,26.83972333
South_Areas_B35b,2013,5,23.60501333
Kwambo_A017,2013,5,40.13449667
Teranera_C55,2013,5,26.10685667
Port_Durnford_B044,2013,5,42.74834
Nyalazi_B032,2013,6,22.65042095
Palm_Ridge_C15a,2013,6,22.94539319
Futululu_E6a,2013,6,23.54102171
Mtubatuba_B003,2013,6,19.52749357
Trust_D13,2013,6,20.93316195
Trust_E23,2013,6,22.85615424
Trust_E24,2013,6,22.59084624
Mavuya_B3a,2013,6,23.17162876
Salpine_G22,2013,6,25.03642067
Salpine_G33,2013,6,26.219832
Salpine_F7,2013,6,24.56928967
Kwambo_F011A,2013,6,31.46599
Nseleni_J006,2013,6,27.83009733
Terranera_B38,2013,6,29.33491933
South_Areas_B35b,2013,6,30.76227467
Kwambo_A017,2013,6,39.73679733
Teranera_C55,2013,6,33.306922
Port_Durnford_B044,2013,6,38.51627
Nyalazi_B032,2013,7,24.13975
Palm_Ridge_C15a,2013,7,26.144675
Futululu_E6a,2013,7,25.54831838
Mtubatuba_B003,2013,7,22.78947338
Trust_D13,2013,7,22.3212951
Trust_E23,2013,7,23.65895433
Trust_E24,2013,7,23.34838767
Mavuya_B3a,2013,7,26.55338476
Salpine_G22,2013,7,27.36876067
Salpine_G33,2013,7,26.72733933
Salpine_F7,2013,7,26.733663
Kwambo_F011A,2013,7,29.28226067
Nseleni_J006,2013,7,25.634592
Terranera_B38,2013,7,28.37270933
South_Areas_B35b,2013,7,30.586574
Kwambo_A017,2013,7,43.62946267
Teranera_C55,2013,7,32.725292
Port_Durnford_B044,2013,7,42.56466067
Nyalazi_B032,2013,8,22.55896933
Palm_Ridge_C15a,2013,8,23.298568
Futululu_E6a,2013,8,23.42619238
Mtubatuba_B003,2013,8,21.65480371
Trust_D13,2013,8,21.89157343
Trust_E23,2013,8,22.22130733
Trust_E24,2013,8,21.96395733
Mavuya_B3a,2013,8,24.20281543
Salpine_G22,2013,8,24.160712
Salpine_G33,2013,8,24.46588667
Salpine_F7,2013,8,25.611567
Kwambo_F011A,2013,8,26.77854133
Nseleni_J006,2013,8,23.36677667
Terranera_B38,2013,8,25.08239267
South_Areas_B35b,2013,8,25.95395067
Kwambo_A017,2013,8,34.01882067
Teranera_C55,2013,8,26.73473733
Port_Durnford_B044,2013,8,32.75993467
Nyalazi_B032,2013,9,28.98525267
Palm_Ridge_C15a,2013,9,34.25413133
Futululu_E6a,2013,9,30.443872
Mtubatuba_B003,2013,9,29.94642933
Trust_D13,2013,9,29.37678067
Trust_E23,2013,9,37.48506533
Trust_E24,2013,9,31.527212
Mavuya_B3a,2013,9,41.88976076
Salpine_G22,2013,9,42.13946933
Salpine_G33,2013,9,46.83338133
Salpine_F7,2013,9,41.37159667
Kwambo_F011A,2013,9,54.87136667
Nseleni_J006,2013,9,61.00952667
Terranera_B38,2013,9,58.87619867
South_Areas_B35b,2013,9,57.32565467
Kwambo_A017,2013,9,62.785228
Teranera_C55,2013,9,58.01954133
Port_Durnford_B044,2013,9,61.787834
Nyalazi_B032,2013,10,154.936376
Palm_Ridge_C15a,2013,10,153.900672
Futululu_E6a,2013,10,133.208084
Mtubatuba_B003,2013,10,135.182392
Trust_D13,2013,10,137.4855547
Trust_E23,2013,10,140.436846
Trust_E24,2013,10,130.0362147
Mavuya_B3a,2013,10,155.04794
Salpine_G22,2013,10,134.55189
Salpine_G33,2013,10,154.2295007
Salpine_F7,2013,10,133.3823967
Kwambo_F011A,2013,10,125.9828007
Nseleni_J006,2013,10,157.8869887
Terranera_B38,2013,10,150.576332
South_Areas_B35b,2013,10,158.798068
Kwambo_A017,2013,10,127.4311447
Teranera_C55,2013,10,157.6728747
Port_Durnford_B044,2013,10,124.893524
Nyalazi_B032,2013,11,106.5727947
Palm_Ridge_C15a,2013,11,106.440732
Futululu_E6a,2013,11,89.552528
Mtubatuba_B003,2013,11,92.023812
Trust_D13,2013,11,87.67505533
Trust_E23,2013,11,94.741582
Trust_E24,2013,11,96.82603533
Mavuya_B3a,2013,11,100.1940153
Salpine_G22,2013,11,92.68915067
Salpine_G33,2013,11,104.018342
Salpine_F7,2013,11,102.6553707
Kwambo_F011A,2013,11,107.6965353
Nseleni_J006,2013,11,102.7537053
Terranera_B38,2013,11,105.531874
South_Areas_B35b,2013,11,105.622962
Kwambo_A017,2013,11,101.357978
Teranera_C55,2013,11,107.691394
Port_Durnford_B044,2013,11,98.384316
Nyalazi_B032,2013,12,128.546538
Palm_Ridge_C15a,2013,12,122.083568
Futululu_E6a,2013,12,91.81409667
Mtubatuba_B003,2013,12,92.72310133
Trust_D13,2013,12,89.59794533
Trust_E23,2013,12,98.53263667
Trust_E24,2013,12,105.0470967
Mavuya_B3a,2013,12,110.405262
Salpine_G22,2013,12,106.7941487
Salpine_G33,2013,12,113.338334
Salpine_F7,2013,12,109.5946673
Kwambo_F011A,2013,12,122.006042
Nseleni_J006,2013,12,103.3790947
Terranera_B38,2013,12,111.2677733
South_Areas_B35b,2013,12,111.744004
Kwambo_A017,2013,12,115.240174
Teranera_C55,2013,12,112.502068
Port_Durnford_B044,2013,12,99.56121467
Nyalazi_B032,2014,1,56.39112556
Palm_Ridge_C15a,2014,1,52.75502222
Futululu_E6a,2014,1,44.30537
Mtubatuba_B003,2014,1,50.32592667
Trust_D13,2014,1,43.32319778
Trust_E23,2014,1,51.23230444
Trust_E24,2014,1,52.02032
Mavuya_B3a,2014,1,53.16861556
Salpine_G22,2014,1,46.16553222
Salpine_G33,2014,1,53.88105556
Salpine_F7,2014,1,46.77063222
Kwambo_F011A,2014,1,50.95993667
Nseleni_J006,2014,1,43.82676556
Terranera_B38,2014,1,54.16137111
South_Areas_B35b,2014,1,46.95036778
Kwambo_A017,2014,1,47.57423556
Teranera_C55,2014,1,45.92988444
Port_Durnford_B044,2014,1,55.54659778
Nyalazi_B032,2014,2,60.70012889
Palm_Ridge_C15a,2014,2,65.17146889
Futululu_E6a,2014,2,58.40350667
Mtubatuba_B003,2014,2,56.02520667
Trust_D13,2014,2,59.22633556
Trust_E23,2014,2,58.51055444
Trust_E24,2014,2,60.09765333
Mavuya_B3a,2014,2,65.40559111
Salpine_G22,2014,2,56.92255556
Salpine_G33,2014,2,58.25916333
Salpine_F7,2014,2,61.83722111
Kwambo_F011A,2014,2,52.64287222
Nseleni_J006,2014,2,67.68515556
Terranera_B38,2014,2,66.75919778
South_Areas_B35b,2014,2,70.87103
Kwambo_A017,2014,2,59.78096111
Teranera_C55,2014,2,70.36669556
Port_Durnford_B044,2014,2,63.46298556
Nyalazi_B032,2014,3,182.9786889
Palm_Ridge_C15a,2014,3,162.7227022
Futululu_E6a,2014,3,125.7457444
Mtubatuba_B003,2014,3,116.1263311
Trust_D13,2014,3,115.1843622
Trust_E23,2014,3,126.1303233
Trust_E24,2014,3,118.1831444
Mavuya_B3a,2014,3,164.4625356
Salpine_G22,2014,3,124.84565
Salpine_G33,2014,3,134.5775356
Salpine_F7,2014,3,158.0398156
Kwambo_F011A,2014,3,124.9711178
Nseleni_J006,2014,3,135.9293111
Terranera_B38,2014,3,129.8757111
South_Areas_B35b,2014,3,134.5911144
Kwambo_A017,2014,3,127.5693311
Teranera_C55,2014,3,136.0679078
Port_Durnford_B044,2014,3,131.4273411
Nyalazi_B032,2014,4,57.93107111
Palm_Ridge_C15a,2014,4,69.16889889
Futululu_E6a,2014,4,77.11804556
Mtubatuba_B003,2014,4,80.73633222
Trust_D13,2014,4,77.07146889
Trust_E23,2014,4,81.41661222
Trust_E24,2014,4,81.96425667
Mavuya_B3a,2014,4,70.71438222
Salpine_G22,2014,4,89.97890667
Salpine_G33,2014,4,91.20941111
Salpine_F7,2014,4,69.89953889
Kwambo_F011A,2014,4,82.04271444
Nseleni_J006,2014,4,76.34145222
Terranera_B38,2014,4,88.97570667
South_Areas_B35b,2014,4,88.08398111
Kwambo_A017,2014,4,87.69546333
Teranera_C55,2014,4,91.85688444
Port_Durnford_B044,2014,4,73.92964556
Nyalazi_B032,2014,5,13.13274667
Palm_Ridge_C15a,2014,5,15.03977111
Futululu_E6a,2014,5,16.28559
Mtubatuba_B003,2014,5,16.30465444
Trust_D13,2014,5,18.30029
Trust_E23,2014,5,16.53887667
Trust_E24,2014,5,16.39216778
Mavuya_B3a,2014,5,20.27573444
Salpine_G22,2014,5,19.52540778
Salpine_G33,2014,5,15.69109444
Salpine_F7,2014,5,27.10541556
Kwambo_F011A,2014,5,27.77535317
Nseleni_J006,2014,5,33.45896444
Terranera_B38,2014,5,27.97708778
South_Areas_B35b,2014,5,30.71718778
Kwambo_A017,2014,5,37.14203889
Teranera_C55,2014,5,33.51378
Port_Durnford_B044,2014,5,37.42334222
Nyalazi_B032,2014,6,6.822898889
Palm_Ridge_C15a,2014,6,12.11144333
Futululu_E6a,2014,6,7.731755556
Mtubatuba_B003,2014,6,8.241438889
Trust_D13,2014,6,9.83817
Trust_E23,2014,6,10.59120778
Trust_E24,2014,6,8.912373333
Mavuya_B3a,2014,6,13.10866333
Salpine_G22,2014,6,9.748022222
Salpine_G33,2014,6,12.68451778
Salpine_F7,2014,6,14.62056333
Kwambo_F011A,2014,6,14.49373873
Nseleni_J006,2014,6,16.16976778
Terranera_B38,2014,6,15.66209444
South_Areas_B35b,2014,6,16.81178222
Kwambo_A017,2014,6,14.63285889
Teranera_C55,2014,6,16.87977111
Port_Durnford_B044,2014,6,19.41127889
Nyalazi_B032,2014,7,8.234651111
Palm_Ridge_C15a,2014,7,13.76257333
Futululu_E6a,2014,7,8.897055556
Mtubatuba_B003,2014,7,9.178377778
Trust_D13,2014,7,9.668382222
Trust_E23,2014,7,10.67915778
Trust_E24,2014,7,8.711313333
Mavuya_B3a,2014,7,12.57501111
Salpine_G22,2014,7,10.03906
Salpine_G33,2014,7,13.89673667
Salpine_F7,2014,7,13.96180556
Kwambo_F011A,2014,7,11.37213873
Nseleni_J006,2014,7,12.93826889
Terranera_B38,2014,7,12.42199
South_Areas_B35b,2014,7,13.97611556
Kwambo_A017,2014,7,12.37979571
Teranera_C55,2014,7,14.86478333
Port_Durnford_B044,2014,7,13.42245238
Nyalazi_B032,2014,8,13.19063778
Palm_Ridge_C15a,2014,8,21.35407889
Futululu_E6a,2014,8,15.06593667
Mtubatuba_B003,2014,8,16.00918667
Trust_D13,2014,8,12.35116444
Trust_E23,2014,8,18.78548778
Trust_E24,2014,8,14.15413333
Mavuya_B3a,2014,8,18.92931111
Salpine_G22,2014,8,13.60597667
Salpine_G33,2014,8,22.42543889
Salpine_F7,2014,8,14.66298667
Kwambo_F011A,2014,8,13.87555429
Nseleni_J006,2014,8,17.49703556
Terranera_B38,2014,8,17.61548778
South_Areas_B35b,2014,8,18.23978778
Kwambo_A017,2014,8,13.81120016
Teranera_C55,2014,8,18.90809
Port_Durnford_B044,2014,8,13.9985246
Nyalazi_B032,2014,9,44.67108333
Palm_Ridge_C15a,2014,9,43.66921889
Futululu_E6a,2014,9,34.46659333
Mtubatuba_B003,2014,9,29.55639333
Trust_D13,2014,9,27.53845667
Trust_E23,2014,9,29.23532222
Trust_E24,2014,9,28.87505778
Mavuya_B3a,2014,9,30.86451444
Salpine_G22,2014,9,41.64566111
Salpine_G33,2014,9,45.64091111
Salpine_F7,2014,9,28.68291556
Kwambo_F011A,2014,9,21.86289667
Nseleni_J006,2014,9,27.70178778
Terranera_B38,2014,9,28.40376667
South_Areas_B35b,2014,9,28.19102333
Kwambo_A017,2014,9,28.89413889
Teranera_C55,2014,9,28.77624222
Port_Durnford_B044,2014,9,20.11750889
Nyalazi_B032,2014,10,49.14057556
Palm_Ridge_C15a,2014,10,70.27454333
Futululu_E6a,2014,10,46.64916556
Mtubatuba_B003,2014,10,47.49634667
Trust_D13,2014,10,53.84463889
Trust_E23,2014,10,64.17054889
Trust_E24,2014,10,63.82112587
Mavuya_B3a,2014,10,91.26465444
Salpine_G22,2014,10,63.68037556
Salpine_G33,2014,10,84.65068778
Salpine_F7,2014,10,68.48262444
Kwambo_F011A,2014,10,85.34979556
Nseleni_J006,2014,10,100.1945144
Terranera_B38,2014,10,96.59731889
South_Areas_B35b,2014,10,100.2428422
Kwambo_A017,2014,10,94.97397778
Teranera_C55,2014,10,101.0502933
Port_Durnford_B044,2014,10,84.78945921
Nyalazi_B032,2014,11,36.37342921
Palm_Ridge_C15a,2014,11,47.96192556
Futululu_E6a,2014,11,35.42106333
Mtubatuba_B003,2014,11,36.43997333
Trust_D13,2014,11,36.39566778
Trust_E23,2014,11,48.59254667
Trust_E24,2014,11,40.56541698
Mavuya_B3a,2014,11,45.31608111
Salpine_G22,2014,11,35.31012222
Salpine_G33,2014,11,50.90965111
Salpine_F7,2014,11,35.65661444
Kwambo_F011A,2014,11,51.52509778
Nseleni_J006,2014,11,41.79801778
Terranera_B38,2014,11,53.41277
South_Areas_B35b,2014,11,47.64945444
Kwambo_A017,2014,11,45.49491222
Teranera_C55,2014,11,45.48358
Port_Durnford_B044,2014,11,42.73902365
Nyalazi_B032,2014,12,35.63550365
Palm_Ridge_C15a,2014,12,49.29171778
Futululu_E6a,2014,12,33.40148333
Mtubatuba_B003,2014,12,33.94443444
Trust_D13,2014,12,39.38148556
Trust_E23,2014,12,50.43168333
Trust_E24,2014,12,41.71186111
Mavuya_B3a,2014,12,46.11829667
Salpine_G22,2014,12,34.50857667
Salpine_G33,2014,12,52.60468333
Salpine_F7,2014,12,37.46190889
Kwambo_F011A,2014,12,54.02329
Nseleni_J006,2014,12,49.16255444
Terranera_B38,2014,12,61.94463
South_Areas_B35b,2014,12,54.97594
Kwambo_A017,2014,12,51.16192444
Teranera_C55,2014,12,51.65712333
Port_Durnford_B044,2014,12,57.32743333
Nyalazi_B032,2015,1,126.1596745
Palm_Ridge_C15a,2015,1,133.2595973
Futululu_E6a,2015,1,117.037972
Mtubatuba_B003,2015,1,120.9805947
Trust_D13,2015,1,98.518604
Trust_E23,2015,1,128.2342853
Trust_E24,2015,1,122.5100973
Mavuya_B3a,2015,1,119.631988
Salpine_G22,2015,1,128.1016316
Salpine_G33,2015,1,156.6975429
Salpine_F7,2015,1,119.7120741
Kwambo_F011A,2015,1,142.4325522
Nseleni_J006,2015,1,104.452034
Terranera_B38,2015,1,125.550489
South_Areas_B35b,2015,1,117.0367084
Kwambo_A017,2015,1,137.6838975
Teranera_C55,2015,1,111.4180584
Port_Durnford_B044,2015,1,107.1824887
Nyalazi_B032,2015,2,41.467296
Palm_Ridge_C15a,2015,2,46.692256
Futululu_E6a,2015,2,43.068454
Mtubatuba_B003,2015,2,44.83204
Trust_D13,2015,2,51.26649867
Trust_E23,2015,2,50.23098933
Trust_E24,2015,2,49.63917286
Mavuya_B3a,2015,2,53.42683267
Salpine_G22,2015,2,47.0854447
Salpine_G33,2015,2,49.85811937
Salpine_F7,2015,2,70.50964686
Kwambo_F011A,2015,2,89.54594154
Nseleni_J006,2015,2,65.56445219
Terranera_B38,2015,2,72.73222567
South_Areas_B35b,2015,2,71.69785511
Kwambo_A017,2015,2,89.35489821
Teranera_C55,2015,2,74.43431978
Port_Durnford_B044,2015,2,95.38554267
Nyalazi_B032,2015,3,40.26838509
Palm_Ridge_C15a,2015,3,51.92211006
Futululu_E6a,2015,3,58.78504733
Mtubatuba_B003,2015,3,64.76103267
Trust_D13,2015,3,56.79606054
Trust_E23,2015,3,59.02080683
Trust_E24,2015,3,57.01992006
Mavuya_B3a,2015,3,53.60408705
Salpine_G22,2015,3,51.78407724
Salpine_G33,2015,3,55.69743079
Salpine_F7,2015,3,60.28129578
Kwambo_F011A,2015,3,59.36799673
Nseleni_J006,2015,3,52.24193452
Terranera_B38,2015,3,54.57754733
South_Areas_B35b,2015,3,54.64353644
Kwambo_A017,2015,3,58.83690435
Teranera_C55,2015,3,51.73965911
Port_Durnford_B044,2015,3,55.20977667
Nyalazi_B032,2015,4,24.588902
Palm_Ridge_C15a,2015,4,49.35179097
Futululu_E6a,2015,4,44.85089352
Mtubatuba_B003,2015,4,45.921228
Trust_D13,2015,4,42.6623739
Trust_E23,2015,4,50.10447398
Trust_E24,2015,4,43.49884478
Mavuya_B3a,2015,4,51.34666738
Salpine_G22,2015,4,45.86123122
Salpine_G33,2015,4,54.46605739
Salpine_F7,2015,4,46.9140288
Kwambo_F011A,2015,4,53.4569174
Nseleni_J006,2015,4,46.01982852
Terranera_B38,2015,4,53.38386467
South_Areas_B35b,2015,4,54.57789644
Kwambo_A017,2015,4,50.41965835
Teranera_C55,2015,4,55.35841511
Port_Durnford_B044,2015,4,58.482974
Nyalazi_B032,2015,5,5.565875567
Palm_Ridge_C15a,2015,5,9.179591397
Futululu_E6a,2015,5,3.904385381
Mtubatuba_B003,2015,5,3.138707095
Trust_D13,2015,5,2.76214787
Trust_E23,2015,5,6.223477746
Trust_E24,2015,5,3.819539063
Mavuya_B3a,2015,5,6.819448429
Salpine_G22,2015,5,5.716410121
Salpine_G33,2015,5,11.21957206
Salpine_F7,2015,5,6.494792466
Kwambo_F011A,2015,5,9.761996063
Nseleni_J006,2015,5,4.572949667
Terranera_B38,2015,5,7.288892667
South_Areas_B35b,2015,5,7.828550921
Kwambo_A017,2015,5,8.443762349
Teranera_C55,2015,5,7.656307778
Port_Durnford_B044,2015,5,7.328121333
Nyalazi_B032,2015,6,7.755976234
Palm_Ridge_C15a,2015,6,13.12543111
Futululu_E6a,2015,6,6.567499381
Mtubatuba_B003,2015,6,6.247937095
Trust_D13,2015,6,5.195158537
Trust_E23,2015,6,10.51441941
Trust_E24,2015,6,7.141869254
Mavuya_B3a,2015,6,9.867847762
Salpine_G22,2015,6,8.200656692
Salpine_G33,2015,6,14.72445372
Salpine_F7,2015,6,8.713458466
Kwambo_F011A,2015,6,12.70483006
Nseleni_J006,2015,6,7.505409667
Terranera_B38,2015,6,10.43956867
South_Areas_B35b,2015,6,10.77876292
Kwambo_A017,2015,6,11.28235768
Teranera_C55,2015,6,10.65657244
Port_Durnford_B044,2015,6,9.942128667
Nyalazi_B032,2015,7,39.26941604
Palm_Ridge_C15a,2015,7,38.00636486
Futululu_E6a,2015,7,45.18898605
Mtubatuba_B003,2015,7,45.01867043
Trust_D13,2015,7,46.29356301
Trust_E23,2015,7,47.53939065
Trust_E24,2015,7,49.77674249
Mavuya_B3a,2015,7,44.3209131
Salpine_G22,2015,7,54.74352612
Salpine_G33,2015,7,53.75058206
Salpine_F7,2015,7,56.04968345
Kwambo_F011A,2015,7,121.9969003
Nseleni_J006,2015,7,128.4749937
Terranera_B38,2015,7,130.846052
South_Areas_B35b,2015,7,132.4327718
Kwambo_A017,2015,7,131.3854257
Teranera_C55,2015,7,140.0679444
Port_Durnford_B044,2015,7,197.1417527
Nyalazi_B032,2015,8,8.404042043
Palm_Ridge_C15a,2015,8,11.56417286
Futululu_E6a,2015,8,7.917612714
Mtubatuba_B003,2015,8,7.060535762
Trust_D13,2015,8,6.496873902
Trust_E23,2015,8,10.19614198
Trust_E24,2015,8,8.381128492
Mavuya_B3a,2015,8,11.42294357
Salpine_G22,2015,8,10.96525034
Salpine_G33,2015,8,14.44783539
Salpine_F7,2015,8,10.78189612
Kwambo_F011A,2015,8,27.418598
Nseleni_J006,2015,8,13.49678233
Terranera_B38,2015,8,16.6321319
South_Areas_B35b,2015,8,16.35161778
Kwambo_A017,2015,8,25.22913054
Teranera_C55,2015,8,15.64513844
Port_Durnford_B044,2015,8,13.061566
Nyalazi_B032,2015,9,23.61730747
Palm_Ridge_C15a,2015,9,29.09733638
Futululu_E6a,2015,9,25.06873671
Mtubatuba_B003,2015,9,25.02506986
Trust_D13,2015,9,26.58799968
Trust_E23,2015,9,31.59211084
Trust_E24,2015,9,29.90071373
Mavuya_B3a,2015,9,35.24139052
Salpine_G22,2015,9,34.34185958
Salpine_G33,2015,9,38.3738653
Salpine_F7,2015,9,37.52900885
Kwambo_F011A,2015,9,88.07740505
Nseleni_J006,2015,9,46.279755
Terranera_B38,2015,9,51.9673779
South_Areas_B35b,2015,9,50.15045244
Kwambo_A017,2015,9,82.36945654
Teranera_C55,2015,9,51.60309749
Port_Durnford_B044,2015,9,52.10423467
Nyalazi_B032,2015,10,24.06788376
Palm_Ridge_C15a,2015,10,31.02198
Futululu_E6a,2015,10,29.33113719
Mtubatuba_B003,2015,10,29.79473433
Trust_D13,2015,10,29.46642051
Trust_E23,2015,10,34.62664865
Trust_E24,2015,10,31.96949535
Mavuya_B3a,2015,10,36.65776535
Salpine_G22,2015,10,38.72755691
Salpine_G33,2015,10,44.05416139
Salpine_F7,2015,10,38.30578666
Kwambo_F011A,2015,10,84.75645238
Nseleni_J006,2015,10,40.91656767
Terranera_B38,2015,10,48.2029159
South_Areas_B35b,2015,10,45.46109111
Kwambo_A017,2015,10,80.71174254
Teranera_C55,2015,10,46.13661616
Port_Durnford_B044,2015,10,54.56932333
Nyalazi_B032,2015,11,34.26412685
Palm_Ridge_C15a,2015,11,38.21742952
Futululu_E6a,2015,11,38.61025652
Mtubatuba_B003,2015,11,41.098101
Trust_D13,2015,11,43.73488451
Trust_E23,2015,11,45.51815563
Trust_E24,2015,11,44.05894759
Mavuya_B3a,2015,11,46.08594421
Salpine_G22,2015,11,50.50049627
Salpine_G33,2015,11,54.81791422
Salpine_F7,2015,11,41.37975815
Kwambo_F011A,2015,11,67.09938981
Nseleni_J006,2015,11,63.24071767
Terranera_B38,2015,11,67.60973657
South_Areas_B35b,2015,11,64.33118644
Kwambo_A017,2015,11,70.25892949
Teranera_C55,2015,11,64.96340978
Port_Durnford_B044,2015,11,66.92402467
Nyalazi_B032,2015,12,44.94730242
Palm_Ridge_C15a,2015,12,51.14217838
Futululu_E6a,2015,12,51.81094333
Mtubatuba_B003,2015,12,50.90153933
Trust_D13,2015,12,59.92993117
Trust_E23,2015,12,61.69746511
Trust_E24,2015,12,60.56682444
Mavuya_B3a,2015,12,66.4378233
Salpine_G22,2015,12,67.11280403
Salpine_G33,2015,12,81.67817365
Salpine_F7,2015,12,67.26348625
Kwambo_F011A,2015,12,107.8679815
Nseleni_J006,2015,12,119.923052
Terranera_B38,2015,12,131.048238
South_Areas_B35b,2015,12,130.1686371
Kwambo_A017,2015,12,94.91365216
Teranera_C55,2015,12,129.6058904
Port_Durnford_B044,2015,12,110.5509867
Nyalazi_B032,2016,1,42.236725
Palm_Ridge_C15a,2016,1,44.33676083
Futululu_E6a,2016,1,36.7219175
Mtubatuba_B003,2016,1,34.1159
Trust_D13,2016,1,39.2397625
Trust_E23,2016,1,37.5025925
Trust_E24,2016,1,36.13626333
Mavuya_B3a,2016,1,42.33841333
Salpine_G22,2016,1,43.47655417
Salpine_G33,2016,1,53.54709333
Salpine_F7,2016,1,48.9095475
Kwambo_F011A,2016,1,70.69526667
Nseleni_J006,2016,1,46.6440925
Terranera_B38,2016,1,64.48279417
South_Areas_B35b,2016,1,69.38005333
Kwambo_A017,2016,1,69.71698167
Teranera_C55,2016,1,71.80931
Port_Durnford_B044,2016,1,68.44639167
Nyalazi_B032,2016,2,44.80899583
Palm_Ridge_C15a,2016,2,47.00477083
Futululu_E6a,2016,2,36.91601
Mtubatuba_B003,2016,2,35.12497083
Trust_D13,2016,2,39.07857083
Trust_E23,2016,2,38.7334575
Trust_E24,2016,2,38.15110083
Mavuya_B3a,2016,2,42.60679417
Salpine_G22,2016,2,43.657965
Salpine_G33,2016,2,53.08212917
Salpine_F7,2016,2,48.9788775
Kwambo_F011A,2016,2,58.82260833
Nseleni_J006,2016,2,40.4016175
Terranera_B38,2016,2,57.69489583
South_Areas_B35b,2016,2,61.76857167
Kwambo_A017,2016,2,60.88439167
Teranera_C55,2016,2,59.5247975
Port_Durnford_B044,2016,2,52.54397333
Nyalazi_B032,2016,3,56.20016167
Palm_Ridge_C15a,2016,3,65.11167417
Futululu_E6a,2016,3,53.115875
Mtubatuba_B003,2016,3,54.18075833
Trust_D13,2016,3,62.18319
Trust_E23,2016,3,59.94745417
Trust_E24,2016,3,59.1088275
Mavuya_B3a,2016,3,62.94096583
Salpine_G22,2016,3,60.7883725
Salpine_G33,2016,3,66.8080675
Salpine_F7,2016,3,68.63268
Kwambo_F011A,2016,3,86.85379167
Nseleni_J006,2016,3,73.81103833
Terranera_B38,2016,3,90.20658
South_Areas_B35b,2016,3,90.178455
Kwambo_A017,2016,3,88.66136917
Teranera_C55,2016,3,89.9833425
Port_Durnford_B044,2016,3,84.407325
Nyalazi_B032,2016,4,48.22850583
Palm_Ridge_C15a,2016,4,52.89437333
Futululu_E6a,2016,4,44.22346583
Mtubatuba_B003,2016,4,39.6166725
Trust_D13,2016,4,49.344305
Trust_E23,2016,4,47.8567125
Trust_E24,2016,4,47.90868833
Mavuya_B3a,2016,4,49.8989175
Salpine_G22,2016,4,46.9739675
Salpine_G33,2016,4,50.7003125
Salpine_F7,2016,4,52.86647333
Kwambo_F011A,2016,4,76.19222917
Nseleni_J006,2016,4,64.79958917
Terranera_B38,2016,4,78.1585375
South_Areas_B35b,2016,4,83.84155
Kwambo_A017,2016,4,83.41698083
Teranera_C55,2016,4,87.63404667
Port_Durnford_B044,2016,4,87.24259417
Nyalazi_B032,2016,5,82.79721583
Palm_Ridge_C15a,2016,5,83.455495
Futululu_E6a,2016,5,87.24965083
Mtubatuba_B003,2016,5,84.870245
Trust_D13,2016,5,87.7352825
Trust_E23,2016,5,94.38225
Trust_E24,2016,5,86.24708
Mavuya_B3a,2016,5,75.33082667
Salpine_G22,2016,5,86.90806083
Salpine_G33,2016,5,96.55706333
Salpine_F7,2016,5,112.3264142
Kwambo_F011A,2016,5,157.1070692
Nseleni_J006,2016,5,103.8772633
Terranera_B38,2016,5,184.2712858
South_Areas_B35b,2016,5,185.3433317
Kwambo_A017,2016,5,171.2138325
Teranera_C55,2016,5,191.4446142
Port_Durnford_B044,2016,5,172.1786967
Nyalazi_B032,2016,6,40.09490083
Palm_Ridge_C15a,2016,6,34.9068425
Futululu_E6a,2016,6,33.80633
Mtubatuba_B003,2016,6,30.65767917
Trust_D13,2016,6,33.51944417
Trust_E23,2016,6,32.74947667
Trust_E24,2016,6,31.8623025
Mavuya_B3a,2016,6,34.71064833
Salpine_G22,2016,6,39.57952083
Salpine_G33,2016,6,37.9341325
Salpine_F7,2016,6,42.74311917
Kwambo_F011A,2016,6,47.31950417
Nseleni_J006,2016,6,42.59551833
Terranera_B38,2016,6,53.273575
South_Areas_B35b,2016,6,55.74276667
Kwambo_A017,2016,6,49.55970333
Teranera_C55,2016,6,56.73514917
Port_Durnford_B044,2016,6,46.79301167
Nyalazi_B032,2016,7,98.510805
Palm_Ridge_C15a,2016,7,101.7719817
Futululu_E6a,2016,7,101.2750058
Mtubatuba_B003,2016,7,108.5163133
Trust_D13,2016,7,112.2512292
Trust_E23,2016,7,116.29543
Trust_E24,2016,7,115.7103558
Mavuya_B3a,2016,7,99.84033833
Salpine_G22,2016,7,108.7102167
Salpine_G33,2016,7,109.6933758
Salpine_F7,2016,7,115.8541575
Kwambo_F011A,2016,7,161.0911358
Nseleni_J006,2016,7,134.9709525
Terranera_B38,2016,7,146.5323867
South_Areas_B35b,2016,7,155.3974983
Kwambo_A017,2016,7,158.6257167
Teranera_C55,2016,7,161.419415
Port_Durnford_B044,2016,7,158.7147708
Nyalazi_B032,2016,8,38.21371833
Palm_Ridge_C15a,2016,8,26.83828167
Futululu_E6a,2016,8,34.42610417
Mtubatuba_B003,2016,8,40.005345
Trust_D13,2016,8,36.46391833
Trust_E23,2016,8,32.48431167
Trust_E24,2016,8,31.58917167
Mavuya_B3a,2016,8,35.67812167
Salpine_G22,2016,8,42.15591417
Salpine_G33,2016,8,34.51127583
Salpine_F7,2016,8,38.30937333
Kwambo_F011A,2016,8,48.1806225
Nseleni_J006,2016,8,31.56226083
Terranera_B38,2016,8,47.54455333
South_Areas_B35b,2016,8,52.57232167
Kwambo_A017,2016,8,53.6034625
Teranera_C55,2016,8,53.37490833
Port_Durnford_B044,2016,8,48.68109333
Nyalazi_B032,2016,9,46.36618333
Palm_Ridge_C15a,2016,9,64.99963833
Futululu_E6a,2016,9,67.31578417
Mtubatuba_B003,2016,9,66.27927333
Trust_D13,2016,9,70.97083
Trust_E23,2016,9,72.56819583
Trust_E24,2016,9,71.6673675
Mavuya_B3a,2016,9,61.01363167
Salpine_G22,2016,9,70.79375667
Salpine_G33,2016,9,72.67529917
Salpine_F7,2016,9,74.43784167
Kwambo_F011A,2016,9,91.62310417
Nseleni_J006,2016,9,83.56603083
Terranera_B38,2016,9,99.87014167
South_Areas_B35b,2016,9,105.12589
Kwambo_A017,2016,9,94.2190225
Teranera_C55,2016,9,106.9257533
Port_Durnford_B044,2016,9,87.51665333
Nyalazi_B032,2016,10,38.89574083
Palm_Ridge_C15a,2016,10,77.11901667
Futululu_E6a,2016,10,78.5675475
Mtubatuba_B003,2016,10,78.13907
Trust_D13,2016,10,93.30144583
Trust_E23,2016,10,91.87302333
Trust_E24,2016,10,92.61124333
Mavuya_B3a,2016,10,77.98966583
Salpine_G22,2016,10,87.97875667
Salpine_G33,2016,10,92.87597
Salpine_F7,2016,10,87.46483667
Kwambo_F011A,2016,10,104.7331758
Nseleni_J006,2016,10,103.403
Terranera_B38,2016,10,104.4465017
South_Areas_B35b,2016,10,103.3804692
Kwambo_A017,2016,10,112.7714958
Teranera_C55,2016,10,107.7359767
Port_Durnford_B044,2016,10,115.954785
Nyalazi_B032,2016,11,41.08457333
Palm_Ridge_C15a,2016,11,81.30952417
Futululu_E6a,2016,11,73.39401917
Mtubatuba_B003,2016,11,72.30393917
Trust_D13,2016,11,93.12792083
Trust_E23,2016,11,84.8146325
Trust_E24,2016,11,84.24644583
Mavuya_B3a,2016,11,78.5702375
Salpine_G22,2016,11,75.94571583
Salpine_G33,2016,11,76.31442167
Salpine_F7,2016,11,79.32135333
Kwambo_F011A,2016,11,94.10360167
Nseleni_J006,2016,11,100.2057592
Terranera_B38,2016,11,97.72617
South_Areas_B35b,2016,11,99.029045
Kwambo_A017,2016,11,96.06719833
Teranera_C55,2016,11,97.6158225
Port_Durnford_B044,2016,11,100.662185
Nyalazi_B032,2016,12,39.14054917
Palm_Ridge_C15a,2016,12,35.74780083
Futululu_E6a,2016,12,31.980605
Mtubatuba_B003,2016,12,32.15389917
Trust_D13,2016,12,34.753875
Trust_E23,2016,12,34.39381833
Trust_E24,2016,12,35.16323083
Mavuya_B3a,2016,12,42.88530333
Salpine_G22,2016,12,31.8563375
Salpine_G33,2016,12,38.3776925
Salpine_F7,2016,12,33.97408333
Kwambo_F011A,2016,12,41.11227917
Nseleni_J006,2016,12,36.11230583
Terranera_B38,2016,12,51.50923583
South_Areas_B35b,2016,12,48.87437583
Kwambo_A017,2016,12,38.848165
Teranera_C55,2016,12,47.97052917
Port_Durnford_B044,2016,12,39.87019917
Nyalazi_B032,2017,1,126.5238833
Palm_Ridge_C15a,2017,1,124.0266258
Futululu_E6a,2017,1,127.7628083
Mtubatuba_B003,2017,1,130.9723305
Trust_D13,2017,1,141.079781
Trust_E23,2017,1,135.929186
Trust_E24,2017,1,139.016386
Mavuya_B3a,2017,1,139.5180866
Salpine_G22,2017,1,144.7984933
Salpine_G33,2017,1,136.4156987
Salpine_F7,2017,1,156.3327647
Kwambo_F011A,2017,1,145.2489484
Nseleni_J006,2017,1,145.2107336
Terranera_B38,2017,1,141.394762
South_Areas_B35b,2017,1,141.4910007
Kwambo_A017,2017,1,144.7053569
Teranera_C55,2017,1,145.4081453
Port_Durnford_B044,2017,1,152.5291239
Nyalazi_B032,2017,2,151.249436
Palm_Ridge_C15a,2017,2,183.7503538
Futululu_E6a,2017,2,182.1694663
Mtubatuba_B003,2017,2,180.2035152
Trust_D13,2017,2,189.0535543
Trust_E23,2017,2,182.9415767
Trust_E24,2017,2,183.6553027
Mavuya_B3a,2017,2,196.0995326
Salpine_G22,2017,2,187.9292173
Salpine_G33,2017,2,198.263484
Salpine_F7,2017,2,210.5176654
Kwambo_F011A,2017,2,207.6511131
Nseleni_J006,2017,2,221.3891256
Terranera_B38,2017,2,235.04095
South_Areas_B35b,2017,2,233.9963327
Kwambo_A017,2017,2,228.0829889
Teranera_C55,2017,2,242.1165713
Port_Durnford_B044,2017,2,258.2779526
Nyalazi_B032,2017,3,81.85658495
Palm_Ridge_C15a,2017,3,69.02766962
Futululu_E6a,2017,3,60.73488619
Mtubatuba_B003,2017,3,61.71296565
Trust_D13,2017,3,63.53442454
Trust_E23,2017,3,62.51557811
Trust_E24,2017,3,60.67389267
Mavuya_B3a,2017,3,81.27962485
Salpine_G22,2017,3,81.74359987
Salpine_G33,2017,3,85.27091524
Salpine_F7,2017,3,101.0278498
Kwambo_F011A,2017,3,84.93257906
Nseleni_J006,2017,3,78.96927851
Terranera_B38,2017,3,93.93257965
South_Areas_B35b,2017,3,93.42589229
Kwambo_A017,2017,3,97.40126467
Teranera_C55,2017,3,95.95953629
Port_Durnford_B044,2017,3,109.8671147
Nyalazi_B032,2017,4,43.34385717
Palm_Ridge_C15a,2017,4,42.43124695
Futululu_E6a,2017,4,25.41593086
Mtubatuba_B003,2017,4,26.87751365
Trust_D13,2017,4,27.95028987
Trust_E23,2017,4,31.44845811
Trust_E24,2017,4,27.90478733
Mavuya_B3a,2017,4,48.33641285
Salpine_G22,2017,4,40.82902121
Salpine_G33,2017,4,54.5054879
Salpine_F7,2017,4,66.1732731
Kwambo_F011A,2017,4,49.90741173
Nseleni_J006,2017,4,39.09581851
Terranera_B38,2017,4,57.73350432
South_Areas_B35b,2017,4,52.54126895
Kwambo_A017,2017,4,58.697066
Teranera_C55,2017,4,54.42925095
Port_Durnford_B044,2017,4,95.56172198
Nyalazi_B032,2017,5,227.9655621
Palm_Ridge_C15a,2017,5,278.1070063
Futululu_E6a,2017,5,281.6897575
Mtubatuba_B003,2017,5,279.0843803
Trust_D13,2017,5,284.9146505
Trust_E23,2017,5,285.9253048
Trust_E24,2017,5,280.21494
Mavuya_B3a,2017,5,326.7480262
Salpine_G22,2017,5,346.0925765
Salpine_G33,2017,5,329.9345292
Salpine_F7,2017,5,350.9017096
Kwambo_F011A,2017,5,322.9112988
Nseleni_J006,2017,5,332.1238805
Terranera_B38,2017,5,340.423893
South_Areas_B35b,2017,5,340.0300896
Kwambo_A017,2017,5,356.6623753
Teranera_C55,2017,5,361.285745
Port_Durnford_B044,2017,5,349.6142429
Nyalazi_B032,2017,6,27.5553195
Palm_Ridge_C15a,2017,6,28.2756039
Futululu_E6a,2017,6,24.45437371
Mtubatuba_B003,2017,6,26.52952356
Trust_D13,2017,6,25.04553568
Trust_E23,2017,6,28.23724468
Trust_E24,2017,6,28.4362219
Mavuya_B3a,2017,6,35.33609885
Salpine_G22,2017,6,40.72323763
Salpine_G33,2017,6,45.19306824
Salpine_F7,2017,6,46.60226783
Kwambo_F011A,2017,6,48.07182759
Nseleni_J006,2017,6,30.19024284
Terranera_B38,2017,6,44.35966789
South_Areas_B35b,2017,6,43.32098667
Kwambo_A017,2017,6,47.13904214
Teranera_C55,2017,6,41.71232067
Port_Durnford_B044,2017,6,29.35289927
Nyalazi_B032,2017,7,15.30093169
Palm_Ridge_C15a,2017,7,17.84478257
Futululu_E6a,2017,7,14.33251305
Mtubatuba_B003,2017,7,16.08839556
Trust_D13,2017,7,16.98749168
Trust_E23,2017,7,17.93601535
Trust_E24,2017,7,18.2465719
Mavuya_B3a,2017,7,20.02942704
Salpine_G22,2017,7,22.9741783
Salpine_G33,2017,7,28.98794757
Salpine_F7,2017,7,31.9378944
Kwambo_F011A,2017,7,37.32326559
Nseleni_J006,2017,7,26.29387017
Terranera_B38,2017,7,34.87036456
South_Areas_B35b,2017,7,32.77180267
Kwambo_A017,2017,7,37.47866671
Teranera_C55,2017,7,31.49610486
Port_Durnford_B044,2017,7,39.56961879
Nyalazi_B032,2017,8,14.71523902
Palm_Ridge_C15a,2017,8,16.77302857
Futululu_E6a,2017,8,13.48282438
Mtubatuba_B003,2017,8,14.68924622
Trust_D13,2017,8,16.68399435
Trust_E23,2017,8,15.72436335
Trust_E24,2017,8,16.37041924
Mavuya_B3a,2017,8,20.24264638
Salpine_G22,2017,8,22.26557763
Salpine_G33,2017,8,27.56076824
Salpine_F7,2017,8,30.83636573
Kwambo_F011A,2017,8,34.53567292
Nseleni_J006,2017,8,26.0236976
Terranera_B38,2017,8,33.14828522
South_Areas_B35b,2017,8,31.91505867
Kwambo_A017,2017,8,35.67031405
Teranera_C55,2017,8,31.37401752
Port_Durnford_B044,2017,8,36.40611946
Nyalazi_B032,2017,9,39.67301064
Palm_Ridge_C15a,2017,9,49.16389295
Futululu_E6a,2017,9,40.41657171
Mtubatuba_B003,2017,9,41.17116584
Trust_D13,2017,9,44.52062178
Trust_E23,2017,9,44.67563497
Trust_E24,2017,9,44.640912
Mavuya_B3a,2017,9,55.63080961
Salpine_G22,2017,9,54.78301668
Salpine_G33,2017,9,56.63186386
Salpine_F7,2017,9,67.41749976
Kwambo_F011A,2017,9,58.69854668
Nseleni_J006,2017,9,55.71053508
Terranera_B38,2017,9,61.75359003
South_Areas_B35b,2017,9,63.73401905
Kwambo_A017,2017,9,64.42865524
Teranera_C55,2017,9,66.54089029
Port_Durnford_B044,2017,9,90.22094651
Nyalazi_B032,2017,10,49.0583727
Palm_Ridge_C15a,2017,10,68.37872905
Futululu_E6a,2017,10,65.44249781
Mtubatuba_B003,2017,10,67.93960251
Trust_D13,2017,10,71.36308473
Trust_E23,2017,10,72.81649229
Trust_E24,2017,10,73.30649562
Mavuya_B3a,2017,10,74.69432147
Salpine_G22,2017,10,79.36713106
Salpine_G33,2017,10,80.96552014
Salpine_F7,2017,10,90.85630814
Kwambo_F011A,2017,10,81.46802535
Nseleni_J006,2017,10,84.47389708
Terranera_B38,2017,10,86.51688289
South_Areas_B35b,2017,10,90.81787838
Kwambo_A017,2017,10,84.5663039
Teranera_C55,2017,10,91.88341362
Port_Durnford_B044,2017,10,102.6277938
Nyalazi_B032,2017,11,63.85562581
Palm_Ridge_C15a,2017,11,88.01725171
Futululu_E6a,2017,11,87.48351219
Mtubatuba_B003,2017,11,97.30516917
Trust_D13,2017,11,109.9095632
Trust_E23,2017,11,109.2643383
Trust_E24,2017,11,110.9355736
Mavuya_B3a,2017,11,98.05137214
Salpine_G22,2017,11,107.3772764
Salpine_G33,2017,11,107.2784375
Salpine_F7,2017,11,109.6805595
Kwambo_F011A,2017,11,103.8701953
Nseleni_J006,2017,11,111.6744904
Terranera_B38,2017,11,106.5524556
South_Areas_B35b,2017,11,110.5100397
Kwambo_A017,2017,11,105.6119986
Teranera_C55,2017,11,105.774111
Port_Durnford_B044,2017,11,107.5416435
Nyalazi_B032,2017,12,78.00622323
Palm_Ridge_C15a,2017,12,93.87212305
Futululu_E6a,2017,12,88.35694486
Mtubatuba_B003,2017,12,97.29487422
Trust_D13,2017,12,118.8104139
Trust_E23,2017,12,120.6696967
Trust_E24,2017,12,125.1087427
Mavuya_B3a,2017,12,133.4255321
Salpine_G22,2017,12,138.3026664
Salpine_G33,2017,12,132.3043208
Salpine_F7,2017,12,140.4112208
Kwambo_F011A,2017,12,139.6392467
Nseleni_J006,2017,12,138.0056028
Terranera_B38,2017,12,141.0391849
South_Areas_B35b,2017,12,148.3798664
Kwambo_A017,2017,12,139.0778473
Teranera_C55,2017,12,144.5552113
Port_Durnford_B044,2017,12,133.2644409
Nyalazi_B032,2018,1,42.59628406
Palm_Ridge_C15a,2018,1,37.873796
Futululu_E6a,2018,1,35.23261733
Mtubatuba_B003,2018,1,37.951838
Trust_D13,2018,1,37.60849667
Trust_E23,2018,1,40.52617667
Trust_E24,2018,1,38.87334933
Mavuya_B3a,2018,1,46.17381867
Salpine_G22,2018,1,41.90499933
Salpine_G33,2018,1,43.69692556
Salpine_F7,2018,1,40.22580533
Kwambo_F011A,2018,1,54.68407067
Nseleni_J006,2018,1,45.15514533
Terranera_B38,2018,1,46.13690156
South_Areas_B35b,2018,1,47.54086762
Kwambo_A017,2018,1,59.039226
Teranera_C55,2018,1,57.37698095
Port_Durnford_B044,2018,1,70.23126133
Nyalazi_B032,2018,2,127.5950701
Palm_Ridge_C15a,2018,2,132.9653947
Futululu_E6a,2018,2,129.5543473
Mtubatuba_B003,2018,2,123.588084
Trust_D13,2018,2,140.0661513
Trust_E23,2018,2,127.98646
Trust_E24,2018,2,126.963316
Mavuya_B3a,2018,2,178.2885067
Salpine_G22,2018,2,139.676378
Salpine_G33,2018,2,133.7682069
Salpine_F7,2018,2,141.3811433
Kwambo_F011A,2018,2,119.3891747
Nseleni_J006,2018,2,133.8154433
Terranera_B38,2018,2,121.4264522
South_Areas_B35b,2018,2,128.161539
Kwambo_A017,2018,2,131.6336527
Teranera_C55,2018,2,128.2701236
Port_Durnford_B044,2018,2,124.6337987
Nyalazi_B032,2018,3,84.76298006
Palm_Ridge_C15a,2018,3,82.887092
Futululu_E6a,2018,3,81.527572
Mtubatuba_B003,2018,3,80.97431133
Trust_D13,2018,3,94.72020467
Trust_E23,2018,3,85.04722933
Trust_E24,2018,3,86.65171
Mavuya_B3a,2018,3,105.1311567
Salpine_G22,2018,3,92.69982
Salpine_G33,2018,3,92.56238956
Salpine_F7,2018,3,92.48449333
Kwambo_F011A,2018,3,99.825194
Nseleni_J006,2018,3,100.5147287
Terranera_B38,2018,3,99.21215489
South_Areas_B35b,2018,3,102.818859
Kwambo_A017,2018,3,100.1491233
Teranera_C55,2018,3,102.4314503
Port_Durnford_B044,2018,3,104.5152353
Nyalazi_B032,2018,4,48.48349739
Palm_Ridge_C15a,2018,4,57.59347933
Futululu_E6a,2018,4,52.893382
Mtubatuba_B003,2018,4,58.59837133
Trust_D13,2018,4,58.11728933
Trust_E23,2018,4,64.082654
Trust_E24,2018,4,63.93309133
Mavuya_B3a,2018,4,64.772576
Salpine_G22,2018,4,65.06002733
Salpine_G33,2018,4,78.61269422
Salpine_F7,2018,4,67.141178
Kwambo_F011A,2018,4,91.11628133
Nseleni_J006,2018,4,72.80626
Terranera_B38,2018,4,91.02776689
South_Areas_B35b,2018,4,86.94336895
Kwambo_A017,2018,4,100.164384
Teranera_C55,2018,4,93.91379762
Port_Durnford_B044,2018,4,121.3101233
Nyalazi_B032,2018,5,164.5212014
Palm_Ridge_C15a,2018,5,169.4848027
Futululu_E6a,2018,5,180.229852
Mtubatuba_B003,2018,5,186.1044153
Trust_D13,2018,5,195.1240893
Trust_E23,2018,5,191.3216747
Trust_E24,2018,5,191.21377
Mavuya_B3a,2018,5,196.1271907
Salpine_G22,2018,5,194.0054147
Salpine_G33,2018,5,195.6090489
Salpine_F7,2018,5,204.8321027
Kwambo_F011A,2018,5,201.411598
Nseleni_J006,2018,5,228.2326993
Terranera_B38,2018,5,237.0025202
South_Areas_B35b,2018,5,233.5414423
Kwambo_A017,2018,5,231.9063013
Teranera_C55,2018,5,235.3650016
Port_Durnford_B044,2018,5,277.976694
Nyalazi_B032,2018,6,39.25989717
Palm_Ridge_C15a,2018,6,44.96997867
Futululu_E6a,2018,6,49.77880067
Mtubatuba_B003,2018,6,47.50883133
Trust_D13,2018,6,41.75191533
Trust_E23,2018,6,46.309126
Trust_E24,2018,6,45.86097867
Mavuya_B3a,2018,6,49.00605333
Salpine_G22,2018,6,54.79419133
Salpine_G33,2018,6,53.61007756
Salpine_F7,2018,6,52.17988933
Kwambo_F011A,2018,6,89.26516
Nseleni_J006,2018,6,39.21190133
Terranera_B38,2018,6,63.29917222
South_Areas_B35b,2018,6,66.73120562
Kwambo_A017,2018,6,76.19987267
Teranera_C55,2018,6,67.61476762
Port_Durnford_B044,2018,6,47.74239467
Nyalazi_B032,2018,7,6.948882505
Palm_Ridge_C15a,2018,7,4.924553333
Futululu_E6a,2018,7,5.969981333
Mtubatuba_B003,2018,7,5.44338
Trust_D13,2018,7,5.424790667
Trust_E23,2018,7,5.887910667
Trust_E24,2018,7,6.007555333
Mavuya_B3a,2018,7,6.309400667
Salpine_G22,2018,7,8.666832667
Salpine_G33,2018,7,10.04145356
Salpine_F7,2018,7,7.804016667
Kwambo_F011A,2018,7,43.320736
Nseleni_J006,2018,7,7.132741333
Terranera_B38,2018,7,20.63266689
South_Areas_B35b,2018,7,20.50507962
Kwambo_A017,2018,7,31.909456
Teranera_C55,2018,7,27.25420829
Port_Durnford_B044,2018,7,23.60166533
Nyalazi_B032,2018,8,29.04582317
Palm_Ridge_C15a,2018,8,52.36014333
Futululu_E6a,2018,8,45.939252
Mtubatuba_B003,2018,8,48.47681848
Trust_D13,2018,8,53.19675
Trust_E23,2018,8,54.40103
Trust_E24,2018,8,54.375174
Mavuya_B3a,2018,8,63.01089029
Salpine_G22,2018,8,60.933688
Salpine_G33,2018,8,62.30181156
Salpine_F7,2018,8,63.73355133
Kwambo_F011A,2018,8,71.05409667
Nseleni_J006,2018,8,57.42074133
Terranera_B38,2018,8,68.72481356
South_Areas_B35b,2018,8,69.14765467
Kwambo_A017,2018,8,76.31678333
Teranera_C55,2018,8,72.541548
Port_Durnford_B044,2018,8,75.22076267
Nyalazi_B032,2018,9,31.16495451
Palm_Ridge_C15a,2018,9,52.963132
Futululu_E6a,2018,9,42.61652333
Mtubatuba_B003,2018,9,43.84035181
Trust_D13,2018,9,48.57492467
Trust_E23,2018,9,48.90589933
Trust_E24,2018,9,47.47902467
Mavuya_B3a,2018,9,58.44543429
Salpine_G22,2018,9,51.07825333
Salpine_G33,2018,9,55.56187022
Salpine_F7,2018,9,53.49168867
Kwambo_F011A,2018,9,63.57397267
Nseleni_J006,2018,9,50.567188
Terranera_B38,2018,9,59.72542422
South_Areas_B35b,2018,9,59.15155467
Kwambo_A017,2018,9,71.07907733
Teranera_C55,2018,9,60.986386
Port_Durnford_B044,2018,9,71.79351933
