Compt_ID,year,month,srad
Nyalazi_B032,2008,1,19.69331115
Palm_Ridge_C15a,2008,1,20.65913232
Futululu_E6a,2008,1,19.43886625
Mtubatuba_B003,2008,1,19.25397586
Trust_D13,2008,1,20.2659087
Trust_E23,2008,1,19.47053748
Trust_E24,2008,1,19.28823723
Mavuya_B3a,2008,1,20.81532934
Salpine_G22,2008,1,20.82338387
Salpine_G33,2008,1,20.33393451
Salpine_F7,2008,1,20.54777073
Kwambo_F011A,2008,1,19.49551411
Nseleni_J006,2008,1,19.91545664
Terranera_B38,2008,1,19.82738921
South_Areas_B35b,2008,1,20.14048368
Kwambo_A017,2008,1,19.82561545
Teranera_C55,2008,1,20.06527591
Port_Durnford_B044,2008,1,19.55055967
Nyalazi_B032,2008,2,20.47573897
Palm_Ridge_C15a,2008,2,21.40353119
Futululu_E6a,2008,2,20.66634682
Mtubatuba_B003,2008,2,20.48320847
Trust_D13,2008,2,21.36379202
Trust_E23,2008,2,20.6533184
Trust_E24,2008,2,20.52064251
Mavuya_B3a,2008,2,21.51136032
Salpine_G22,2008,2,21.58496179
Salpine_G33,2008,2,21.1537624
Salpine_F7,2008,2,21.29384794
Kwambo_F011A,2008,2,20.65078287
Nseleni_J006,2008,2,21.08417243
Terranera_B38,2008,2,20.95235408
South_Areas_B35b,2008,2,21.21158067
Kwambo_A017,2008,2,20.82682581
Teranera_C55,2008,2,21.1468052
Port_Durnford_B044,2008,2,20.7649346
Nyalazi_B032,2008,3,18.78684922
Palm_Ridge_C15a,2008,3,19.62712621
Futululu_E6a,2008,3,18.00837202
Mtubatuba_B003,2008,3,17.86769756
Trust_D13,2008,3,19.15814348
Trust_E23,2008,3,18.11184949
Trust_E24,2008,3,18.04221791
Mavuya_B3a,2008,3,19.75515155
Salpine_G22,2008,3,19.28829812
Salpine_G33,2008,3,18.71725028
Salpine_F7,2008,3,19.57692392
Kwambo_F011A,2008,3,18.23677266
Nseleni_J006,2008,3,18.45630241
Terranera_B38,2008,3,18.45304661
South_Areas_B35b,2008,3,18.70750312
Kwambo_A017,2008,3,18.52000704
Teranera_C55,2008,3,18.66882324
Port_Durnford_B044,2008,3,18.22886664
Nyalazi_B032,2008,4,13.14615935
Palm_Ridge_C15a,2008,4,16.51315695
Futululu_E6a,2008,4,12.96991603
Mtubatuba_B003,2008,4,12.84277196
Trust_D13,2008,4,14.42870016
Trust_E23,2008,4,13.32342821
Trust_E24,2008,4,13.28809349
Mavuya_B3a,2008,4,16.54925642
Salpine_G22,2008,4,13.56190039
Salpine_G33,2008,4,13.4470075
Salpine_F7,2008,4,16.41819241
Kwambo_F011A,2008,4,13.63495657
Nseleni_J006,2008,4,14.18327466
Terranera_B38,2008,4,14.09719534
South_Areas_B35b,2008,4,14.15246275
Kwambo_A017,2008,4,13.43715918
Teranera_C55,2008,4,14.17767946
Port_Durnford_B044,2008,4,14.06578725
Nyalazi_B032,2008,5,12.24395616
Palm_Ridge_C15a,2008,5,15.26798212
Futululu_E6a,2008,5,12.08000113
Mtubatuba_B003,2008,5,12.03562244
Trust_D13,2008,5,12.71690057
Trust_E23,2008,5,12.29584926
Trust_E24,2008,5,12.23018706
Mavuya_B3a,2008,5,15.26082659
Salpine_G22,2008,5,12.37361926
Salpine_G33,2008,5,12.37438348
Salpine_F7,2008,5,15.14916788
Kwambo_F011A,2008,5,12.64067852
Nseleni_J006,2008,5,12.37138019
Terranera_B38,2008,5,12.44465429
South_Areas_B35b,2008,5,12.38996364
Kwambo_A017,2008,5,12.43276693
Teranera_C55,2008,5,12.46370642
Port_Durnford_B044,2008,5,12.53068338
Nyalazi_B032,2008,6,10.80309522
Palm_Ridge_C15a,2008,6,14.50749692
Futululu_E6a,2008,6,10.39806968
Mtubatuba_B003,2008,6,10.43176627
Trust_D13,2008,6,11.20389317
Trust_E23,2008,6,10.76505571
Trust_E24,2008,6,10.61813454
Mavuya_B3a,2008,6,14.48321674
Salpine_G22,2008,6,10.75116809
Salpine_G33,2008,6,10.87627682
Salpine_F7,2008,6,14.32508958
Kwambo_F011A,2008,6,11.07783603
Nseleni_J006,2008,6,10.55020627
Terranera_B38,2008,6,10.69231036
South_Areas_B35b,2008,6,10.65618554
Kwambo_A017,2008,6,10.79318825
Teranera_C55,2008,6,10.66875842
Port_Durnford_B044,2008,6,10.48829974
Nyalazi_B032,2008,7,11.17869817
Palm_Ridge_C15a,2008,7,15.01539169
Futululu_E6a,2008,7,11.46577564
Mtubatuba_B003,2008,7,11.44650723
Trust_D13,2008,7,12.48264215
Trust_E23,2008,7,12.05510194
Trust_E24,2008,7,11.92076145
Mavuya_B3a,2008,7,15.03703388
Salpine_G22,2008,7,11.9496068
Salpine_G33,2008,7,12.12924929
Salpine_F7,2008,7,14.65480093
Kwambo_F011A,2008,7,12.11260689
Nseleni_J006,2008,7,12.30347442
Terranera_B38,2008,7,12.28241843
South_Areas_B35b,2008,7,12.25170979
Kwambo_A017,2008,7,11.81506158
Teranera_C55,2008,7,12.31000359
Port_Durnford_B044,2008,7,12.1405727
Nyalazi_B032,2008,8,12.47692541
Palm_Ridge_C15a,2008,8,15.52219655
Futululu_E6a,2008,8,12.6908294
Mtubatuba_B003,2008,8,12.69753793
Trust_D13,2008,8,13.51508197
Trust_E23,2008,8,13.00219598
Trust_E24,2008,8,12.96472587
Mavuya_B3a,2008,8,15.5439791
Salpine_G22,2008,8,13.21886435
Salpine_G33,2008,8,13.09785795
Salpine_F7,2008,8,15.25936603
Kwambo_F011A,2008,8,13.20112118
Nseleni_J006,2008,8,13.12815937
Terranera_B38,2008,8,13.02942451
South_Areas_B35b,2008,8,13.18498445
Kwambo_A017,2008,8,12.70539751
Teranera_C55,2008,8,13.25166315
Port_Durnford_B044,2008,8,12.84752966
Nyalazi_B032,2008,9,16.35868123
Palm_Ridge_C15a,2008,9,17.66067476
Futululu_E6a,2008,9,15.52676783
Mtubatuba_B003,2008,9,15.578716
Trust_D13,2008,9,16.12778144
Trust_E23,2008,9,15.80571972
Trust_E24,2008,9,15.86987076
Mavuya_B3a,2008,9,17.84969518
Salpine_G22,2008,9,16.15667144
Salpine_G33,2008,9,16.128656
Salpine_F7,2008,9,17.00404805
Kwambo_F011A,2008,9,14.98539403
Nseleni_J006,2008,9,15.59581178
Terranera_B38,2008,9,15.6948651
South_Areas_B35b,2008,9,15.81752437
Kwambo_A017,2008,9,15.44016819
Teranera_C55,2008,9,15.88098952
Port_Durnford_B044,2008,9,15.3165774
Nyalazi_B032,2008,10,16.4570445
Palm_Ridge_C15a,2008,10,17.95764815
Futululu_E6a,2008,10,15.5349418
Mtubatuba_B003,2008,10,15.5783327
Trust_D13,2008,10,16.20139433
Trust_E23,2008,10,15.76128739
Trust_E24,2008,10,15.87909587
Mavuya_B3a,2008,10,18.20176364
Salpine_G22,2008,10,16.21237652
Salpine_G33,2008,10,16.11387036
Salpine_F7,2008,10,17.30271083
Kwambo_F011A,2008,10,14.79111472
Nseleni_J006,2008,10,15.55759351
Terranera_B38,2008,10,15.59100914
South_Areas_B35b,2008,10,15.77848261
Kwambo_A017,2008,10,15.28812281
Teranera_C55,2008,10,15.85051333
Port_Durnford_B044,2008,10,15.17619089
Nyalazi_B032,2008,11,16.57992823
Palm_Ridge_C15a,2008,11,18.06894247
Futululu_E6a,2008,11,15.69320728
Mtubatuba_B003,2008,11,15.70305349
Trust_D13,2008,11,16.27993407
Trust_E23,2008,11,15.84931565
Trust_E24,2008,11,15.98852237
Mavuya_B3a,2008,11,18.31824959
Salpine_G22,2008,11,16.29021426
Salpine_G33,2008,11,16.17235898
Salpine_F7,2008,11,17.46493869
Kwambo_F011A,2008,11,14.93141293
Nseleni_J006,2008,11,15.67390238
Terranera_B38,2008,11,15.71861286
South_Areas_B35b,2008,11,15.89111791
Kwambo_A017,2008,11,15.54145963
Teranera_C55,2008,11,15.96188799
Port_Durnford_B044,2008,11,15.52302321
Nyalazi_B032,2008,12,20.83097446
Palm_Ridge_C15a,2008,12,21.4832425
Futululu_E6a,2008,12,20.32988897
Mtubatuba_B003,2008,12,20.44512407
Trust_D13,2008,12,20.71767924
Trust_E23,2008,12,20.4147187
Trust_E24,2008,12,20.45319176
Mavuya_B3a,2008,12,21.60589228
Salpine_G22,2008,12,20.69347739
Salpine_G33,2008,12,20.38817267
Salpine_F7,2008,12,21.13294985
Kwambo_F011A,2008,12,19.53559892
Nseleni_J006,2008,12,19.94556868
Terranera_B38,2008,12,19.90140541
South_Areas_B35b,2008,12,20.04726397
Kwambo_A017,2008,12,19.98412331
Teranera_C55,2008,12,19.92596865
Port_Durnford_B044,2008,12,19.63694001
Nyalazi_B032,2009,1,19.11409321
Palm_Ridge_C15a,2009,1,20.204522
Futululu_E6a,2009,1,17.58422015
Mtubatuba_B003,2009,1,17.62067614
Trust_D13,2009,1,17.94310805
Trust_E23,2009,1,17.65460522
Trust_E24,2009,1,17.67665261
Mavuya_B3a,2009,1,20.4199053
Salpine_G22,2009,1,17.65750384
Salpine_G33,2009,1,17.78648123
Salpine_F7,2009,1,19.3507122
Kwambo_F011A,2009,1,17.60534885
Nseleni_J006,2009,1,17.52080863
Terranera_B38,2009,1,17.58254098
South_Areas_B35b,2009,1,17.65074314
Kwambo_A017,2009,1,17.47234659
Teranera_C55,2009,1,17.64205233
Port_Durnford_B044,2009,1,17.14784127
Nyalazi_B032,2009,2,19.18470979
Palm_Ridge_C15a,2009,2,20.16689324
Futululu_E6a,2009,2,17.67276528
Mtubatuba_B003,2009,2,17.69470002
Trust_D13,2009,2,17.99889302
Trust_E23,2009,2,17.74464364
Trust_E24,2009,2,17.7651587
Mavuya_B3a,2009,2,20.38245079
Salpine_G22,2009,2,17.77010271
Salpine_G33,2009,2,17.89846686
Salpine_F7,2009,2,19.34981519
Kwambo_F011A,2009,2,17.76782523
Nseleni_J006,2009,2,17.60902125
Terranera_B38,2009,2,17.7090636
South_Areas_B35b,2009,2,17.73096755
Kwambo_A017,2009,2,17.70602744
Teranera_C55,2009,2,17.72720598
Port_Durnford_B044,2009,2,17.43725666
Nyalazi_B032,2009,3,19.06877386
Palm_Ridge_C15a,2009,3,19.99438967
Futululu_E6a,2009,3,17.61674761
Mtubatuba_B003,2009,3,17.63991117
Trust_D13,2009,3,17.93900604
Trust_E23,2009,3,17.70409418
Trust_E24,2009,3,17.72139559
Mavuya_B3a,2009,3,20.18485661
Salpine_G22,2009,3,17.73841413
Salpine_G33,2009,3,17.91316943
Salpine_F7,2009,3,19.20753693
Kwambo_F011A,2009,3,17.78062943
Nseleni_J006,2009,3,17.56560417
Terranera_B38,2009,3,17.68820553
South_Areas_B35b,2009,3,17.69500549
Kwambo_A017,2009,3,17.67636019
Teranera_C55,2009,3,17.69209706
Port_Durnford_B044,2009,3,17.39168157
Nyalazi_B032,2009,4,15.7207
Palm_Ridge_C15a,2009,4,16.45958005
Futululu_E6a,2009,4,15.04636554
Mtubatuba_B003,2009,4,15.03481064
Trust_D13,2009,4,15.28310409
Trust_E23,2009,4,15.04619702
Trust_E24,2009,4,15.06192221
Mavuya_B3a,2009,4,16.50201968
Salpine_G22,2009,4,15.02534643
Salpine_G33,2009,4,14.98330669
Salpine_F7,2009,4,16.17707224
Kwambo_F011A,2009,4,15.08019128
Nseleni_J006,2009,4,14.95464835
Terranera_B38,2009,4,15.02150436
South_Areas_B35b,2009,4,15.05617044
Kwambo_A017,2009,4,14.97393915
Teranera_C55,2009,4,14.95328241
Port_Durnford_B044,2009,4,14.77449295
Nyalazi_B032,2009,5,12.88514531
Palm_Ridge_C15a,2009,5,14.64684686
Futululu_E6a,2009,5,11.83151704
Mtubatuba_B003,2009,5,11.85106205
Trust_D13,2009,5,12.23683574
Trust_E23,2009,5,11.86036032
Trust_E24,2009,5,11.88961809
Mavuya_B3a,2009,5,14.69780435
Salpine_G22,2009,5,11.87953215
Salpine_G33,2009,5,11.92455002
Salpine_F7,2009,5,13.9685188
Kwambo_F011A,2009,5,12.17858563
Nseleni_J006,2009,5,11.91783283
Terranera_B38,2009,5,11.96289148
South_Areas_B35b,2009,5,11.96606844
Kwambo_A017,2009,5,11.94824676
Teranera_C55,2009,5,11.99920196
Port_Durnford_B044,2009,5,11.83485331
Nyalazi_B032,2009,6,12.00002857
Palm_Ridge_C15a,2009,6,14.09050709
Futululu_E6a,2009,6,10.68114121
Mtubatuba_B003,2009,6,10.70960299
Trust_D13,2009,6,11.19614277
Trust_E23,2009,6,10.96062932
Trust_E24,2009,6,10.88809401
Mavuya_B3a,2009,6,14.1771099
Salpine_G22,2009,6,10.80465649
Salpine_G33,2009,6,11.01960879
Salpine_F7,2009,6,13.32227615
Kwambo_F011A,2009,6,11.62395293
Nseleni_J006,2009,6,10.79119282
Terranera_B38,2009,6,10.99605695
South_Areas_B35b,2009,6,10.8930925
Kwambo_A017,2009,6,11.00377211
Teranera_C55,2009,6,10.95255518
Port_Durnford_B044,2009,6,10.85154218
Nyalazi_B032,2009,7,12.99041983
Palm_Ridge_C15a,2009,7,14.48693734
Futululu_E6a,2009,7,11.99095757
Mtubatuba_B003,2009,7,12.01040962
Trust_D13,2009,7,12.46416479
Trust_E23,2009,7,12.17998778
Trust_E24,2009,7,12.15757909
Mavuya_B3a,2009,7,14.56577448
Salpine_G22,2009,7,12.06880048
Salpine_G33,2009,7,12.20599332
Salpine_F7,2009,7,13.7969828
Kwambo_F011A,2009,7,12.80683831
Nseleni_J006,2009,7,12.06404825
Terranera_B38,2009,7,12.23156613
South_Areas_B35b,2009,7,12.0914285
Kwambo_A017,2009,7,12.18102335
Teranera_C55,2009,7,12.11444148
Port_Durnford_B044,2009,7,12.08475798
Nyalazi_B032,2009,8,14.73964998
Palm_Ridge_C15a,2009,8,15.9619648
Futululu_E6a,2009,8,13.43878476
Mtubatuba_B003,2009,8,13.43998709
Trust_D13,2009,8,14.2681975
Trust_E23,2009,8,13.83440437
Trust_E24,2009,8,13.84226307
Mavuya_B3a,2009,8,16.12140369
Salpine_G22,2009,8,13.80691746
Salpine_G33,2009,8,14.02819088
Salpine_F7,2009,8,14.88501198
Kwambo_F011A,2009,8,14.42258632
Nseleni_J006,2009,8,13.991231
Terranera_B38,2009,8,14.20261212
South_Areas_B35b,2009,8,14.20015264
Kwambo_A017,2009,8,13.77039639
Teranera_C55,2009,8,14.21543098
Port_Durnford_B044,2009,8,13.7654287
Nyalazi_B032,2009,9,14.86782798
Palm_Ridge_C15a,2009,9,16.3685032
Futululu_E6a,2009,9,13.41445169
Mtubatuba_B003,2009,9,13.41457152
Trust_D13,2009,9,14.36539729
Trust_E23,2009,9,13.85844948
Trust_E24,2009,9,13.85524964
Mavuya_B3a,2009,9,16.56388799
Salpine_G22,2009,9,13.84184361
Salpine_G33,2009,9,14.07917469
Salpine_F7,2009,9,15.21264303
Kwambo_F011A,2009,9,14.39044536
Nseleni_J006,2009,9,14.00044494
Terranera_B38,2009,9,14.20817463
South_Areas_B35b,2009,9,14.2177202
Kwambo_A017,2009,9,13.73757649
Teranera_C55,2009,9,14.230529
Port_Durnford_B044,2009,9,13.70145779
Nyalazi_B032,2009,10,16.18252117
Palm_Ridge_C15a,2009,10,17.66956798
Futululu_E6a,2009,10,14.61635766
Mtubatuba_B003,2009,10,14.69932476
Trust_D13,2009,10,15.28146114
Trust_E23,2009,10,14.91017617
Trust_E24,2009,10,14.92624796
Mavuya_B3a,2009,10,17.87986415
Salpine_G22,2009,10,14.91821462
Salpine_G33,2009,10,14.97970421
Salpine_F7,2009,10,16.57858224
Kwambo_F011A,2009,10,15.17058916
Nseleni_J006,2009,10,14.98682455
Terranera_B38,2009,10,15.06510687
South_Areas_B35b,2009,10,15.04993192
Kwambo_A017,2009,10,14.74615383
Teranera_C55,2009,10,15.04646981
Port_Durnford_B044,2009,10,14.76222454
Nyalazi_B032,2009,11,18.17858982
Palm_Ridge_C15a,2009,11,19.17110315
Futululu_E6a,2009,11,16.10632123
Mtubatuba_B003,2009,11,16.18915065
Trust_D13,2009,11,16.84844236
Trust_E23,2009,11,16.25130166
Trust_E24,2009,11,16.25752473
Mavuya_B3a,2009,11,19.41166654
Salpine_G22,2009,11,16.32158147
Salpine_G33,2009,11,16.46912215
Salpine_F7,2009,11,18.34986871
Kwambo_F011A,2009,11,16.48929396
Nseleni_J006,2009,11,16.11889625
Terranera_B38,2009,11,16.34879792
South_Areas_B35b,2009,11,16.36445278
Kwambo_A017,2009,11,16.20505777
Teranera_C55,2009,11,16.38417812
Port_Durnford_B044,2009,11,15.90105978
Nyalazi_B032,2009,12,18.68879603
Palm_Ridge_C15a,2009,12,19.84156519
Futululu_E6a,2009,12,16.55036763
Mtubatuba_B003,2009,12,16.72346575
Trust_D13,2009,12,17.44588353
Trust_E23,2009,12,16.61812901
Trust_E24,2009,12,16.71472958
Mavuya_B3a,2009,12,20.01861029
Salpine_G22,2009,12,16.69537517
Salpine_G33,2009,12,16.83047199
Salpine_F7,2009,12,19.01471042
Kwambo_F011A,2009,12,16.61276413
Nseleni_J006,2009,12,16.40923096
Terranera_B38,2009,12,16.61297649
South_Areas_B35b,2009,12,16.66771918
Kwambo_A017,2009,12,16.32168719
Teranera_C55,2009,12,16.65489219
Port_Durnford_B044,2009,12,15.72167428
Nyalazi_B032,2010,1,19.0010896
Palm_Ridge_C15a,2010,1,19.04923862
Futululu_E6a,2010,1,17.31354954
Mtubatuba_B003,2010,1,17.49627856
Trust_D13,2010,1,17.44040938
Trust_E23,2010,1,17.71946335
Trust_E24,2010,1,17.65398624
Mavuya_B3a,2010,1,19.3122622
Salpine_G22,2010,1,18.20151984
Salpine_G33,2010,1,18.46529748
Salpine_F7,2010,1,18.38822918
Kwambo_F011A,2010,1,17.78531353
Nseleni_J006,2010,1,17.6436303
Terranera_B38,2010,1,17.54329243
South_Areas_B35b,2010,1,17.64538986
Kwambo_A017,2010,1,18.08096412
Teranera_C55,2010,1,17.77766372
Port_Durnford_B044,2010,1,17.02747475
Nyalazi_B032,2010,2,21.02490707
Palm_Ridge_C15a,2010,2,21.08536216
Futululu_E6a,2010,2,20.94550406
Mtubatuba_B003,2010,2,21.03576934
Trust_D13,2010,2,20.91259832
Trust_E23,2010,2,21.11257728
Trust_E24,2010,2,21.05641543
Mavuya_B3a,2010,2,21.14940567
Salpine_G22,2010,2,20.99902832
Salpine_G33,2010,2,21.30614194
Salpine_F7,2010,2,21.13674223
Kwambo_F011A,2010,2,21.52508703
Nseleni_J006,2010,2,21.01047011
Terranera_B38,2010,2,21.19263841
South_Areas_B35b,2010,2,21.04430636
Kwambo_A017,2010,2,21.3059347
Teranera_C55,2010,2,21.06901248
Port_Durnford_B044,2010,2,21.1148137
Nyalazi_B032,2010,3,18.22147861
Palm_Ridge_C15a,2010,3,18.23173361
Futululu_E6a,2010,3,16.98458537
Mtubatuba_B003,2010,3,16.92727362
Trust_D13,2010,3,17.26695823
Trust_E23,2010,3,17.11493937
Trust_E24,2010,3,16.98629728
Mavuya_B3a,2010,3,18.26471487
Salpine_G22,2010,3,17.14812684
Salpine_G33,2010,3,17.40665277
Salpine_F7,2010,3,17.71041128
Kwambo_F011A,2010,3,17.60509879
Nseleni_J006,2010,3,16.90678251
Terranera_B38,2010,3,17.23870833
South_Areas_B35b,2010,3,17.16900018
Kwambo_A017,2010,3,17.40264144
Teranera_C55,2010,3,17.09620303
Port_Durnford_B044,2010,3,17.16950501
Nyalazi_B032,2010,4,14.4312817
Palm_Ridge_C15a,2010,4,14.71622684
Futululu_E6a,2010,4,13.57346833
Mtubatuba_B003,2010,4,13.58950712
Trust_D13,2010,4,13.63686348
Trust_E23,2010,4,13.65425759
Trust_E24,2010,4,13.55566033
Mavuya_B3a,2010,4,14.81407476
Salpine_G22,2010,4,13.90087513
Salpine_G33,2010,4,14.10608869
Salpine_F7,2010,4,14.58365493
Kwambo_F011A,2010,4,14.37749215
Nseleni_J006,2010,4,13.65956068
Terranera_B38,2010,4,14.13561493
South_Areas_B35b,2010,4,13.93124724
Kwambo_A017,2010,4,14.71154967
Teranera_C55,2010,4,13.94065831
Port_Durnford_B044,2010,4,14.61408897
Nyalazi_B032,2010,5,13.39036137
Palm_Ridge_C15a,2010,5,13.6352839
Futululu_E6a,2010,5,12.24777773
Mtubatuba_B003,2010,5,12.32842253
Trust_D13,2010,5,12.55440599
Trust_E23,2010,5,12.46382936
Trust_E24,2010,5,12.47329454
Mavuya_B3a,2010,5,13.73925924
Salpine_G22,2010,5,12.42804785
Salpine_G33,2010,5,12.58313907
Salpine_F7,2010,5,12.70524139
Kwambo_F011A,2010,5,13.184507
Nseleni_J006,2010,5,12.27371234
Terranera_B38,2010,5,12.72042874
South_Areas_B35b,2010,5,12.48030801
Kwambo_A017,2010,5,12.71450606
Teranera_C55,2010,5,12.49983908
Port_Durnford_B044,2010,5,12.72589571
Nyalazi_B032,2010,6,12.87246047
Palm_Ridge_C15a,2010,6,13.30080483
Futululu_E6a,2010,6,11.37577059
Mtubatuba_B003,2010,6,11.44677431
Trust_D13,2010,6,11.87224205
Trust_E23,2010,6,11.76377717
Trust_E24,2010,6,11.73586845
Mavuya_B3a,2010,6,13.42110831
Salpine_G22,2010,6,12.03316741
Salpine_G33,2010,6,12.08402419
Salpine_F7,2010,6,11.72598566
Kwambo_F011A,2010,6,12.14564712
Nseleni_J006,2010,6,11.69890456
Terranera_B38,2010,6,11.82898742
South_Areas_B35b,2010,6,11.83210375
Kwambo_A017,2010,6,11.5435364
Teranera_C55,2010,6,11.8720068
Port_Durnford_B044,2010,6,11.3517581
Nyalazi_B032,2010,7,13.0717165
Palm_Ridge_C15a,2010,7,13.41371236
Futululu_E6a,2010,7,11.68618937
Mtubatuba_B003,2010,7,11.74204185
Trust_D13,2010,7,12.0769434
Trust_E23,2010,7,11.98964582
Trust_E24,2010,7,11.94681283
Mavuya_B3a,2010,7,13.52760318
Salpine_G22,2010,7,12.23442569
Salpine_G33,2010,7,12.2956627
Salpine_F7,2010,7,11.97365209
Kwambo_F011A,2010,7,12.35749649
Nseleni_J006,2010,7,11.94931816
Terranera_B38,2010,7,12.07068172
South_Areas_B35b,2010,7,12.06128926
Kwambo_A017,2010,7,11.81329458
Teranera_C55,2010,7,12.09430826
Port_Durnford_B044,2010,7,11.65467056
Nyalazi_B032,2010,8,14.47326791
Palm_Ridge_C15a,2010,8,14.67893311
Futululu_E6a,2010,8,13.72050834
Mtubatuba_B003,2010,8,13.69583081
Trust_D13,2010,8,14.04832187
Trust_E23,2010,8,14.20753688
Trust_E24,2010,8,13.92075915
Mavuya_B3a,2010,8,14.79540924
Salpine_G22,2010,8,13.92004969
Salpine_G33,2010,8,14.33332532
Salpine_F7,2010,8,14.04854438
Kwambo_F011A,2010,8,14.44366731
Nseleni_J006,2010,8,13.9227452
Terranera_B38,2010,8,14.33979035
South_Areas_B35b,2010,8,13.98399489
Kwambo_A017,2010,8,14.31167476
Teranera_C55,2010,8,13.96709079
Port_Durnford_B044,2010,8,14.01641959
Nyalazi_B032,2010,9,17.74535036
Palm_Ridge_C15a,2010,9,17.90517495
Futululu_E6a,2010,9,15.31761759
Mtubatuba_B003,2010,9,15.33902076
Trust_D13,2010,9,16.06712685
Trust_E23,2010,9,15.55435525
Trust_E24,2010,9,15.59056073
Mavuya_B3a,2010,9,18.05672489
Salpine_G22,2010,9,16.00907323
Salpine_G33,2010,9,15.96908427
Salpine_F7,2010,9,16.41174635
Kwambo_F011A,2010,9,15.65586246
Nseleni_J006,2010,9,15.72138349
Terranera_B38,2010,9,15.8331091
South_Areas_B35b,2010,9,15.98682702
Kwambo_A017,2010,9,15.54099913
Teranera_C55,2010,9,16.00588007
Port_Durnford_B044,2010,9,15.62043726
Nyalazi_B032,2010,10,18.00898823
Palm_Ridge_C15a,2010,10,18.16740469
Futululu_E6a,2010,10,15.48294974
Mtubatuba_B003,2010,10,15.50135385
Trust_D13,2010,10,16.28062811
Trust_E23,2010,10,15.68076357
Trust_E24,2010,10,15.73456838
Mavuya_B3a,2010,10,18.3332521
Salpine_G22,2010,10,16.208241
Salpine_G33,2010,10,16.10731905
Salpine_F7,2010,10,16.67265469
Kwambo_F011A,2010,10,15.83991473
Nseleni_J006,2010,10,15.84863158
Terranera_B38,2010,10,15.95780712
South_Areas_B35b,2010,10,16.13857576
Kwambo_A017,2010,10,15.77772248
Teranera_C55,2010,10,16.19438538
Port_Durnford_B044,2010,10,15.83418439
Nyalazi_B032,2010,11,19.25724694
Palm_Ridge_C15a,2010,11,19.35132917
Futululu_E6a,2010,11,17.3400129
Mtubatuba_B003,2010,11,17.41653615
Trust_D13,2010,11,17.95507803
Trust_E23,2010,11,17.49324365
Trust_E24,2010,11,17.55644051
Mavuya_B3a,2010,11,19.48567117
Salpine_G22,2010,11,17.86522441
Salpine_G33,2010,11,17.62102916
Salpine_F7,2010,11,18.00625842
Kwambo_F011A,2010,11,17.28478311
Nseleni_J006,2010,11,17.55753775
Terranera_B38,2010,11,17.4991812
South_Areas_B35b,2010,11,17.68784369
Kwambo_A017,2010,11,17.32583386
Teranera_C55,2010,11,17.67183344
Port_Durnford_B044,2010,11,17.30170382
Nyalazi_B032,2010,12,19.21168937
Palm_Ridge_C15a,2010,12,19.26108406
Futululu_E6a,2010,12,17.03621924
Mtubatuba_B003,2010,12,17.03842428
Trust_D13,2010,12,17.78770459
Trust_E23,2010,12,16.93127115
Trust_E24,2010,12,17.06189741
Mavuya_B3a,2010,12,19.41614003
Salpine_G22,2010,12,17.64273235
Salpine_G33,2010,12,17.16236823
Salpine_F7,2010,12,17.95824196
Kwambo_F011A,2010,12,16.85736556
Nseleni_J006,2010,12,17.07184902
Terranera_B38,2010,12,17.00517338
South_Areas_B35b,2010,12,17.36112575
Kwambo_A017,2010,12,16.97469767
Teranera_C55,2010,12,17.35064095
Port_Durnford_B044,2010,12,16.93008027
Nyalazi_B032,2011,1,20.36552686
Palm_Ridge_C15a,2011,1,19.65431332
Futululu_E6a,2011,1,18.98704331
Mtubatuba_B003,2011,1,19.01492468
Trust_D13,2011,1,19.31444003
Trust_E23,2011,1,18.52515363
Trust_E24,2011,1,18.9438679
Mavuya_B3a,2011,1,19.91488294
Salpine_G22,2011,1,19.3568332
Salpine_G33,2011,1,18.65670998
Salpine_F7,2011,1,19.79234723
Kwambo_F011A,2011,1,17.87660251
Nseleni_J006,2011,1,17.97001292
Terranera_B38,2011,1,18.06361278
South_Areas_B35b,2011,1,18.05010812
Kwambo_A017,2011,1,18.95360531
Teranera_C55,2011,1,18.18777375
Port_Durnford_B044,2011,1,18.56379273
Nyalazi_B032,2011,2,22.59279812
Palm_Ridge_C15a,2011,2,22.03892584
Futululu_E6a,2011,2,22.50561273
Mtubatuba_B003,2011,2,22.54089203
Trust_D13,2011,2,22.46639203
Trust_E23,2011,2,21.97790339
Trust_E24,2011,2,22.33973092
Mavuya_B3a,2011,2,22.16720843
Salpine_G22,2011,2,22.46456666
Salpine_G33,2011,2,21.86820749
Salpine_F7,2011,2,22.43882979
Kwambo_F011A,2011,2,22.33895807
Nseleni_J006,2011,2,22.05526705
Terranera_B38,2011,2,21.9842966
South_Areas_B35b,2011,2,22.03914955
Kwambo_A017,2011,2,22.51726394
Teranera_C55,2011,2,22.07838345
Port_Durnford_B044,2011,2,22.33959879
Nyalazi_B032,2011,3,20.35087476
Palm_Ridge_C15a,2011,3,20.24168523
Futululu_E6a,2011,3,20.0488072
Mtubatuba_B003,2011,3,20.15697858
Trust_D13,2011,3,20.13930677
Trust_E23,2011,3,20.10216913
Trust_E24,2011,3,20.1522429
Mavuya_B3a,2011,3,20.33786701
Salpine_G22,2011,3,20.11263446
Salpine_G33,2011,3,19.98927679
Salpine_F7,2011,3,20.27650461
Kwambo_F011A,2011,3,20.16407372
Nseleni_J006,2011,3,19.93017194
Terranera_B38,2011,3,19.99095771
South_Areas_B35b,2011,3,19.85717997
Kwambo_A017,2011,3,20.15687601
Teranera_C55,2011,3,19.9021075
Port_Durnford_B044,2011,3,19.75659738
Nyalazi_B032,2011,4,14.52194513
Palm_Ridge_C15a,2011,4,15.55226881
Futululu_E6a,2011,4,13.54132757
Mtubatuba_B003,2011,4,13.63405087
Trust_D13,2011,4,14.01142101
Trust_E23,2011,4,13.46556805
Trust_E24,2011,4,13.50507935
Mavuya_B3a,2011,4,15.63808348
Salpine_G22,2011,4,13.84287606
Salpine_G33,2011,4,13.5976739
Salpine_F7,2011,4,15.06053026
Kwambo_F011A,2011,4,13.59278112
Nseleni_J006,2011,4,13.53050261
Terranera_B38,2011,4,13.52442414
South_Areas_B35b,2011,4,13.73145828
Kwambo_A017,2011,4,13.50957015
Teranera_C55,2011,4,13.73638451
Port_Durnford_B044,2011,4,13.30549665
Nyalazi_B032,2011,5,12.80914599
Palm_Ridge_C15a,2011,5,13.51004667
Futululu_E6a,2011,5,11.79247574
Mtubatuba_B003,2011,5,11.75647091
Trust_D13,2011,5,12.07885897
Trust_E23,2011,5,11.72629447
Trust_E24,2011,5,11.78890467
Mavuya_B3a,2011,5,13.61129984
Salpine_G22,2011,5,11.8983731
Salpine_G33,2011,5,11.85802014
Salpine_F7,2011,5,12.61258469
Kwambo_F011A,2011,5,12.00476027
Nseleni_J006,2011,5,11.78130367
Terranera_B38,2011,5,11.86778852
South_Areas_B35b,2011,5,11.90220173
Kwambo_A017,2011,5,11.95952739
Teranera_C55,2011,5,11.91180016
Port_Durnford_B044,2011,5,11.83914671
Nyalazi_B032,2011,6,11.78218497
Palm_Ridge_C15a,2011,6,12.93485817
Futululu_E6a,2011,6,10.68742174
Mtubatuba_B003,2011,6,10.66645804
Trust_D13,2011,6,11.06124312
Trust_E23,2011,6,10.61302072
Trust_E24,2011,6,10.70735761
Mavuya_B3a,2011,6,13.01293613
Salpine_G22,2011,6,10.62120482
Salpine_G33,2011,6,10.58449615
Salpine_F7,2011,6,11.63887503
Kwambo_F011A,2011,6,11.07031619
Nseleni_J006,2011,6,10.69609144
Terranera_B38,2011,6,10.82576224
South_Areas_B35b,2011,6,10.79346994
Kwambo_A017,2011,6,10.86471887
Teranera_C55,2011,6,10.83732568
Port_Durnford_B044,2011,6,10.83503011
Nyalazi_B032,2011,7,11.51345365
Palm_Ridge_C15a,2011,7,12.78225382
Futululu_E6a,2011,7,10.37398071
Mtubatuba_B003,2011,7,10.33648667
Trust_D13,2011,7,10.81865202
Trust_E23,2011,7,10.33019121
Trust_E24,2011,7,10.39977078
Mavuya_B3a,2011,7,12.85711983
Salpine_G22,2011,7,10.26460257
Salpine_G33,2011,7,10.21312937
Salpine_F7,2011,7,11.37731071
Kwambo_F011A,2011,7,10.77371534
Nseleni_J006,2011,7,10.37771641
Terranera_B38,2011,7,10.49953224
South_Areas_B35b,2011,7,10.43904914
Kwambo_A017,2011,7,10.58184511
Teranera_C55,2011,7,10.484007
Port_Durnford_B044,2011,7,10.51505902
Nyalazi_B032,2011,8,13.6419529
Palm_Ridge_C15a,2011,8,13.95654707
Futululu_E6a,2011,8,13.36501931
Mtubatuba_B003,2011,8,13.37046155
Trust_D13,2011,8,13.48916653
Trust_E23,2011,8,13.51195259
Trust_E24,2011,8,13.4537597
Mavuya_B3a,2011,8,14.01145904
Salpine_G22,2011,8,13.33768964
Salpine_G33,2011,8,13.53357441
Salpine_F7,2011,8,13.60789291
Kwambo_F011A,2011,8,13.67458851
Nseleni_J006,2011,8,13.42793313
Terranera_B38,2011,8,13.7261941
South_Areas_B35b,2011,8,13.41586243
Kwambo_A017,2011,8,13.87306375
Teranera_C55,2011,8,13.40430921
Port_Durnford_B044,2011,8,13.71997627
Nyalazi_B032,2011,9,17.50261399
Palm_Ridge_C15a,2011,9,17.45596621
Futululu_E6a,2011,9,15.1491493
Mtubatuba_B003,2011,9,15.1845064
Trust_D13,2011,9,15.50825935
Trust_E23,2011,9,15.23896221
Trust_E24,2011,9,15.21675432
Mavuya_B3a,2011,9,17.58759574
Salpine_G22,2011,9,15.45424038
Salpine_G33,2011,9,15.4979823
Salpine_F7,2011,9,15.53221051
Kwambo_F011A,2011,9,15.97138905
Nseleni_J006,2011,9,15.42703747
Terranera_B38,2011,9,15.4839155
South_Areas_B35b,2011,9,15.46901977
Kwambo_A017,2011,9,15.39672048
Teranera_C55,2011,9,15.50528715
Port_Durnford_B044,2011,9,15.33446402
Nyalazi_B032,2011,10,18.26513739
Palm_Ridge_C15a,2011,10,18.15120491
Futululu_E6a,2011,10,15.98849208
Mtubatuba_B003,2011,10,16.12351889
Trust_D13,2011,10,16.44915227
Trust_E23,2011,10,15.89655893
Trust_E24,2011,10,15.90778282
Mavuya_B3a,2011,10,18.28922655
Salpine_G22,2011,10,16.32235976
Salpine_G33,2011,10,16.0962824
Salpine_F7,2011,10,16.44886977
Kwambo_F011A,2011,10,16.63478778
Nseleni_J006,2011,10,16.15863992
Terranera_B38,2011,10,16.11570648
South_Areas_B35b,2011,10,16.28358126
Kwambo_A017,2011,10,16.19793611
Teranera_C55,2011,10,16.31905849
Port_Durnford_B044,2011,10,15.95491713
Nyalazi_B032,2011,11,18.40791835
Palm_Ridge_C15a,2011,11,18.20826112
Futululu_E6a,2011,11,16.08503689
Mtubatuba_B003,2011,11,16.23895278
Trust_D13,2011,11,16.50478723
Trust_E23,2011,11,16.0265232
Trust_E24,2011,11,16.0441531
Mavuya_B3a,2011,11,18.34986451
Salpine_G22,2011,11,16.40259779
Salpine_G33,2011,11,16.21764795
Salpine_F7,2011,11,16.5415623
Kwambo_F011A,2011,11,16.74377903
Nseleni_J006,2011,11,16.20959913
Terranera_B38,2011,11,16.20694098
South_Areas_B35b,2011,11,16.32288791
Kwambo_A017,2011,11,16.32333861
Teranera_C55,2011,11,16.37797221
Port_Durnford_B044,2011,11,16.00157813
Nyalazi_B032,2011,12,20.17465098
Palm_Ridge_C15a,2011,12,20.06252308
Futululu_E6a,2011,12,19.9242409
Mtubatuba_B003,2011,12,19.91253666
Trust_D13,2011,12,20.03703577
Trust_E23,2011,12,19.93635789
Trust_E24,2011,12,19.89551096
Mavuya_B3a,2011,12,20.15126032
Salpine_G22,2011,12,20.09806492
Salpine_G33,2011,12,20.01800803
Salpine_F7,2011,12,19.55733515
Kwambo_F011A,2011,12,20.62477289
Nseleni_J006,2011,12,20.18996247
Terranera_B38,2011,12,20.1437872
South_Areas_B35b,2011,12,20.22380086
Kwambo_A017,2011,12,20.01611962
Teranera_C55,2011,12,20.22913803
Port_Durnford_B044,2011,12,19.95253528
Nyalazi_B032,2012,1,22.57735722
Palm_Ridge_C15a,2012,1,22.42248723
Futululu_E6a,2012,1,22.54668183
Mtubatuba_B003,2012,1,22.54356068
Trust_D13,2012,1,22.48452334
Trust_E23,2012,1,22.24456301
Trust_E24,2012,1,22.41981948
Mavuya_B3a,2012,1,22.74738912
Salpine_G22,2012,1,22.9722597
Salpine_G33,2012,1,22.80017402
Salpine_F7,2012,1,23.10811998
Kwambo_F011A,2012,1,22.75928571
Nseleni_J006,2012,1,22.7278386
Terranera_B38,2012,1,22.92877521
South_Areas_B35b,2012,1,22.95401314
Kwambo_A017,2012,1,23.14971892
Teranera_C55,2012,1,22.99229232
Port_Durnford_B044,2012,1,23.18054791
Nyalazi_B032,2012,2,20.79064602
Palm_Ridge_C15a,2012,2,20.34502265
Futululu_E6a,2012,2,20.06212524
Mtubatuba_B003,2012,2,20.13448507
Trust_D13,2012,2,20.19125139
Trust_E23,2012,2,19.98110189
Trust_E24,2012,2,20.0146621
Mavuya_B3a,2012,2,20.64640299
Salpine_G22,2012,2,20.48347531
Salpine_G33,2012,2,20.52290802
Salpine_F7,2012,2,20.65696221
Kwambo_F011A,2012,2,20.58332435
Nseleni_J006,2012,2,20.03954502
Terranera_B38,2012,2,20.23624887
South_Areas_B35b,2012,2,20.29668838
Kwambo_A017,2012,2,20.43390617
Teranera_C55,2012,2,20.34980657
Port_Durnford_B044,2012,2,20.11004911
Nyalazi_B032,2012,3,19.47695555
Palm_Ridge_C15a,2012,3,19.23663936
Futululu_E6a,2012,3,18.69233609
Mtubatuba_B003,2012,3,18.78024002
Trust_D13,2012,3,18.69295532
Trust_E23,2012,3,18.79931883
Trust_E24,2012,3,18.82825174
Mavuya_B3a,2012,3,19.35469812
Salpine_G22,2012,3,18.89788407
Salpine_G33,2012,3,18.91721624
Salpine_F7,2012,3,18.91478193
Kwambo_F011A,2012,3,18.68161082
Nseleni_J006,2012,3,18.59815951
Terranera_B38,2012,3,18.61344169
South_Areas_B35b,2012,3,18.5853578
Kwambo_A017,2012,3,18.65269003
Teranera_C55,2012,3,18.67731702
Port_Durnford_B044,2012,3,18.3668356
Nyalazi_B032,2012,4,15.42326271
Palm_Ridge_C15a,2012,4,15.44095326
Futululu_E6a,2012,4,14.6146496
Mtubatuba_B003,2012,4,14.64426195
Trust_D13,2012,4,15.24742907
Trust_E23,2012,4,14.89904514
Trust_E24,2012,4,14.91969118
Mavuya_B3a,2012,4,15.9871724
Salpine_G22,2012,4,15.4169947
Salpine_G33,2012,4,15.41999031
Salpine_F7,2012,4,15.43938755
Kwambo_F011A,2012,4,15.72830565
Nseleni_J006,2012,4,15.35803421
Terranera_B38,2012,4,15.68012686
South_Areas_B35b,2012,4,15.59342515
Kwambo_A017,2012,4,15.44812452
Teranera_C55,2012,4,15.48370168
Port_Durnford_B044,2012,4,15.43441332
Nyalazi_B032,2012,5,12.91932936
Palm_Ridge_C15a,2012,5,13.07906994
Futululu_E6a,2012,5,11.69224848
Mtubatuba_B003,2012,5,11.71698436
Trust_D13,2012,5,12.39458115
Trust_E23,2012,5,12.07542595
Trust_E24,2012,5,12.07909492
Mavuya_B3a,2012,5,13.72618421
Salpine_G22,2012,5,12.79125091
Salpine_G33,2012,5,12.86852098
Salpine_F7,2012,5,12.75029122
Kwambo_F011A,2012,5,12.89046851
Nseleni_J006,2012,5,12.41053996
Terranera_B38,2012,5,12.74553681
South_Areas_B35b,2012,5,12.81600094
Kwambo_A017,2012,5,12.43761608
Teranera_C55,2012,5,12.87123045
Port_Durnford_B044,2012,5,12.37054473
Nyalazi_B032,2012,6,12.17462169
Palm_Ridge_C15a,2012,6,12.32283799
Futululu_E6a,2012,6,10.70101594
Mtubatuba_B003,2012,6,10.74717843
Trust_D13,2012,6,11.59434518
Trust_E23,2012,6,11.10059077
Trust_E24,2012,6,11.08091166
Mavuya_B3a,2012,6,13.07408099
Salpine_G22,2012,6,12.04737109
Salpine_G33,2012,6,12.14034475
Salpine_F7,2012,6,12.02220812
Kwambo_F011A,2012,6,12.17075558
Nseleni_J006,2012,6,11.60026601
Terranera_B38,2012,6,12.01991494
South_Areas_B35b,2012,6,12.15645217
Kwambo_A017,2012,6,11.63664595
Teranera_C55,2012,6,12.21938681
Port_Durnford_B044,2012,6,11.62682816
Nyalazi_B032,2012,7,12.42652282
Palm_Ridge_C15a,2012,7,12.55326684
Futululu_E6a,2012,7,11.10838348
Mtubatuba_B003,2012,7,11.13305468
Trust_D13,2012,7,11.86756075
Trust_E23,2012,7,11.48424032
Trust_E24,2012,7,11.45925646
Mavuya_B3a,2012,7,13.27882347
Salpine_G22,2012,7,12.32494743
Salpine_G33,2012,7,12.40777464
Salpine_F7,2012,7,12.31027128
Kwambo_F011A,2012,7,12.51674501
Nseleni_J006,2012,7,11.95953286
Terranera_B38,2012,7,12.33674684
South_Areas_B35b,2012,7,12.44531164
Kwambo_A017,2012,7,12.00502485
Teranera_C55,2012,7,12.49898675
Port_Durnford_B044,2012,7,12.01428659
Nyalazi_B032,2012,8,13.10211134
Palm_Ridge_C15a,2012,8,13.28983851
Futululu_E6a,2012,8,12.13707303
Mtubatuba_B003,2012,8,12.23872134
Trust_D13,2012,8,12.65327971
Trust_E23,2012,8,12.50841336
Trust_E24,2012,8,12.48102022
Mavuya_B3a,2012,8,13.83916984
Salpine_G22,2012,8,13.08906282
Salpine_G33,2012,8,13.18089784
Salpine_F7,2012,8,12.88256415
Kwambo_F011A,2012,8,13.09939526
Nseleni_J006,2012,8,12.89985193
Terranera_B38,2012,8,13.05930396
South_Areas_B35b,2012,8,13.14469394
Kwambo_A017,2012,8,12.68768489
Teranera_C55,2012,8,13.20755608
Port_Durnford_B044,2012,8,12.65310427
Nyalazi_B032,2012,9,13.93688971
Palm_Ridge_C15a,2012,9,14.10137824
Futululu_E6a,2012,9,13.25989069
Mtubatuba_B003,2012,9,13.33820065
Trust_D13,2012,9,13.89244331
Trust_E23,2012,9,13.64098506
Trust_E24,2012,9,13.50893555
Mavuya_B3a,2012,9,14.44025911
Salpine_G22,2012,9,13.95602359
Salpine_G33,2012,9,13.91088455
Salpine_F7,2012,9,13.94533723
Kwambo_F011A,2012,9,14.35210746
Nseleni_J006,2012,9,13.84124177
Terranera_B38,2012,9,13.93729867
South_Areas_B35b,2012,9,14.00352159
Kwambo_A017,2012,9,13.86139636
Teranera_C55,2012,9,14.03266372
Port_Durnford_B044,2012,9,13.77574703
Nyalazi_B032,2012,10,14.10185625
Palm_Ridge_C15a,2012,10,14.30292539
Futululu_E6a,2012,10,13.39003387
Mtubatuba_B003,2012,10,13.45448736
Trust_D13,2012,10,14.16479291
Trust_E23,2012,10,13.76556453
Trust_E24,2012,10,13.63864227
Mavuya_B3a,2012,10,14.68293204
Salpine_G22,2012,10,14.21798238
Salpine_G33,2012,10,14.08355861
Salpine_F7,2012,10,14.29862929
Kwambo_F011A,2012,10,14.77309005
Nseleni_J006,2012,10,13.99055304
Terranera_B38,2012,10,14.15974935
South_Areas_B35b,2012,10,14.25739598
Kwambo_A017,2012,10,14.18767016
Teranera_C55,2012,10,14.29752544
Port_Durnford_B044,2012,10,14.15561896
Nyalazi_B032,2012,11,15.83664696
Palm_Ridge_C15a,2012,11,16.15475665
Futululu_E6a,2012,11,15.4442713
Mtubatuba_B003,2012,11,15.54810503
Trust_D13,2012,11,15.83023178
Trust_E23,2012,11,15.7430288
Trust_E24,2012,11,15.67604602
Mavuya_B3a,2012,11,16.46799284
Salpine_G22,2012,11,16.07997006
Salpine_G33,2012,11,16.06071794
Salpine_F7,2012,11,16.05465841
Kwambo_F011A,2012,11,16.22835107
Nseleni_J006,2012,11,15.97460236
Terranera_B38,2012,11,15.95328698
South_Areas_B35b,2012,11,16.00758856
Kwambo_A017,2012,11,15.78196441
Teranera_C55,2012,11,16.05568868
Port_Durnford_B044,2012,11,15.72563231
Nyalazi_B032,2012,12,20.12144225
Palm_Ridge_C15a,2012,12,20.37390019
Futululu_E6a,2012,12,20.35730479
Mtubatuba_B003,2012,12,20.39617778
Trust_D13,2012,12,20.59301423
Trust_E23,2012,12,20.53872897
Trust_E24,2012,12,20.54103375
Mavuya_B3a,2012,12,20.41728966
Salpine_G22,2012,12,20.43574817
Salpine_G33,2012,12,20.41817349
Salpine_F7,2012,12,20.49973605
Kwambo_F011A,2012,12,20.89388325
Nseleni_J006,2012,12,20.47892089
Terranera_B38,2012,12,20.61718377
South_Areas_B35b,2012,12,20.58027338
Kwambo_A017,2012,12,20.72996025
Teranera_C55,2012,12,20.61737038
Port_Durnford_B044,2012,12,20.7877807
Nyalazi_B032,2013,1,18.99246175
Palm_Ridge_C15a,2013,1,19.02223588
Futululu_E6a,2013,1,18.80288418
Mtubatuba_B003,2013,1,18.78341969
Trust_D13,2013,1,18.95969993
Trust_E23,2013,1,18.76028558
Trust_E24,2013,1,18.72820761
Mavuya_B3a,2013,1,19.08351319
Salpine_G22,2013,1,19.03151734
Salpine_G33,2013,1,19.12440156
Salpine_F7,2013,1,18.99956691
Kwambo_F011A,2013,1,18.71005181
Nseleni_J006,2013,1,18.82522446
Terranera_B38,2013,1,18.88735878
South_Areas_B35b,2013,1,19.07165078
Kwambo_A017,2013,1,18.68926802
Teranera_C55,2013,1,19.09005892
Port_Durnford_B044,2013,1,18.26642891
Nyalazi_B032,2013,2,20.40143662
Palm_Ridge_C15a,2013,2,20.44506383
Futululu_E6a,2013,2,20.28276922
Mtubatuba_B003,2013,2,20.26018094
Trust_D13,2013,2,20.49384337
Trust_E23,2013,2,20.23508451
Trust_E24,2013,2,20.22838381
Mavuya_B3a,2013,2,20.55342246
Salpine_G22,2013,2,20.51158303
Salpine_G33,2013,2,20.44390436
Salpine_F7,2013,2,20.40638401
Kwambo_F011A,2013,2,20.09335856
Nseleni_J006,2013,2,20.38283973
Terranera_B38,2013,2,20.28542309
South_Areas_B35b,2013,2,20.53408705
Kwambo_A017,2013,2,20.17687539
Teranera_C55,2013,2,20.5261535
Port_Durnford_B044,2013,2,19.78579938
Nyalazi_B032,2013,3,16.99738764
Palm_Ridge_C15a,2013,3,17.14867172
Futululu_E6a,2013,3,16.7879405
Mtubatuba_B003,2013,3,16.95554158
Trust_D13,2013,3,17.160446
Trust_E23,2013,3,17.16844009
Trust_E24,2013,3,16.99839669
Mavuya_B3a,2013,3,17.26860825
Salpine_G22,2013,3,17.19638785
Salpine_G33,2013,3,17.58458457
Salpine_F7,2013,3,17.0924344
Kwambo_F011A,2013,3,17.605744
Nseleni_J006,2013,3,17.20872448
Terranera_B38,2013,3,17.40028504
South_Areas_B35b,2013,3,17.4501642
Kwambo_A017,2013,3,17.04288526
Teranera_C55,2013,3,17.45311168
Port_Durnford_B044,2013,3,17.02483145
Nyalazi_B032,2013,4,14.39937632
Palm_Ridge_C15a,2013,4,14.41694347
Futululu_E6a,2013,4,14.26822983
Mtubatuba_B003,2013,4,14.23311834
Trust_D13,2013,4,14.53354673
Trust_E23,2013,4,14.30722858
Trust_E24,2013,4,14.35223313
Mavuya_B3a,2013,4,14.60232461
Salpine_G22,2013,4,14.5652461
Salpine_G33,2013,4,14.65995734
Salpine_F7,2013,4,14.47356597
Kwambo_F011A,2013,4,14.23944129
Nseleni_J006,2013,4,14.62300472
Terranera_B38,2013,4,14.75247925
South_Areas_B35b,2013,4,14.89579777
Kwambo_A017,2013,4,14.41778241
Teranera_C55,2013,4,14.88396948
Port_Durnford_B044,2013,4,14.51372588
Nyalazi_B032,2013,5,11.66366687
Palm_Ridge_C15a,2013,5,11.73115211
Futululu_E6a,2013,5,11.3628067
Mtubatuba_B003,2013,5,11.33601531
Trust_D13,2013,5,11.77585475
Trust_E23,2013,5,11.42220585
Trust_E24,2013,5,11.44468806
Mavuya_B3a,2013,5,11.92482289
Salpine_G22,2013,5,11.84725661
Salpine_G33,2013,5,12.27868815
Salpine_F7,2013,5,11.74309729
Kwambo_F011A,2013,5,11.14920897
Nseleni_J006,2013,5,11.75548302
Terranera_B38,2013,5,12.30511687
South_Areas_B35b,2013,5,12.55701924
Kwambo_A017,2013,5,11.53179368
Teranera_C55,2013,5,12.54490867
Port_Durnford_B044,2013,5,11.72969252
Nyalazi_B032,2013,6,11.04898331
Palm_Ridge_C15a,2013,6,11.1015238
Futululu_E6a,2013,6,10.66613586
Mtubatuba_B003,2013,6,10.67497422
Trust_D13,2013,6,11.30345451
Trust_E23,2013,6,10.95405093
Trust_E24,2013,6,10.93610333
Mavuya_B3a,2013,6,11.38918165
Salpine_G22,2013,6,11.21710246
Salpine_G33,2013,6,11.75525943
Salpine_F7,2013,6,11.1094634
Kwambo_F011A,2013,6,10.64601474
Nseleni_J006,2013,6,11.22520523
Terranera_B38,2013,6,11.90748161
South_Areas_B35b,2013,6,12.12272692
Kwambo_A017,2013,6,10.98139384
Teranera_C55,2013,6,12.11557758
Port_Durnford_B044,2013,6,11.08543168
Nyalazi_B032,2013,7,10.89728386
Palm_Ridge_C15a,2013,7,10.96928991
Futululu_E6a,2013,7,10.49403144
Mtubatuba_B003,2013,7,10.51278864
Trust_D13,2013,7,11.1561678
Trust_E23,2013,7,10.80664159
Trust_E24,2013,7,10.78351288
Mavuya_B3a,2013,7,11.25540146
Salpine_G22,2013,7,11.08320426
Salpine_G33,2013,7,11.66669652
Salpine_F7,2013,7,10.981881
Kwambo_F011A,2013,7,10.46511814
Nseleni_J006,2013,7,11.05037388
Terranera_B38,2013,7,11.80381603
South_Areas_B35b,2013,7,12.00556936
Kwambo_A017,2013,7,10.81742769
Teranera_C55,2013,7,12.00393822
Port_Durnford_B044,2013,7,10.90343022
Nyalazi_B032,2013,8,13.717631
Palm_Ridge_C15a,2013,8,13.95035059
Futululu_E6a,2013,8,13.47189326
Mtubatuba_B003,2013,8,13.4970526
Trust_D13,2013,8,14.19471495
Trust_E23,2013,8,13.91031326
Trust_E24,2013,8,13.89519667
Mavuya_B3a,2013,8,14.38791435
Salpine_G22,2013,8,14.30749727
Salpine_G33,2013,8,14.42026255
Salpine_F7,2013,8,14.08221354
Kwambo_F011A,2013,8,14.04818136
Nseleni_J006,2013,8,14.44145161
Terranera_B38,2013,8,14.56554311
South_Areas_B35b,2013,8,14.68564152
Kwambo_A017,2013,8,13.90505109
Teranera_C55,2013,8,14.72640899
Port_Durnford_B044,2013,8,14.06767214
Nyalazi_B032,2013,9,13.82111984
Palm_Ridge_C15a,2013,9,14.03541986
Futululu_E6a,2013,9,13.59941967
Mtubatuba_B003,2013,9,13.66261746
Trust_D13,2013,9,14.25789742
Trust_E23,2013,9,14.08780977
Trust_E24,2013,9,14.04774594
Mavuya_B3a,2013,9,14.49720977
Salpine_G22,2013,9,14.43342495
Salpine_G33,2013,9,14.56312703
Salpine_F7,2013,9,14.20097493
Kwambo_F011A,2013,9,14.26415524
Nseleni_J006,2013,9,14.61646887
Terranera_B38,2013,9,14.69780954
South_Areas_B35b,2013,9,14.77717725
Kwambo_A017,2013,9,14.09497059
Teranera_C55,2013,9,14.84007278
Port_Durnford_B044,2013,9,14.25411293
Nyalazi_B032,2013,10,15.94052598
Palm_Ridge_C15a,2013,10,16.00899432
Futululu_E6a,2013,10,15.79729879
Mtubatuba_B003,2013,10,15.90123309
Trust_D13,2013,10,15.94944255
Trust_E23,2013,10,16.49123021
Trust_E24,2013,10,16.01178518
Mavuya_B3a,2013,10,16.19320675
Salpine_G22,2013,10,16.26434395
Salpine_G33,2013,10,16.90593594
Salpine_F7,2013,10,16.13312242
Kwambo_F011A,2013,10,16.84601324
Nseleni_J006,2013,10,16.40516863
Terranera_B38,2013,10,16.89998152
South_Areas_B35b,2013,10,16.45233297
Kwambo_A017,2013,10,16.89483663
Teranera_C55,2013,10,16.58970103
Port_Durnford_B044,2013,10,16.55840332
Nyalazi_B032,2013,11,17.54484049
Palm_Ridge_C15a,2013,11,17.7056023
Futululu_E6a,2013,11,17.71952117
Mtubatuba_B003,2013,11,17.86394646
Trust_D13,2013,11,17.74847505
Trust_E23,2013,11,18.1305073
Trust_E24,2013,11,17.96950537
Mavuya_B3a,2013,11,17.84659677
Salpine_G22,2013,11,17.97956325
Salpine_G33,2013,11,18.23827417
Salpine_F7,2013,11,17.74694645
Kwambo_F011A,2013,11,18.25603712
Nseleni_J006,2013,11,18.2984553
Terranera_B38,2013,11,18.26383867
South_Areas_B35b,2013,11,17.9391621
Kwambo_A017,2013,11,18.29550713
Teranera_C55,2013,11,18.04122554
Port_Durnford_B044,2013,11,18.33239484
Nyalazi_B032,2013,12,15.99180082
Palm_Ridge_C15a,2013,12,15.90162166
Futululu_E6a,2013,12,15.83131767
Mtubatuba_B003,2013,12,15.85992361
Trust_D13,2013,12,15.88967332
Trust_E23,2013,12,16.40307495
Trust_E24,2013,12,16.1055949
Mavuya_B3a,2013,12,16.18601799
Salpine_G22,2013,12,16.33910852
Salpine_G33,2013,12,16.9509882
Salpine_F7,2013,12,16.38642051
Kwambo_F011A,2013,12,17.29347243
Nseleni_J006,2013,12,16.38599793
Terranera_B38,2013,12,16.97177769
South_Areas_B35b,2013,12,16.50096937
Kwambo_A017,2013,12,17.09957021
Teranera_C55,2013,12,16.64222158
Port_Durnford_B044,2013,12,16.83350968
Nyalazi_B032,2014,1,20.82831452
Palm_Ridge_C15a,2014,1,20.80111349
Futululu_E6a,2014,1,20.82277247
Mtubatuba_B003,2014,1,20.80642878
Trust_D13,2014,1,21.04153274
Trust_E23,2014,1,20.88441298
Trust_E24,2014,1,20.88134878
Mavuya_B3a,2014,1,21.12079888
Salpine_G22,2014,1,21.33335109
Salpine_G33,2014,1,21.34427067
Salpine_F7,2014,1,21.25487771
Kwambo_F011A,2014,1,21.40832782
Nseleni_J006,2014,1,21.34582903
Terranera_B38,2014,1,21.37761144
South_Areas_B35b,2014,1,21.50345879
Kwambo_A017,2014,1,21.43303699
Teranera_C55,2014,1,21.61827047
Port_Durnford_B044,2014,1,21.48282087
Nyalazi_B032,2014,2,20.65096627
Palm_Ridge_C15a,2014,2,20.70805278
Futululu_E6a,2014,2,20.6592767
Mtubatuba_B003,2014,2,20.71899423
Trust_D13,2014,2,20.92155634
Trust_E23,2014,2,20.84146041
Trust_E24,2014,2,20.8213986
Mavuya_B3a,2014,2,20.95932115
Salpine_G22,2014,2,21.10961541
Salpine_G33,2014,2,21.25532087
Salpine_F7,2014,2,20.98265072
Kwambo_F011A,2014,2,21.28480393
Nseleni_J006,2014,2,21.19325801
Terranera_B38,2014,2,21.26722912
South_Areas_B35b,2014,2,21.26544655
Kwambo_A017,2014,2,21.28035889
Teranera_C55,2014,2,21.35782669
Port_Durnford_B044,2014,2,21.28906133
Nyalazi_B032,2014,3,14.26093981
Palm_Ridge_C15a,2014,3,14.60704616
Futululu_E6a,2014,3,14.13466173
Mtubatuba_B003,2014,3,14.19549858
Trust_D13,2014,3,14.58702459
Trust_E23,2014,3,14.63439454
Trust_E24,2014,3,14.54934258
Mavuya_B3a,2014,3,14.72607459
Salpine_G22,2014,3,14.64614683
Salpine_G33,2014,3,14.94182364
Salpine_F7,2014,3,14.50734111
Kwambo_F011A,2014,3,14.56682734
Nseleni_J006,2014,3,14.7656578
Terranera_B38,2014,3,14.95895445
South_Areas_B35b,2014,3,15.01248004
Kwambo_A017,2014,3,14.42803379
Teranera_C55,2014,3,14.99443753
Port_Durnford_B044,2014,3,14.59187417
Nyalazi_B032,2014,4,14.22432615
Palm_Ridge_C15a,2014,4,14.51878168
Futululu_E6a,2014,4,14.13948119
Mtubatuba_B003,2014,4,14.19676989
Trust_D13,2014,4,14.53184871
Trust_E23,2014,4,14.54404699
Trust_E24,2014,4,14.47271755
Mavuya_B3a,2014,4,14.60831487
Salpine_G22,2014,4,14.56063947
Salpine_G33,2014,4,14.78349076
Salpine_F7,2014,4,14.4304197
Kwambo_F011A,2014,4,14.47701092
Nseleni_J006,2014,4,14.66644329
Terranera_B38,2014,4,14.80457089
South_Areas_B35b,2014,4,14.83753933
Kwambo_A017,2014,4,14.38316052
Teranera_C55,2014,4,14.81662222
Port_Durnford_B044,2014,4,14.56882845
Nyalazi_B032,2014,5,11.63618442
Palm_Ridge_C15a,2014,5,12.04481917
Futululu_E6a,2014,5,11.15303841
Mtubatuba_B003,2014,5,11.22668617
Trust_D13,2014,5,12.06941527
Trust_E23,2014,5,11.57579543
Trust_E24,2014,5,11.62569026
Mavuya_B3a,2014,5,12.33503276
Salpine_G22,2014,5,12.17548302
Salpine_G33,2014,5,12.2599059
Salpine_F7,2014,5,11.71126313
Kwambo_F011A,2014,5,11.38296059
Nseleni_J006,2014,5,11.95902574
Terranera_B38,2014,5,12.33411667
South_Areas_B35b,2014,5,12.72196226
Kwambo_A017,2014,5,11.61740628
Teranera_C55,2014,5,12.76499184
Port_Durnford_B044,2014,5,11.94998193
Nyalazi_B032,2014,6,11.47841835
Palm_Ridge_C15a,2014,6,11.85069725
Futululu_E6a,2014,6,10.95201922
Mtubatuba_B003,2014,6,10.99677513
Trust_D13,2014,6,11.88932366
Trust_E23,2014,6,11.35728723
Trust_E24,2014,6,11.39829676
Mavuya_B3a,2014,6,12.18150923
Salpine_G22,2014,6,12.03461776
Salpine_G33,2014,6,12.11337242
Salpine_F7,2014,6,11.57852335
Kwambo_F011A,2014,6,11.28928889
Nseleni_J006,2014,6,11.79244766
Terranera_B38,2014,6,12.18714433
South_Areas_B35b,2014,6,12.60492632
Kwambo_A017,2014,6,11.46732775
Teranera_C55,2014,6,12.64774671
Port_Durnford_B044,2014,6,11.85569287
Nyalazi_B032,2014,7,11.69660713
Palm_Ridge_C15a,2014,7,12.05756879
Futululu_E6a,2014,7,11.17428637
Mtubatuba_B003,2014,7,11.25683817
Trust_D13,2014,7,12.13878356
Trust_E23,2014,7,11.64499529
Trust_E24,2014,7,11.67526592
Mavuya_B3a,2014,7,12.41424351
Salpine_G22,2014,7,12.28506658
Salpine_G33,2014,7,12.4188595
Salpine_F7,2014,7,11.82675054
Kwambo_F011A,2014,7,11.69232708
Nseleni_J006,2014,7,12.11527931
Terranera_B38,2014,7,12.51804617
South_Areas_B35b,2014,7,12.87198802
Kwambo_A017,2014,7,11.77143994
Teranera_C55,2014,7,12.90426033
Port_Durnford_B044,2014,7,12.20025159
Nyalazi_B032,2014,8,12.93194271
Palm_Ridge_C15a,2014,8,13.33484548
Futululu_E6a,2014,8,12.69707357
Mtubatuba_B003,2014,8,12.76553715
Trust_D13,2014,8,13.29373945
Trust_E23,2014,8,13.28758709
Trust_E24,2014,8,13.23825556
Mavuya_B3a,2014,8,13.52703247
Salpine_G22,2014,8,13.38339757
Salpine_G33,2014,8,13.68449769
Salpine_F7,2014,8,12.96992994
Kwambo_F011A,2014,8,13.11338004
Nseleni_J006,2014,8,13.5138373
Terranera_B38,2014,8,13.72482046
South_Areas_B35b,2014,8,13.8461782
Kwambo_A017,2014,8,13.0637533
Teranera_C55,2014,8,13.89220678
Port_Durnford_B044,2014,8,13.31639966
Nyalazi_B032,2014,9,15.71707194
Palm_Ridge_C15a,2014,9,15.67044183
Futululu_E6a,2014,9,15.47298542
Mtubatuba_B003,2014,9,15.39028443
Trust_D13,2014,9,15.8172291
Trust_E23,2014,9,15.69911763
Trust_E24,2014,9,15.46905391
Mavuya_B3a,2014,9,15.92597363
Salpine_G22,2014,9,16.10110455
Salpine_G33,2014,9,16.25179124
Salpine_F7,2014,9,15.7265176
Kwambo_F011A,2014,9,16.12831616
Nseleni_J006,2014,9,16.16643074
Terranera_B38,2014,9,16.21217126
South_Areas_B35b,2014,9,16.36931252
Kwambo_A017,2014,9,15.86517306
Teranera_C55,2014,9,16.39182419
Port_Durnford_B044,2014,9,15.81961194
Nyalazi_B032,2014,10,15.52998078
Palm_Ridge_C15a,2014,10,15.62833409
Futululu_E6a,2014,10,15.25759599
Mtubatuba_B003,2014,10,15.2444709
Trust_D13,2014,10,15.58566933
Trust_E23,2014,10,15.70496932
Trust_E24,2014,10,15.44419345
Mavuya_B3a,2014,10,15.91235984
Salpine_G22,2014,10,15.981444
Salpine_G33,2014,10,16.23978542
Salpine_F7,2014,10,15.49244817
Kwambo_F011A,2014,10,15.81293629
Nseleni_J006,2014,10,16.10496688
Terranera_B38,2014,10,16.15286738
South_Areas_B35b,2014,10,16.28518293
Kwambo_A017,2014,10,15.6991154
Teranera_C55,2014,10,16.32332889
Port_Durnford_B044,2014,10,15.55182829
Nyalazi_B032,2014,11,15.20617737
Palm_Ridge_C15a,2014,11,15.39253319
Futululu_E6a,2014,11,14.89556484
Mtubatuba_B003,2014,11,14.91062215
Trust_D13,2014,11,15.22594928
Trust_E23,2014,11,15.48001491
Trust_E24,2014,11,15.16030093
Mavuya_B3a,2014,11,15.62693434
Salpine_G22,2014,11,15.58129802
Salpine_G33,2014,11,16.07577246
Salpine_F7,2014,11,15.19466802
Kwambo_F011A,2014,11,15.49989433
Nseleni_J006,2014,11,15.70735997
Terranera_B38,2014,11,15.92535125
South_Areas_B35b,2014,11,16.01065638
Kwambo_A017,2014,11,15.39985626
Teranera_C55,2014,11,16.05186398
Port_Durnford_B044,2014,11,15.16676584
Nyalazi_B032,2014,12,17.0834716
Palm_Ridge_C15a,2014,12,16.86297428
Futululu_E6a,2014,12,16.98712388
Mtubatuba_B003,2014,12,16.97540772
Trust_D13,2014,12,17.12142648
Trust_E23,2014,12,16.99219828
Trust_E24,2014,12,16.92235631
Mavuya_B3a,2014,12,16.96978646
Salpine_G22,2014,12,17.15439927
Salpine_G33,2014,12,17.46027494
Salpine_F7,2014,12,17.11589527
Kwambo_F011A,2014,12,17.36875985
Nseleni_J006,2014,12,17.20418855
Terranera_B38,2014,12,17.62329699
South_Areas_B35b,2014,12,17.55917009
Kwambo_A017,2014,12,17.36359122
Teranera_C55,2014,12,17.4830604
Port_Durnford_B044,2014,12,17.40971808
Nyalazi_B032,2015,1,20.1188284
Palm_Ridge_C15a,2015,1,20.21114469
Futululu_E6a,2015,1,20.08868772
Mtubatuba_B003,2015,1,20.100707
Trust_D13,2015,1,20.13199751
Trust_E23,2015,1,20.57219201
Trust_E24,2015,1,20.30567044
Mavuya_B3a,2015,1,20.20751471
Salpine_G22,2015,1,20.18792574
Salpine_G33,2015,1,20.52567386
Salpine_F7,2015,1,20.15312066
Kwambo_F011A,2015,1,20.32698306
Nseleni_J006,2015,1,20.33187019
Terranera_B38,2015,1,20.54378293
South_Areas_B35b,2015,1,20.35037004
Kwambo_A017,2015,1,20.39500064
Teranera_C55,2015,1,20.3705581
Port_Durnford_B044,2015,1,20.19814348
Nyalazi_B032,2015,2,19.83556553
Palm_Ridge_C15a,2015,2,19.99421544
Futululu_E6a,2015,2,19.74765779
Mtubatuba_B003,2015,2,19.75171504
Trust_D13,2015,2,19.82232692
Trust_E23,2015,2,20.37853772
Trust_E24,2015,2,19.97531351
Mavuya_B3a,2015,2,19.97885709
Salpine_G22,2015,2,19.88967283
Salpine_G33,2015,2,20.35985593
Salpine_F7,2015,2,19.80565681
Kwambo_F011A,2015,2,20.04643219
Nseleni_J006,2015,2,20.06720073
Terranera_B38,2015,2,20.30699225
South_Areas_B35b,2015,2,20.12167262
Kwambo_A017,2015,2,20.02942965
Teranera_C55,2015,2,20.13774771
Port_Durnford_B044,2015,2,19.71495685
Nyalazi_B032,2015,3,16.76919061
Palm_Ridge_C15a,2015,3,17.09725942
Futululu_E6a,2015,3,16.65145643
Mtubatuba_B003,2015,3,16.62191824
Trust_D13,2015,3,17.06565216
Trust_E23,2015,3,17.00531374
Trust_E24,2015,3,16.90767171
Mavuya_B3a,2015,3,17.36976611
Salpine_G22,2015,3,17.18576839
Salpine_G33,2015,3,17.25970597
Salpine_F7,2015,3,16.97488672
Kwambo_F011A,2015,3,17.05209389
Nseleni_J006,2015,3,17.29634281
Terranera_B38,2015,3,17.29061894
South_Areas_B35b,2015,3,17.49750985
Kwambo_A017,2015,3,16.84975575
Teranera_C55,2015,3,17.52917494
Port_Durnford_B044,2015,3,16.7448326
Nyalazi_B032,2015,4,12.98655308
Palm_Ridge_C15a,2015,4,13.39251064
Futululu_E6a,2015,4,12.92982679
Mtubatuba_B003,2015,4,12.88391284
Trust_D13,2015,4,13.11046369
Trust_E23,2015,4,13.14409541
Trust_E24,2015,4,12.99391117
Mavuya_B3a,2015,4,13.41974278
Salpine_G22,2015,4,13.30648292
Salpine_G33,2015,4,13.31477758
Salpine_F7,2015,4,13.38613251
Kwambo_F011A,2015,4,12.92879946
Nseleni_J006,2015,4,13.39004303
Terranera_B38,2015,4,13.36152815
South_Areas_B35b,2015,4,13.60456136
Kwambo_A017,2015,4,13.01099167
Teranera_C55,2015,4,13.64222734
Port_Durnford_B044,2015,4,13.63404483
Nyalazi_B032,2015,5,11.18667392
Palm_Ridge_C15a,2015,5,11.73729483
Futululu_E6a,2015,5,11.1991579
Mtubatuba_B003,2015,5,11.2016227
Trust_D13,2015,5,11.54123881
Trust_E23,2015,5,11.05965753
Trust_E24,2015,5,11.22700041
Mavuya_B3a,2015,5,11.69603778
Salpine_G22,2015,5,11.44169979
Salpine_G33,2015,5,10.88468753
Salpine_F7,2015,5,11.37434841
Kwambo_F011A,2015,5,10.29101592
Nseleni_J006,2015,5,11.36200213
Terranera_B38,2015,5,10.86383457
South_Areas_B35b,2015,5,11.54745167
Kwambo_A017,2015,5,10.53393609
Teranera_C55,2015,5,11.65138302
Port_Durnford_B044,2015,5,11.85611416
Nyalazi_B032,2015,6,10.02791409
Palm_Ridge_C15a,2015,6,11.03905621
Futululu_E6a,2015,6,9.942312162
Mtubatuba_B003,2015,6,9.87632972
Trust_D13,2015,6,10.77763629
Trust_E23,2015,6,10.0711003
Trust_E24,2015,6,10.25431395
Mavuya_B3a,2015,6,11.0650295
Salpine_G22,2015,6,10.86810422
Salpine_G33,2015,6,10.03046538
Salpine_F7,2015,6,10.25104572
Kwambo_F011A,2015,6,8.602039369
Nseleni_J006,2015,6,10.53437494
Terranera_B38,2015,6,9.819018293
South_Areas_B35b,2015,6,10.76416042
Kwambo_A017,2015,6,9.073040822
Teranera_C55,2015,6,10.88009665
Port_Durnford_B044,2015,6,10.16545642
Nyalazi_B032,2015,7,9.802436971
Palm_Ridge_C15a,2015,7,10.62970345
Futululu_E6a,2015,7,9.661158792
Mtubatuba_B003,2015,7,9.586638995
Trust_D13,2015,7,10.35611693
Trust_E23,2015,7,9.841479718
Trust_E24,2015,7,9.979157493
Mavuya_B3a,2015,7,10.66927765
Salpine_G22,2015,7,10.47342093
Salpine_G33,2015,7,9.862966528
Salpine_F7,2015,7,9.968397628
Kwambo_F011A,2015,7,8.484695885
Nseleni_J006,2015,7,10.17886779
Terranera_B38,2015,7,9.628119389
South_Areas_B35b,2015,7,10.41295295
Kwambo_A017,2015,7,8.924941048
Teranera_C55,2015,7,10.51787913
Port_Durnford_B044,2015,7,9.701564185
Nyalazi_B032,2015,8,12.11028539
Palm_Ridge_C15a,2015,8,13.25595483
Futululu_E6a,2015,8,12.16554225
Mtubatuba_B003,2015,8,12.18277572
Trust_D13,2015,8,13.19102376
Trust_E23,2015,8,12.92194961
Trust_E24,2015,8,12.92051856
Mavuya_B3a,2015,8,13.28831546
Salpine_G22,2015,8,13.06952455
Salpine_G33,2015,8,12.89099551
Salpine_F7,2015,8,12.35306035
Kwambo_F011A,2015,8,11.47682122
Nseleni_J006,2015,8,13.1693996
Terranera_B38,2015,8,12.85691412
South_Areas_B35b,2015,8,13.25936362
Kwambo_A017,2015,8,11.82174072
Teranera_C55,2015,8,13.34323418
Port_Durnford_B044,2015,8,12.1392343
Nyalazi_B032,2015,9,12.726931
Palm_Ridge_C15a,2015,9,13.52549588
Futululu_E6a,2015,9,12.70420758
Mtubatuba_B003,2015,9,12.7054927
Trust_D13,2015,9,13.46168042
Trust_E23,2015,9,13.25575878
Trust_E24,2015,9,13.25614314
Mavuya_B3a,2015,9,13.60268251
Salpine_G22,2015,9,13.41852505
Salpine_G33,2015,9,13.33060906
Salpine_F7,2015,9,12.84560348
Kwambo_F011A,2015,9,12.23885989
Nseleni_J006,2015,9,13.46563927
Terranera_B38,2015,9,13.28599062
South_Areas_B35b,2015,9,13.57914423
Kwambo_A017,2015,9,12.47742317
Teranera_C55,2015,9,13.64284658
Port_Durnford_B044,2015,9,12.70453307
Nyalazi_B032,2015,10,18.34998458
Palm_Ridge_C15a,2015,10,18.31908624
Futululu_E6a,2015,10,18.15141915
Mtubatuba_B003,2015,10,18.15248623
Trust_D13,2015,10,18.49857789
Trust_E23,2015,10,18.51495713
Trust_E24,2015,10,18.46015559
Mavuya_B3a,2015,10,18.49172859
Salpine_G22,2015,10,18.62329461
Salpine_G33,2015,10,18.99666472
Salpine_F7,2015,10,18.38936444
Kwambo_F011A,2015,10,18.83085362
Nseleni_J006,2015,10,18.67469118
Terranera_B38,2015,10,19.07406961
South_Areas_B35b,2015,10,19.16258858
Kwambo_A017,2015,10,18.58609211
Teranera_C55,2015,10,19.17326956
Port_Durnford_B044,2015,10,18.58174576
Nyalazi_B032,2015,11,18.67975015
Palm_Ridge_C15a,2015,11,18.56506837
Futululu_E6a,2015,11,18.53149614
Mtubatuba_B003,2015,11,18.52607453
Trust_D13,2015,11,18.74627643
Trust_E23,2015,11,18.78192839
Trust_E24,2015,11,18.75618858
Mavuya_B3a,2015,11,18.75965809
Salpine_G22,2015,11,18.92901637
Salpine_G33,2015,11,19.18321029
Salpine_F7,2015,11,18.81481596
Kwambo_F011A,2015,11,19.16816797
Nseleni_J006,2015,11,18.99887563
Terranera_B38,2015,11,19.29652649
South_Areas_B35b,2015,11,19.36595748
Kwambo_A017,2015,11,19.01160349
Teranera_C55,2015,11,19.41822066
Port_Durnford_B044,2015,11,19.03858022
Nyalazi_B032,2015,12,19.52318096
Palm_Ridge_C15a,2015,12,19.26997646
Futululu_E6a,2015,12,19.48433777
Mtubatuba_B003,2015,12,19.51175614
Trust_D13,2015,12,19.55441893
Trust_E23,2015,12,19.48513677
Trust_E24,2015,12,19.50693568
Mavuya_B3a,2015,12,19.47948765
Salpine_G22,2015,12,19.83299986
Salpine_G33,2015,12,19.74972382
Salpine_F7,2015,12,19.66674136
Kwambo_F011A,2015,12,19.90059647
Nseleni_J006,2015,12,19.79466548
Terranera_B38,2015,12,19.87381859
South_Areas_B35b,2015,12,19.94263988
Kwambo_A017,2015,12,19.89178821
Teranera_C55,2015,12,20.03655945
Port_Durnford_B044,2015,12,19.95423689
Nyalazi_B032,2016,1,21.05329741
Palm_Ridge_C15a,2016,1,21.68254932
Futululu_E6a,2016,1,20.85831536
Mtubatuba_B003,2016,1,20.98288484
Trust_D13,2016,1,20.95675195
Trust_E23,2016,1,21.71570997
Trust_E24,2016,1,21.20537745
Mavuya_B3a,2016,1,21.85670992
Salpine_G22,2016,1,21.08642933
Salpine_G33,2016,1,21.96802018
Salpine_F7,2016,1,21.09469494
Kwambo_F011A,2016,1,21.2706132
Nseleni_J006,2016,1,21.83291839
Terranera_B38,2016,1,21.93680359
South_Areas_B35b,2016,1,22.00345514
Kwambo_A017,2016,1,21.19510396
Teranera_C55,2016,1,21.96766579
Port_Durnford_B044,2016,1,21.27341649
Nyalazi_B032,2016,2,21.18623344
Palm_Ridge_C15a,2016,2,21.71743655
Futululu_E6a,2016,2,20.99863797
Mtubatuba_B003,2016,2,21.11123116
Trust_D13,2016,2,21.08791106
Trust_E23,2016,2,21.75551445
Trust_E24,2016,2,21.27538552
Mavuya_B3a,2016,2,21.87429945
Salpine_G22,2016,2,21.20205767
Salpine_G33,2016,2,21.97906589
Salpine_F7,2016,2,21.20744019
Kwambo_F011A,2016,2,21.3284701
Nseleni_J006,2016,2,21.87114451
Terranera_B38,2016,2,21.95282845
South_Areas_B35b,2016,2,22.02261852
Kwambo_A017,2016,2,21.26446194
Teranera_C55,2016,2,21.98067748
Port_Durnford_B044,2016,2,21.34467847
Nyalazi_B032,2016,3,16.85820561
Palm_Ridge_C15a,2016,3,16.55107935
Futululu_E6a,2016,3,16.83941088
Mtubatuba_B003,2016,3,16.91739393
Trust_D13,2016,3,16.87559245
Trust_E23,2016,3,17.01986736
Trust_E24,2016,3,16.94862632
Mavuya_B3a,2016,3,16.62439136
Salpine_G22,2016,3,16.93286476
Salpine_G33,2016,3,17.11733257
Salpine_F7,2016,3,16.54855538
Kwambo_F011A,2016,3,17.04897592
Nseleni_J006,2016,3,17.06403051
Terranera_B38,2016,3,17.11674838
South_Areas_B35b,2016,3,17.26485815
Kwambo_A017,2016,3,16.9402585
Teranera_C55,2016,3,17.05754737
Port_Durnford_B044,2016,3,16.92766306
Nyalazi_B032,2016,4,13.16587409
Palm_Ridge_C15a,2016,4,13.63499825
Futululu_E6a,2016,4,13.10816361
Mtubatuba_B003,2016,4,13.20406103
Trust_D13,2016,4,13.54035023
Trust_E23,2016,4,13.4845394
Trust_E24,2016,4,13.45980378
Mavuya_B3a,2016,4,13.78957995
Salpine_G22,2016,4,13.54630929
Salpine_G33,2016,4,13.7346517
Salpine_F7,2016,4,13.44369378
Kwambo_F011A,2016,4,13.31787223
Nseleni_J006,2016,4,13.69903167
Terranera_B38,2016,4,13.6647052
South_Areas_B35b,2016,4,14.01514694
Kwambo_A017,2016,4,13.33165271
Teranera_C55,2016,4,13.80808168
Port_Durnford_B044,2016,4,13.29815536
Nyalazi_B032,2016,5,12.20084026
Palm_Ridge_C15a,2016,5,12.14149286
Futululu_E6a,2016,5,12.15646819
Mtubatuba_B003,2016,5,12.24205035
Trust_D13,2016,5,12.2439203
Trust_E23,2016,5,12.17574461
Trust_E24,2016,5,12.18193383
Mavuya_B3a,2016,5,12.20279815
Salpine_G22,2016,5,12.27574802
Salpine_G33,2016,5,12.37223696
Salpine_F7,2016,5,12.13523089
Kwambo_F011A,2016,5,12.01225875
Nseleni_J006,2016,5,12.34422804
Terranera_B38,2016,5,12.32088623
South_Areas_B35b,2016,5,12.553682
Kwambo_A017,2016,5,12.23916047
Teranera_C55,2016,5,12.3467709
Port_Durnford_B044,2016,5,12.19106747
Nyalazi_B032,2016,6,10.20536771
Palm_Ridge_C15a,2016,6,10.74599368
Futululu_E6a,2016,6,10.11864223
Mtubatuba_B003,2016,6,10.11105538
Trust_D13,2016,6,10.73653106
Trust_E23,2016,6,10.4428437
Trust_E24,2016,6,10.43810579
Mavuya_B3a,2016,6,10.9483973
Salpine_G22,2016,6,10.75680623
Salpine_G33,2016,6,10.73254706
Salpine_F7,2016,6,10.49846868
Kwambo_F011A,2016,6,10.37019451
Nseleni_J006,2016,6,10.7191005
Terranera_B38,2016,6,10.57713456
South_Areas_B35b,2016,6,11.10479286
Kwambo_A017,2016,6,10.09679278
Teranera_C55,2016,6,10.86059101
Port_Durnford_B044,2016,6,10.04936487
Nyalazi_B032,2016,7,10.36733031
Palm_Ridge_C15a,2016,7,10.9486877
Futululu_E6a,2016,7,10.27791192
Mtubatuba_B003,2016,7,10.25555581
Trust_D13,2016,7,10.97611885
Trust_E23,2016,7,10.58509543
Trust_E24,2016,7,10.58996716
Mavuya_B3a,2016,7,11.22690031
Salpine_G22,2016,7,11.07384818
Salpine_G33,2016,7,10.88717925
Salpine_F7,2016,7,10.70105938
Kwambo_F011A,2016,7,10.47735666
Nseleni_J006,2016,7,11.01558709
Terranera_B38,2016,7,10.68135304
South_Areas_B35b,2016,7,11.30428726
Kwambo_A017,2016,7,10.19964338
Teranera_C55,2016,7,11.1059987
Port_Durnford_B044,2016,7,10.1580268
Nyalazi_B032,2016,8,13.21469436
Palm_Ridge_C15a,2016,8,14.20226796
Futululu_E6a,2016,8,13.13774019
Mtubatuba_B003,2016,8,13.02533606
Trust_D13,2016,8,13.82974368
Trust_E23,2016,8,13.57942368
Trust_E24,2016,8,13.56663056
Mavuya_B3a,2016,8,14.40842795
Salpine_G22,2016,8,13.75335176
Salpine_G33,2016,8,13.53556379
Salpine_F7,2016,8,13.78054333
Kwambo_F011A,2016,8,12.37316804
Nseleni_J006,2016,8,13.75503085
Terranera_B38,2016,8,13.17187973
South_Areas_B35b,2016,8,13.95760086
Kwambo_A017,2016,8,12.41519804
Teranera_C55,2016,8,13.75614596
Port_Durnford_B044,2016,8,12.80879489
Nyalazi_B032,2016,9,13.15999801
Palm_Ridge_C15a,2016,9,14.14301976
Futululu_E6a,2016,9,12.99565849
Mtubatuba_B003,2016,9,12.87182566
Trust_D13,2016,9,13.68886692
Trust_E23,2016,9,13.36386142
Trust_E24,2016,9,13.30514596
Mavuya_B3a,2016,9,14.34136885
Salpine_G22,2016,9,13.6439824
Salpine_G33,2016,9,13.31950357
Salpine_F7,2016,9,13.60467704
Kwambo_F011A,2016,9,12.07526754
Nseleni_J006,2016,9,13.61218097
Terranera_B38,2016,9,12.88895477
South_Areas_B35b,2016,9,13.83131192
Kwambo_A017,2016,9,12.04970511
Teranera_C55,2016,9,13.61504627
Port_Durnford_B044,2016,9,12.31771292
Nyalazi_B032,2016,10,13.51885686
Palm_Ridge_C15a,2016,10,14.44773351
Futululu_E6a,2016,10,13.34993103
Mtubatuba_B003,2016,10,13.24339281
Trust_D13,2016,10,14.09819733
Trust_E23,2016,10,13.7533501
Trust_E24,2016,10,13.72108393
Mavuya_B3a,2016,10,14.68826893
Salpine_G22,2016,10,14.07098149
Salpine_G33,2016,10,13.74008355
Salpine_F7,2016,10,14.13749209
Kwambo_F011A,2016,10,12.28737936
Nseleni_J006,2016,10,13.94709489
Terranera_B38,2016,10,13.325248
South_Areas_B35b,2016,10,14.33051977
Kwambo_A017,2016,10,12.39834775
Teranera_C55,2016,10,14.14052924
Port_Durnford_B044,2016,10,12.65374937
Nyalazi_B032,2016,11,13.98247464
Palm_Ridge_C15a,2016,11,14.84956713
Futululu_E6a,2016,11,13.77399186
Mtubatuba_B003,2016,11,13.65179177
Trust_D13,2016,11,14.51128797
Trust_E23,2016,11,14.2026742
Trust_E24,2016,11,14.19250207
Mavuya_B3a,2016,11,15.11243587
Salpine_G22,2016,11,14.61704421
Salpine_G33,2016,11,14.22911524
Salpine_F7,2016,11,14.51217287
Kwambo_F011A,2016,11,12.68586878
Nseleni_J006,2016,11,14.44749013
Terranera_B38,2016,11,13.79752992
South_Areas_B35b,2016,11,14.86518953
Kwambo_A017,2016,11,12.84445649
Teranera_C55,2016,11,14.67123712
Port_Durnford_B044,2016,11,12.98978748
Nyalazi_B032,2016,12,18.63206992
Palm_Ridge_C15a,2016,12,18.53781337
Futululu_E6a,2016,12,18.5465049
Mtubatuba_B003,2016,12,18.72416971
Trust_D13,2016,12,18.51682299
Trust_E23,2016,12,18.45266038
Trust_E24,2016,12,18.48448195
Mavuya_B3a,2016,12,19.0794685
Salpine_G22,2016,12,19.13897545
Salpine_G33,2016,12,20.63236457
Salpine_F7,2016,12,18.92710677
Kwambo_F011A,2016,12,18.51941009
Nseleni_J006,2016,12,19.16409387
Terranera_B38,2016,12,18.55795882
South_Areas_B35b,2016,12,20.53454318
Kwambo_A017,2016,12,18.83667331
Teranera_C55,2016,12,19.22952137
Port_Durnford_B044,2016,12,18.85573537
Nyalazi_B032,2017,1,18.96204891
Palm_Ridge_C15a,2017,1,18.86940017
Futululu_E6a,2017,1,18.73996592
Mtubatuba_B003,2017,1,18.93398287
Trust_D13,2017,1,18.80309849
Trust_E23,2017,1,18.87842711
Trust_E24,2017,1,18.86541849
Mavuya_B3a,2017,1,19.06272831
Salpine_G22,2017,1,19.1341369
Salpine_G33,2017,1,19.34030994
Salpine_F7,2017,1,18.45686618
Kwambo_F011A,2017,1,18.41439391
Nseleni_J006,2017,1,19.46816559
Terranera_B38,2017,1,18.664972
South_Areas_B35b,2017,1,21.16113351
Kwambo_A017,2017,1,18.59018028
Teranera_C55,2017,1,19.31180531
Port_Durnford_B044,2017,1,18.274797
Nyalazi_B032,2017,2,17.14988828
Palm_Ridge_C15a,2017,2,17.09872895
Futululu_E6a,2017,2,16.9392857
Mtubatuba_B003,2017,2,16.98306459
Trust_D13,2017,2,17.08890527
Trust_E23,2017,2,16.84229724
Trust_E24,2017,2,16.81511907
Mavuya_B3a,2017,2,17.14017557
Salpine_G22,2017,2,17.18507094
Salpine_G33,2017,2,17.5164276
Salpine_F7,2017,2,16.92334735
Kwambo_F011A,2017,2,16.83923666
Nseleni_J006,2017,2,17.19494013
Terranera_B38,2017,2,16.87474317
South_Areas_B35b,2017,2,20.19997084
Kwambo_A017,2017,2,16.782084
Teranera_C55,2017,2,17.27575906
Port_Durnford_B044,2017,2,16.67515067
Nyalazi_B032,2017,3,17.58768247
Palm_Ridge_C15a,2017,3,17.88004894
Futululu_E6a,2017,3,17.55148784
Mtubatuba_B003,2017,3,17.79266873
Trust_D13,2017,3,17.96927378
Trust_E23,2017,3,17.95917009
Trust_E24,2017,3,17.75193907
Mavuya_B3a,2017,3,17.91109525
Salpine_G22,2017,3,17.92122525
Salpine_G33,2017,3,18.32655532
Salpine_F7,2017,3,17.59990042
Kwambo_F011A,2017,3,17.93093498
Nseleni_J006,2017,3,18.06951679
Terranera_B38,2017,3,17.79710535
South_Areas_B35b,2017,3,19.98797327
Kwambo_A017,2017,3,17.48282382
Teranera_C55,2017,3,18.02692
Port_Durnford_B044,2017,3,17.34301089
Nyalazi_B032,2017,4,13.61015485
Palm_Ridge_C15a,2017,4,13.9481446
Futululu_E6a,2017,4,13.79685438
Mtubatuba_B003,2017,4,14.05267232
Trust_D13,2017,4,14.06604228
Trust_E23,2017,4,14.10161196
Trust_E24,2017,4,14.05251503
Mavuya_B3a,2017,4,14.08089627
Salpine_G22,2017,4,14.07954755
Salpine_G33,2017,4,14.4337036
Salpine_F7,2017,4,13.90503237
Kwambo_F011A,2017,4,13.88047744
Nseleni_J006,2017,4,14.17199461
Terranera_B38,2017,4,14.08166476
South_Areas_B35b,2017,4,15.07750976
Kwambo_A017,2017,4,13.90573198
Teranera_C55,2017,4,14.14863329
Port_Durnford_B044,2017,4,13.8979261
Nyalazi_B032,2017,5,11.49627671
Palm_Ridge_C15a,2017,5,11.66186717
Futululu_E6a,2017,5,11.37777933
Mtubatuba_B003,2017,5,11.60748112
Trust_D13,2017,5,11.64263916
Trust_E23,2017,5,11.67245623
Trust_E24,2017,5,11.66004092
Mavuya_B3a,2017,5,11.70441676
Salpine_G22,2017,5,11.70000033
Salpine_G33,2017,5,12.2003228
Salpine_F7,2017,5,11.44448392
Kwambo_F011A,2017,5,11.49673906
Nseleni_J006,2017,5,11.7284567
Terranera_B38,2017,5,11.78463874
South_Areas_B35b,2017,5,12.92997993
Kwambo_A017,2017,5,11.3050257
Teranera_C55,2017,5,11.8411952
Port_Durnford_B044,2017,5,11.3080427
Nyalazi_B032,2017,6,10.46524431
Palm_Ridge_C15a,2017,6,10.64546529
Futululu_E6a,2017,6,10.35567917
Mtubatuba_B003,2017,6,10.56307375
Trust_D13,2017,6,10.65553241
Trust_E23,2017,6,10.76697638
Trust_E24,2017,6,10.72467895
Mavuya_B3a,2017,6,10.70316234
Salpine_G22,2017,6,10.60846938
Salpine_G33,2017,6,11.58840142
Salpine_F7,2017,6,10.48858236
Kwambo_F011A,2017,6,10.66136617
Nseleni_J006,2017,6,10.86743921
Terranera_B38,2017,6,11.10545953
South_Areas_B35b,2017,6,12.37783039
Kwambo_A017,2017,6,10.39006542
Teranera_C55,2017,6,11.10311963
Port_Durnford_B044,2017,6,10.46927664
Nyalazi_B032,2017,7,10.52811863
Palm_Ridge_C15a,2017,7,10.72009524
Futululu_E6a,2017,7,10.42304618
Mtubatuba_B003,2017,7,10.63750601
Trust_D13,2017,7,10.73224514
Trust_E23,2017,7,10.81624445
Trust_E24,2017,7,10.77916667
Mavuya_B3a,2017,7,10.75960575
Salpine_G22,2017,7,10.66233277
Salpine_G33,2017,7,11.61568433
Salpine_F7,2017,7,10.51646647
Kwambo_F011A,2017,7,10.68019571
Nseleni_J006,2017,7,10.89960598
Terranera_B38,2017,7,11.11541161
South_Areas_B35b,2017,7,12.39127767
Kwambo_A017,2017,7,10.38821327
Teranera_C55,2017,7,11.1245188
Port_Durnford_B044,2017,7,10.47496521
Nyalazi_B032,2017,8,13.04514799
Palm_Ridge_C15a,2017,8,13.12634615
Futululu_E6a,2017,8,12.91899571
Mtubatuba_B003,2017,8,13.1784863
Trust_D13,2017,8,13.23138849
Trust_E23,2017,8,13.32153005
Trust_E24,2017,8,13.31500173
Mavuya_B3a,2017,8,13.37995809
Salpine_G22,2017,8,13.34507485
Salpine_G33,2017,8,13.54329132
Salpine_F7,2017,8,13.09863442
Kwambo_F011A,2017,8,13.11595972
Nseleni_J006,2017,8,13.62081322
Terranera_B38,2017,8,13.34745452
South_Areas_B35b,2017,8,14.00067129
Kwambo_A017,2017,8,13.13213459
Teranera_C55,2017,8,13.50479649
Port_Durnford_B044,2017,8,13.18160334
Nyalazi_B032,2017,9,13.516348
Palm_Ridge_C15a,2017,9,13.60838028
Futululu_E6a,2017,9,13.47634871
Mtubatuba_B003,2017,9,13.69940915
Trust_D13,2017,9,13.7433761
Trust_E23,2017,9,13.74223531
Trust_E24,2017,9,13.74972649
Mavuya_B3a,2017,9,13.75879083
Salpine_G22,2017,9,13.60989714
Salpine_G33,2017,9,13.85075078
Salpine_F7,2017,9,13.6848821
Kwambo_F011A,2017,9,13.58675318
Nseleni_J006,2017,9,14.146242
Terranera_B38,2017,9,13.82160575
South_Areas_B35b,2017,9,14.40103209
Kwambo_A017,2017,9,13.66194444
Teranera_C55,2017,9,13.91183901
Port_Durnford_B044,2017,9,13.77679286
Nyalazi_B032,2017,10,16.74416475
Palm_Ridge_C15a,2017,10,17.02544271
Futululu_E6a,2017,10,16.60289077
Mtubatuba_B003,2017,10,16.67343021
Trust_D13,2017,10,16.98657887
Trust_E23,2017,10,16.69576933
Trust_E24,2017,10,16.68641118
Mavuya_B3a,2017,10,17.015358
Salpine_G22,2017,10,16.67682625
Salpine_G33,2017,10,16.73809319
Salpine_F7,2017,10,16.80070902
Kwambo_F011A,2017,10,16.40425898
Nseleni_J006,2017,10,16.90875692
Terranera_B38,2017,10,16.56684662
South_Areas_B35b,2017,10,16.90096156
Kwambo_A017,2017,10,16.32341639
Teranera_C55,2017,10,16.65792908
Port_Durnford_B044,2017,10,16.34333598
Nyalazi_B032,2017,11,18.95362172
Palm_Ridge_C15a,2017,11,19.38847144
Futululu_E6a,2017,11,18.90084741
Mtubatuba_B003,2017,11,18.94503048
Trust_D13,2017,11,19.46533508
Trust_E23,2017,11,19.15998088
Trust_E24,2017,11,19.15922675
Mavuya_B3a,2017,11,19.38772225
Salpine_G22,2017,11,19.05798952
Salpine_G33,2017,11,18.97553526
Salpine_F7,2017,11,19.16956275
Kwambo_F011A,2017,11,19.01707987
Nseleni_J006,2017,11,19.34364894
Terranera_B38,2017,11,19.05955358
South_Areas_B35b,2017,11,19.12080796
Kwambo_A017,2017,11,18.74576595
Teranera_C55,2017,11,19.00344811
Port_Durnford_B044,2017,11,18.93417562
Nyalazi_B032,2017,12,17.94731567
Palm_Ridge_C15a,2017,12,18.36416997
Futululu_E6a,2017,12,17.80510909
Mtubatuba_B003,2017,12,17.85982023
Trust_D13,2017,12,18.58629949
Trust_E23,2017,12,18.02579822
Trust_E24,2017,12,18.08852428
Mavuya_B3a,2017,12,18.53548185
Salpine_G22,2017,12,18.24230102
Salpine_G33,2017,12,18.0196113
Salpine_F7,2017,12,18.41322806
Kwambo_F011A,2017,12,18.19845271
Nseleni_J006,2017,12,18.47643912
Terranera_B38,2017,12,18.20300758
South_Areas_B35b,2017,12,18.44403272
Kwambo_A017,2017,12,18.02154595
Teranera_C55,2017,12,18.26999538
Port_Durnford_B044,2017,12,18.31863944
Nyalazi_B032,2018,1,21.93429956
Palm_Ridge_C15a,2018,1,22.30874609
Futululu_E6a,2018,1,21.73222045
Mtubatuba_B003,2018,1,21.92213855
Trust_D13,2018,1,22.30187675
Trust_E23,2018,1,22.09293596
Trust_E24,2018,1,22.0027037
Mavuya_B3a,2018,1,22.40431113
Salpine_G22,2018,1,22.10872535
Salpine_G33,2018,1,22.10114647
Salpine_F7,2018,1,21.88887052
Kwambo_F011A,2018,1,21.81481216
Nseleni_J006,2018,1,22.11745662
Terranera_B38,2018,1,21.94019598
South_Areas_B35b,2018,1,22.34881886
Kwambo_A017,2018,1,21.66171539
Teranera_C55,2018,1,22.00668195
Port_Durnford_B044,2018,1,21.46431259
Nyalazi_B032,2018,2,16.41969723
Palm_Ridge_C15a,2018,2,16.10007457
Futululu_E6a,2018,2,16.05310847
Mtubatuba_B003,2018,2,16.3161094
Trust_D13,2018,2,16.43473534
Trust_E23,2018,2,16.33142236
Trust_E24,2018,2,16.34587126
Mavuya_B3a,2018,2,16.70423786
Salpine_G22,2018,2,17.24789594
Salpine_G33,2018,2,17.03204128
Salpine_F7,2018,2,17.32792082
Kwambo_F011A,2018,2,17.52018667
Nseleni_J006,2018,2,17.52572285
Terranera_B38,2018,2,17.52002461
South_Areas_B35b,2018,2,17.59740852
Kwambo_A017,2018,2,17.89331515
Teranera_C55,2018,2,17.68201273
Port_Durnford_B044,2018,2,18.49655301
Nyalazi_B032,2018,3,16.64187884
Palm_Ridge_C15a,2018,3,16.48013575
Futululu_E6a,2018,3,16.36911498
Mtubatuba_B003,2018,3,16.41503589
Trust_D13,2018,3,16.60047304
Trust_E23,2018,3,16.34060417
Trust_E24,2018,3,16.34036316
Mavuya_B3a,2018,3,16.73752817
Salpine_G22,2018,3,16.97614414
Salpine_G33,2018,3,16.72381563
Salpine_F7,2018,3,16.94193399
Kwambo_F011A,2018,3,16.68418013
Nseleni_J006,2018,3,16.69530704
Terranera_B38,2018,3,16.68843419
South_Areas_B35b,2018,3,16.87150952
Kwambo_A017,2018,3,16.74166399
Teranera_C55,2018,3,16.88980406
Port_Durnford_B044,2018,3,16.43673866
Nyalazi_B032,2018,4,13.6802652
Palm_Ridge_C15a,2018,4,13.43991256
Futululu_E6a,2018,4,13.57542655
Mtubatuba_B003,2018,4,13.65267939
Trust_D13,2018,4,13.68765509
Trust_E23,2018,4,13.63552547
Trust_E24,2018,4,13.66349609
Mavuya_B3a,2018,4,13.83644454
Salpine_G22,2018,4,13.9621147
Salpine_G33,2018,4,13.69290844
Salpine_F7,2018,4,13.65277122
Kwambo_F011A,2018,4,13.68610962
Nseleni_J006,2018,4,13.98668018
Terranera_B38,2018,4,13.60548185
South_Areas_B35b,2018,4,13.77317055
Kwambo_A017,2018,4,13.64575254
Teranera_C55,2018,4,13.94360948
Port_Durnford_B044,2018,4,13.74457755
Nyalazi_B032,2018,5,10.65635948
Palm_Ridge_C15a,2018,5,10.63276183
Futululu_E6a,2018,5,10.45534113
Mtubatuba_B003,2018,5,10.66292765
Trust_D13,2018,5,10.8978587
Trust_E23,2018,5,10.66427004
Trust_E24,2018,5,10.78646127
Mavuya_B3a,2018,5,11.00275407
Salpine_G22,2018,5,11.04778529
Salpine_G33,2018,5,10.73224748
Salpine_F7,2018,5,10.47415708
Kwambo_F011A,2018,5,10.62903016
Nseleni_J006,2018,5,11.10528155
Terranera_B38,2018,5,10.73682747
South_Areas_B35b,2018,5,10.98069498
Kwambo_A017,2018,5,10.51918765
Teranera_C55,2018,5,11.05447161
Port_Durnford_B044,2018,5,11.06859584
Nyalazi_B032,2018,6,10.559543
Palm_Ridge_C15a,2018,6,10.53206943
Futululu_E6a,2018,6,10.36167321
Mtubatuba_B003,2018,6,10.56796436
Trust_D13,2018,6,10.80536252
Trust_E23,2018,6,10.57324434
Trust_E24,2018,6,10.70520796
Mavuya_B3a,2018,6,10.89174162
Salpine_G22,2018,6,10.95627259
Salpine_G33,2018,6,10.64002012
Salpine_F7,2018,6,10.38982455
Kwambo_F011A,2018,6,10.57515675
Nseleni_J006,2018,6,11.00233415
Terranera_B38,2018,6,10.67201555
South_Areas_B35b,2018,6,10.88486663
Kwambo_A017,2018,6,10.44095712
Teranera_C55,2018,6,10.96022044
Port_Durnford_B044,2018,6,11.00407925
Nyalazi_B032,2018,7,10.81756528
Palm_Ridge_C15a,2018,7,10.81226485
Futululu_E6a,2018,7,10.68144189
Mtubatuba_B003,2018,7,10.86269643
Trust_D13,2018,7,11.03144716
Trust_E23,2018,7,10.85795477
Trust_E24,2018,7,10.91358711
Mavuya_B3a,2018,7,11.12236108
Salpine_G22,2018,7,11.17795087
Salpine_G33,2018,7,10.97433224
Salpine_F7,2018,7,10.66106378
Kwambo_F011A,2018,7,10.84050281
Nseleni_J006,2018,7,11.33799659
Terranera_B38,2018,7,11.02737401
South_Areas_B35b,2018,7,11.19124414
Kwambo_A017,2018,7,10.69003842
Teranera_C55,2018,7,11.24236706
Port_Durnford_B044,2018,7,11.33647624
Nyalazi_B032,2018,8,10.88699639
Palm_Ridge_C15a,2018,8,10.84722163
Futululu_E6a,2018,8,10.7289477
Mtubatuba_B003,2018,8,10.89127138
Trust_D13,2018,8,11.06584815
Trust_E23,2018,8,10.88422326
Trust_E24,2018,8,10.94880331
Mavuya_B3a,2018,8,11.1686294
Salpine_G22,2018,8,11.23325705
Salpine_G33,2018,8,11.02449174
Salpine_F7,2018,8,10.75370488
Kwambo_F011A,2018,8,10.9069337
Nseleni_J006,2018,8,11.41665574
Terranera_B38,2018,8,11.05053656
South_Areas_B35b,2018,8,11.24956131
Kwambo_A017,2018,8,10.80542107
Teranera_C55,2018,8,11.30868532
Port_Durnford_B044,2018,8,11.37955002
Nyalazi_B032,2018,9,13.84766923
Palm_Ridge_C15a,2018,9,13.88759438
Futululu_E6a,2018,9,13.75594174
Mtubatuba_B003,2018,9,13.9386337
Trust_D13,2018,9,14.07286339
Trust_E23,2018,9,13.88765042
Trust_E24,2018,9,13.92056851
Mavuya_B3a,2018,9,14.15638775
Salpine_G22,2018,9,14.03191716
Salpine_G33,2018,9,13.89562009
Salpine_F7,2018,9,14.05914691
Kwambo_F011A,2018,9,14.05062625
Nseleni_J006,2018,9,14.32902377
Terranera_B38,2018,9,13.96461163
South_Areas_B35b,2018,9,14.08055037
Kwambo_A017,2018,9,13.98699554
Teranera_C55,2018,9,14.09235268
Port_Durnford_B044,2018,9,14.34057672
