Compt_ID,year,month,tmp_min
Nyalazi_B032,2008,1,20.57201164
Palm_Ridge_C15a,2008,1,20.51006382
Futululu_E6a,2008,1,20.48811135
Mtubatuba_B003,2008,1,20.57754558
Trust_D13,2008,1,20.42259253
Trust_E23,2008,1,20.60525272
Trust_E24,2008,1,20.57631795
Mavuya_B3a,2008,1,20.63926537
Salpine_G22,2008,1,20.97242488
Salpine_G33,2008,1,20.70806536
Salpine_F7,2008,1,20.609913
Kwambo_F011A,2008,1,20.38744041
Nseleni_J006,2008,1,20.71102688
Terranera_B38,2008,1,20.23841683
South_Areas_B35b,2008,1,20.3240558
Kwambo_A017,2008,1,20.61057255
Teranera_C55,2008,1,20.71137762
Port_Durnford_B044,2008,1,20.55903203
Nyalazi_B032,2008,2,20.25567541
Palm_Ridge_C15a,2008,2,20.13860151
Futululu_E6a,2008,2,20.16551395
Mtubatuba_B003,2008,2,20.21268584
Trust_D13,2008,2,20.13328396
Trust_E23,2008,2,20.20982465
Trust_E24,2008,2,20.21582323
Mavuya_B3a,2008,2,20.314052
Salpine_G22,2008,2,20.73516278
Salpine_G33,2008,2,20.42154859
Salpine_F7,2008,2,20.48274346
Kwambo_F011A,2008,2,20.23021598
Nseleni_J006,2008,2,20.37206345
Terranera_B38,2008,2,20.02576033
South_Areas_B35b,2008,2,20.09313675
Kwambo_A017,2008,2,20.50489482
Teranera_C55,2008,2,20.45395142
Port_Durnford_B044,2008,2,20.57405264
Nyalazi_B032,2008,3,18.99575533
Palm_Ridge_C15a,2008,3,18.28203854
Futululu_E6a,2008,3,19.12129719
Mtubatuba_B003,2008,3,19.09374992
Trust_D13,2008,3,19.15359286
Trust_E23,2008,3,19.15757888
Trust_E24,2008,3,19.14601815
Mavuya_B3a,2008,3,18.27066497
Salpine_G22,2008,3,19.78631831
Salpine_G33,2008,3,19.64323276
Salpine_F7,2008,3,18.63426395
Kwambo_F011A,2008,3,19.39953793
Nseleni_J006,2008,3,19.24038361
Terranera_B38,2008,3,19.31461997
South_Areas_B35b,2008,3,19.34980361
Kwambo_A017,2008,3,19.36031149
Teranera_C55,2008,3,19.40721309
Port_Durnford_B044,2008,3,19.59629011
Nyalazi_B032,2008,4,15.76241639
Palm_Ridge_C15a,2008,4,15.6304325
Futululu_E6a,2008,4,15.83468044
Mtubatuba_B003,2008,4,15.79409973
Trust_D13,2008,4,15.90195044
Trust_E23,2008,4,15.91368995
Trust_E24,2008,4,15.89873054
Mavuya_B3a,2008,4,15.80884702
Salpine_G22,2008,4,16.72508503
Salpine_G33,2008,4,16.42608162
Salpine_F7,2008,4,15.94241766
Kwambo_F011A,2008,4,15.9280076
Nseleni_J006,2008,4,15.85541234
Terranera_B38,2008,4,15.90179136
South_Areas_B35b,2008,4,15.79610905
Kwambo_A017,2008,4,15.9634304
Teranera_C55,2008,4,15.61245364
Port_Durnford_B044,2008,4,15.93366933
Nyalazi_B032,2008,5,14.72395151
Palm_Ridge_C15a,2008,5,14.50151652
Futululu_E6a,2008,5,14.77683077
Mtubatuba_B003,2008,5,14.77465393
Trust_D13,2008,5,14.69151345
Trust_E23,2008,5,14.74908356
Trust_E24,2008,5,14.76041628
Mavuya_B3a,2008,5,14.49755553
Salpine_G22,2008,5,15.51459675
Salpine_G33,2008,5,15.18744149
Salpine_F7,2008,5,14.66343752
Kwambo_F011A,2008,5,14.83611163
Nseleni_J006,2008,5,14.7951312
Terranera_B38,2008,5,14.8091698
South_Areas_B35b,2008,5,14.76998051
Kwambo_A017,2008,5,14.99774635
Teranera_C55,2008,5,14.67519249
Port_Durnford_B044,2008,5,15.12056863
Nyalazi_B032,2008,6,11.97695167
Palm_Ridge_C15a,2008,6,11.67999223
Futululu_E6a,2008,6,12.18770067
Mtubatuba_B003,2008,6,12.16956349
Trust_D13,2008,6,11.92542438
Trust_E23,2008,6,12.17910332
Trust_E24,2008,6,12.17688667
Mavuya_B3a,2008,6,11.78192719
Salpine_G22,2008,6,12.33442125
Salpine_G33,2008,6,12.23405354
Salpine_F7,2008,6,12.11611594
Kwambo_F011A,2008,6,12.14524076
Nseleni_J006,2008,6,12.30553307
Terranera_B38,2008,6,12.16188639
South_Areas_B35b,2008,6,12.0958191
Kwambo_A017,2008,6,12.12823729
Teranera_C55,2008,6,12.19106586
Port_Durnford_B044,2008,6,12.0674929
Nyalazi_B032,2008,7,11.8151126
Palm_Ridge_C15a,2008,7,11.46551462
Futululu_E6a,2008,7,11.95367172
Mtubatuba_B003,2008,7,11.95348689
Trust_D13,2008,7,11.64838485
Trust_E23,2008,7,11.97258696
Trust_E24,2008,7,11.96132422
Mavuya_B3a,2008,7,11.61461038
Salpine_G22,2008,7,12.13029739
Salpine_G33,2008,7,12.05034617
Salpine_F7,2008,7,12.01088063
Kwambo_F011A,2008,7,11.94302446
Nseleni_J006,2008,7,12.09306944
Terranera_B38,2008,7,11.95551274
South_Areas_B35b,2008,7,11.85198888
Kwambo_A017,2008,7,11.9399807
Teranera_C55,2008,7,11.99997349
Port_Durnford_B044,2008,7,11.86246796
Nyalazi_B032,2008,8,14.0659825
Palm_Ridge_C15a,2008,8,13.62065189
Futululu_E6a,2008,8,14.03492027
Mtubatuba_B003,2008,8,14.08577626
Trust_D13,2008,8,13.65360182
Trust_E23,2008,8,14.00445453
Trust_E24,2008,8,13.95057541
Mavuya_B3a,2008,8,13.74975935
Salpine_G22,2008,8,14.27577894
Salpine_G33,2008,8,14.15449887
Salpine_F7,2008,8,13.8007001
Kwambo_F011A,2008,8,13.50914464
Nseleni_J006,2008,8,14.18179641
Terranera_B38,2008,8,13.50547275
South_Areas_B35b,2008,8,13.61478242
Kwambo_A017,2008,8,14.23681157
Teranera_C55,2008,8,14.1988966
Port_Durnford_B044,2008,8,13.86820269
Nyalazi_B032,2008,9,13.98800046
Palm_Ridge_C15a,2008,9,13.56557386
Futululu_E6a,2008,9,13.97119408
Mtubatuba_B003,2008,9,14.02445463
Trust_D13,2008,9,13.58905405
Trust_E23,2008,9,13.93300533
Trust_E24,2008,9,13.87689211
Mavuya_B3a,2008,9,13.68493131
Salpine_G22,2008,9,14.13474688
Salpine_G33,2008,9,14.04768374
Salpine_F7,2008,9,13.78514466
Kwambo_F011A,2008,9,13.4536456
Nseleni_J006,2008,9,14.08181212
Terranera_B38,2008,9,13.44879864
South_Areas_B35b,2008,9,13.55105055
Kwambo_A017,2008,9,14.17349648
Teranera_C55,2008,9,14.11574589
Port_Durnford_B044,2008,9,13.82224129
Nyalazi_B032,2008,10,16.50432982
Palm_Ridge_C15a,2008,10,16.87399356
Futululu_E6a,2008,10,16.45200146
Mtubatuba_B003,2008,10,16.60634945
Trust_D13,2008,10,16.5460105
Trust_E23,2008,10,17.03168738
Trust_E24,2008,10,17.02476832
Mavuya_B3a,2008,10,17.00084445
Salpine_G22,2008,10,16.90395624
Salpine_G33,2008,10,17.0942893
Salpine_F7,2008,10,16.26589437
Kwambo_F011A,2008,10,15.97693937
Nseleni_J006,2008,10,17.01237593
Terranera_B38,2008,10,16.64239816
South_Areas_B35b,2008,10,16.68955774
Kwambo_A017,2008,10,16.19949265
Teranera_C55,2008,10,16.9018532
Port_Durnford_B044,2008,10,15.98755282
Nyalazi_B032,2008,11,19.28688273
Palm_Ridge_C15a,2008,11,19.81624737
Futululu_E6a,2008,11,19.08685944
Mtubatuba_B003,2008,11,19.06993789
Trust_D13,2008,11,20.01700412
Trust_E23,2008,11,19.6314263
Trust_E24,2008,11,19.65351029
Mavuya_B3a,2008,11,19.89234084
Salpine_G22,2008,11,20.06434663
Salpine_G33,2008,11,19.60919348
Salpine_F7,2008,11,18.67748104
Kwambo_F011A,2008,11,19.07268584
Nseleni_J006,2008,11,20.05675306
Terranera_B38,2008,11,19.69592563
South_Areas_B35b,2008,11,20.1278523
Kwambo_A017,2008,11,18.98260536
Teranera_C55,2008,11,20.1413318
Port_Durnford_B044,2008,11,18.34333531
Nyalazi_B032,2008,12,20.00776463
Palm_Ridge_C15a,2008,12,20.43292446
Futululu_E6a,2008,12,20.04781641
Mtubatuba_B003,2008,12,19.99308878
Trust_D13,2008,12,20.59724361
Trust_E23,2008,12,20.52887557
Trust_E24,2008,12,20.52169253
Mavuya_B3a,2008,12,20.4880816
Salpine_G22,2008,12,20.42974311
Salpine_G33,2008,12,20.30151153
Salpine_F7,2008,12,19.59695664
Kwambo_F011A,2008,12,19.91699243
Nseleni_J006,2008,12,20.64932567
Terranera_B38,2008,12,20.45263412
South_Areas_B35b,2008,12,20.63276509
Kwambo_A017,2008,12,19.90295003
Teranera_C55,2008,12,20.63633893
Port_Durnford_B044,2008,12,19.72265188
Nyalazi_B032,2009,1,21.09757219
Palm_Ridge_C15a,2009,1,20.97577103
Futululu_E6a,2009,1,20.89814677
Mtubatuba_B003,2009,1,20.97121205
Trust_D13,2009,1,21.37832973
Trust_E23,2009,1,21.19411557
Trust_E24,2009,1,21.20023376
Mavuya_B3a,2009,1,21.0670892
Salpine_G22,2009,1,21.50440881
Salpine_G33,2009,1,21.2685936
Salpine_F7,2009,1,20.62496867
Kwambo_F011A,2009,1,21.1417192
Nseleni_J006,2009,1,21.44699186
Terranera_B38,2009,1,21.43406172
South_Areas_B35b,2009,1,21.53521004
Kwambo_A017,2009,1,21.06080248
Teranera_C55,2009,1,21.4855443
Port_Durnford_B044,2009,1,20.61130673
Nyalazi_B032,2009,2,20.69421318
Palm_Ridge_C15a,2009,2,20.544741
Futululu_E6a,2009,2,20.43618684
Mtubatuba_B003,2009,2,20.45808533
Trust_D13,2009,2,20.95571479
Trust_E23,2009,2,20.70369029
Trust_E24,2009,2,20.73968089
Mavuya_B3a,2009,2,20.6708439
Salpine_G22,2009,2,21.08075407
Salpine_G33,2009,2,20.78103095
Salpine_F7,2009,2,20.28208014
Kwambo_F011A,2009,2,20.72642372
Nseleni_J006,2009,2,21.01179358
Terranera_B38,2009,2,21.00851995
South_Areas_B35b,2009,2,21.15911407
Kwambo_A017,2009,2,20.6892982
Teranera_C55,2009,2,21.12008666
Port_Durnford_B044,2009,2,20.47524909
Nyalazi_B032,2009,3,19.32177514
Palm_Ridge_C15a,2009,3,19.37562108
Futululu_E6a,2009,3,19.2036204
Mtubatuba_B003,2009,3,19.18823837
Trust_D13,2009,3,19.38217696
Trust_E23,2009,3,19.22400937
Trust_E24,2009,3,19.23736756
Mavuya_B3a,2009,3,19.50397627
Salpine_G22,2009,3,19.45743675
Salpine_G33,2009,3,19.29426859
Salpine_F7,2009,3,19.56413502
Kwambo_F011A,2009,3,19.31524835
Nseleni_J006,2009,3,19.27402642
Terranera_B38,2009,3,19.21202274
South_Areas_B35b,2009,3,19.27300863
Kwambo_A017,2009,3,19.51837893
Teranera_C55,2009,3,19.37105647
Port_Durnford_B044,2009,3,19.51533603
Nyalazi_B032,2009,4,16.68952583
Palm_Ridge_C15a,2009,4,16.59156546
Futululu_E6a,2009,4,16.56161347
Mtubatuba_B003,2009,4,16.56820629
Trust_D13,2009,4,16.43535118
Trust_E23,2009,4,16.67608567
Trust_E24,2009,4,16.68756459
Mavuya_B3a,2009,4,16.98209944
Salpine_G22,2009,4,17.09365691
Salpine_G33,2009,4,16.91248199
Salpine_F7,2009,4,16.91563626
Kwambo_F011A,2009,4,16.38303131
Nseleni_J006,2009,4,16.70170302
Terranera_B38,2009,4,16.37928024
South_Areas_B35b,2009,4,16.37534896
Kwambo_A017,2009,4,16.9311839
Teranera_C55,2009,4,16.82103911
Port_Durnford_B044,2009,4,17.01121029
Nyalazi_B032,2009,5,14.75187108
Palm_Ridge_C15a,2009,5,14.68710679
Futululu_E6a,2009,5,14.82214834
Mtubatuba_B003,2009,5,14.65276616
Trust_D13,2009,5,14.88731127
Trust_E23,2009,5,14.6843124
Trust_E24,2009,5,14.71600193
Mavuya_B3a,2009,5,14.76446481
Salpine_G22,2009,5,14.91798412
Salpine_G33,2009,5,14.58368944
Salpine_F7,2009,5,14.81827146
Kwambo_F011A,2009,5,14.72712956
Nseleni_J006,2009,5,15.13055973
Terranera_B38,2009,5,14.65997899
South_Areas_B35b,2009,5,14.91675298
Kwambo_A017,2009,5,15.03481941
Teranera_C55,2009,5,15.13879374
Port_Durnford_B044,2009,5,15.28540829
Nyalazi_B032,2009,6,12.68038728
Palm_Ridge_C15a,2009,6,12.2346478
Futululu_E6a,2009,6,12.82218405
Mtubatuba_B003,2009,6,12.82083785
Trust_D13,2009,6,12.38602874
Trust_E23,2009,6,12.83827799
Trust_E24,2009,6,12.82747627
Mavuya_B3a,2009,6,12.49304446
Salpine_G22,2009,6,12.96885045
Salpine_G33,2009,6,12.96868738
Salpine_F7,2009,6,12.4999951
Kwambo_F011A,2009,6,12.79418891
Nseleni_J006,2009,6,12.87283776
Terranera_B38,2009,6,12.69547812
South_Areas_B35b,2009,6,12.47784579
Kwambo_A017,2009,6,13.21194447
Teranera_C55,2009,6,12.81790864
Port_Durnford_B044,2009,6,12.9724967
Nyalazi_B032,2009,7,11.24482015
Palm_Ridge_C15a,2009,7,10.25680106
Futululu_E6a,2009,7,10.94918215
Mtubatuba_B003,2009,7,10.96913173
Trust_D13,2009,7,10.39285323
Trust_E23,2009,7,11.09861213
Trust_E24,2009,7,11.09456826
Mavuya_B3a,2009,7,10.91833061
Salpine_G22,2009,7,11.58897063
Salpine_G33,2009,7,11.39743939
Salpine_F7,2009,7,10.7427948
Kwambo_F011A,2009,7,10.97589385
Nseleni_J006,2009,7,11.09030831
Terranera_B38,2009,7,10.80879046
South_Areas_B35b,2009,7,10.59590285
Kwambo_A017,2009,7,11.59427545
Teranera_C55,2009,7,11.1318927
Port_Durnford_B044,2009,7,11.09170575
Nyalazi_B032,2009,8,13.36744647
Palm_Ridge_C15a,2009,8,12.45110422
Futululu_E6a,2009,8,13.18662756
Mtubatuba_B003,2009,8,13.26688688
Trust_D13,2009,8,12.38524599
Trust_E23,2009,8,13.1593535
Trust_E24,2009,8,13.16652315
Mavuya_B3a,2009,8,13.29967933
Salpine_G22,2009,8,13.69704954
Salpine_G33,2009,8,13.49018986
Salpine_F7,2009,8,13.14837885
Kwambo_F011A,2009,8,12.61606234
Nseleni_J006,2009,8,13.32407831
Terranera_B38,2009,8,12.48797131
South_Areas_B35b,2009,8,12.48958409
Kwambo_A017,2009,8,13.58270866
Teranera_C55,2009,8,13.35127699
Port_Durnford_B044,2009,8,12.85486654
Nyalazi_B032,2009,9,15.49091727
Palm_Ridge_C15a,2009,9,15.07222777
Futululu_E6a,2009,9,14.97827874
Mtubatuba_B003,2009,9,15.36417899
Trust_D13,2009,9,14.64544137
Trust_E23,2009,9,15.37018089
Trust_E24,2009,9,15.35569108
Mavuya_B3a,2009,9,15.53261939
Salpine_G22,2009,9,15.59503543
Salpine_G33,2009,9,15.52774674
Salpine_F7,2009,9,14.49777542
Kwambo_F011A,2009,9,14.54236581
Nseleni_J006,2009,9,15.41400308
Terranera_B38,2009,9,14.40124833
South_Areas_B35b,2009,9,14.45623962
Kwambo_A017,2009,9,15.02920368
Teranera_C55,2009,9,15.40343317
Port_Durnford_B044,2009,9,14.68822028
Nyalazi_B032,2009,10,17.59818358
Palm_Ridge_C15a,2009,10,17.89904283
Futululu_E6a,2009,10,17.92723507
Mtubatuba_B003,2009,10,17.64595839
Trust_D13,2009,10,17.43625798
Trust_E23,2009,10,17.62940562
Trust_E24,2009,10,17.64368328
Mavuya_B3a,2009,10,17.89895874
Salpine_G22,2009,10,17.76330451
Salpine_G33,2009,10,17.41422818
Salpine_F7,2009,10,18.31745042
Kwambo_F011A,2009,10,17.30470501
Nseleni_J006,2009,10,18.01308662
Terranera_B38,2009,10,16.86821517
South_Areas_B35b,2009,10,17.08812635
Kwambo_A017,2009,10,17.34772114
Teranera_C55,2009,10,18.03898625
Port_Durnford_B044,2009,10,17.63567473
Nyalazi_B032,2009,11,17.91241873
Palm_Ridge_C15a,2009,11,18.08701888
Futululu_E6a,2009,11,18.15708365
Mtubatuba_B003,2009,11,17.82021493
Trust_D13,2009,11,17.55392574
Trust_E23,2009,11,17.76084462
Trust_E24,2009,11,17.80304164
Mavuya_B3a,2009,11,18.23581583
Salpine_G22,2009,11,18.11020322
Salpine_G33,2009,11,17.58271251
Salpine_F7,2009,11,18.59110071
Kwambo_F011A,2009,11,17.35745788
Nseleni_J006,2009,11,18.24389804
Terranera_B38,2009,11,16.92784002
South_Areas_B35b,2009,11,17.18110864
Kwambo_A017,2009,11,17.46593086
Teranera_C55,2009,11,18.27304334
Port_Durnford_B044,2009,11,17.73486207
Nyalazi_B032,2009,12,20.01907194
Palm_Ridge_C15a,2009,12,20.2767024
Futululu_E6a,2009,12,19.96981646
Mtubatuba_B003,2009,12,19.93959297
Trust_D13,2009,12,20.17792428
Trust_E23,2009,12,19.66250587
Trust_E24,2009,12,19.67883754
Mavuya_B3a,2009,12,20.28612309
Salpine_G22,2009,12,19.96802997
Salpine_G33,2009,12,19.58689298
Salpine_F7,2009,12,19.86618062
Kwambo_F011A,2009,12,19.38402409
Nseleni_J006,2009,12,19.89583892
Terranera_B38,2009,12,19.38001858
South_Areas_B35b,2009,12,19.7033336
Kwambo_A017,2009,12,19.39299226
Teranera_C55,2009,12,19.68789175
Port_Durnford_B044,2009,12,19.22878774
Nyalazi_B032,2010,1,21.03418891
Palm_Ridge_C15a,2010,1,21.17777277
Futululu_E6a,2010,1,21.27103909
Mtubatuba_B003,2010,1,21.20089734
Trust_D13,2010,1,21.08123653
Trust_E23,2010,1,21.1451917
Trust_E24,2010,1,21.14842202
Mavuya_B3a,2010,1,21.22627532
Salpine_G22,2010,1,21.41954748
Salpine_G33,2010,1,21.0965922
Salpine_F7,2010,1,21.86152419
Kwambo_F011A,2010,1,21.07643887
Nseleni_J006,2010,1,21.37965928
Terranera_B38,2010,1,20.72140767
South_Areas_B35b,2010,1,20.91370294
Kwambo_A017,2010,1,21.07986069
Teranera_C55,2010,1,21.45158868
Port_Durnford_B044,2010,1,21.24847553
Nyalazi_B032,2010,2,21.12771694
Palm_Ridge_C15a,2010,2,21.26474288
Futululu_E6a,2010,2,21.41751472
Mtubatuba_B003,2010,2,21.32986046
Trust_D13,2010,2,21.21164496
Trust_E23,2010,2,21.26742277
Trust_E24,2010,2,21.26959089
Mavuya_B3a,2010,2,21.31073292
Salpine_G22,2010,2,21.56186451
Salpine_G33,2010,2,21.22332309
Salpine_F7,2010,2,22.06852283
Kwambo_F011A,2010,2,21.27421172
Nseleni_J006,2010,2,21.60332959
Terranera_B38,2010,2,20.90370862
South_Areas_B35b,2010,2,21.11637088
Kwambo_A017,2010,2,21.36366934
Teranera_C55,2010,2,21.75081736
Port_Durnford_B044,2010,2,21.56059518
Nyalazi_B032,2010,3,20.62801442
Palm_Ridge_C15a,2010,3,20.72405004
Futululu_E6a,2010,3,20.6831495
Mtubatuba_B003,2010,3,20.56833871
Trust_D13,2010,3,20.63756466
Trust_E23,2010,3,20.54252969
Trust_E24,2010,3,20.5174098
Mavuya_B3a,2010,3,20.7942336
Salpine_G22,2010,3,21.00058341
Salpine_G33,2010,3,20.60039762
Salpine_F7,2010,3,21.44002273
Kwambo_F011A,2010,3,20.60044372
Nseleni_J006,2010,3,20.76200672
Terranera_B38,2010,3,20.20347989
South_Areas_B35b,2010,3,20.38508686
Kwambo_A017,2010,3,20.63546208
Teranera_C55,2010,3,20.83171972
Port_Durnford_B044,2010,3,20.73162933
Nyalazi_B032,2010,4,18.91346179
Palm_Ridge_C15a,2010,4,18.83211483
Futululu_E6a,2010,4,19.03940727
Mtubatuba_B003,2010,4,18.92512637
Trust_D13,2010,4,18.78355738
Trust_E23,2010,4,18.75341029
Trust_E24,2010,4,18.85811419
Mavuya_B3a,2010,4,19.08313838
Salpine_G22,2010,4,19.18650557
Salpine_G33,2010,4,18.78626005
Salpine_F7,2010,4,19.41555456
Kwambo_F011A,2010,4,18.69624752
Nseleni_J006,2010,4,19.11667588
Terranera_B38,2010,4,18.62640566
South_Areas_B35b,2010,4,18.77415694
Kwambo_A017,2010,4,19.01383952
Teranera_C55,2010,4,19.22364538
Port_Durnford_B044,2010,4,18.81634776
Nyalazi_B032,2010,5,15.75901
Palm_Ridge_C15a,2010,5,15.47734625
Futululu_E6a,2010,5,15.62758167
Mtubatuba_B003,2010,5,15.70147902
Trust_D13,2010,5,15.48774859
Trust_E23,2010,5,15.69901212
Trust_E24,2010,5,15.65683355
Mavuya_B3a,2010,5,15.57578964
Salpine_G22,2010,5,16.24876116
Salpine_G33,2010,5,16.12553251
Salpine_F7,2010,5,15.62194378
Kwambo_F011A,2010,5,15.65521314
Nseleni_J006,2010,5,15.645697
Terranera_B38,2010,5,15.54139476
South_Areas_B35b,2010,5,15.37097867
Kwambo_A017,2010,5,16.00049586
Teranera_C55,2010,5,15.47889488
Port_Durnford_B044,2010,5,15.73861218
Nyalazi_B032,2010,6,12.09197354
Palm_Ridge_C15a,2010,6,11.60768001
Futululu_E6a,2010,6,12.25861451
Mtubatuba_B003,2010,6,12.29001219
Trust_D13,2010,6,11.59954305
Trust_E23,2010,6,12.04954495
Trust_E24,2010,6,12.04792506
Mavuya_B3a,2010,6,11.69310495
Salpine_G22,2010,6,12.35743845
Salpine_G33,2010,6,11.89119382
Salpine_F7,2010,6,11.99929741
Kwambo_F011A,2010,6,12.26138846
Nseleni_J006,2010,6,11.88467619
Terranera_B38,2010,6,11.75348293
South_Areas_B35b,2010,6,11.59775316
Kwambo_A017,2010,6,12.79144113
Teranera_C55,2010,6,11.66224001
Port_Durnford_B044,2010,6,12.40414955
Nyalazi_B032,2010,7,12.31894922
Palm_Ridge_C15a,2010,7,11.84209594
Futululu_E6a,2010,7,12.50939959
Mtubatuba_B003,2010,7,12.51331546
Trust_D13,2010,7,11.85735111
Trust_E23,2010,7,12.2757598
Trust_E24,2010,7,12.28433414
Mavuya_B3a,2010,7,11.90002892
Salpine_G22,2010,7,12.59310144
Salpine_G33,2010,7,12.05429341
Salpine_F7,2010,7,12.21813194
Kwambo_F011A,2010,7,12.45989527
Nseleni_J006,2010,7,12.16986157
Terranera_B38,2010,7,11.93111512
South_Areas_B35b,2010,7,11.83732099
Kwambo_A017,2010,7,12.94952678
Teranera_C55,2010,7,11.89644579
Port_Durnford_B044,2010,7,12.59648825
Nyalazi_B032,2010,8,12.37274314
Palm_Ridge_C15a,2010,8,11.90636408
Futululu_E6a,2010,8,12.57105562
Mtubatuba_B003,2010,8,12.56815033
Trust_D13,2010,8,11.93113307
Trust_E23,2010,8,12.32414826
Trust_E24,2010,8,12.33492939
Mavuya_B3a,2010,8,11.96367242
Salpine_G22,2010,8,12.65586259
Salpine_G33,2010,8,12.10240038
Salpine_F7,2010,8,12.30040287
Kwambo_F011A,2010,8,12.53990933
Nseleni_J006,2010,8,12.21019259
Terranera_B38,2010,8,11.9904759
South_Areas_B35b,2010,8,11.89627044
Kwambo_A017,2010,8,13.03931974
Teranera_C55,2010,8,11.94137017
Port_Durnford_B044,2010,8,12.70367129
Nyalazi_B032,2010,9,16.32962938
Palm_Ridge_C15a,2010,9,15.61528457
Futululu_E6a,2010,9,16.06719915
Mtubatuba_B003,2010,9,16.34246254
Trust_D13,2010,9,15.52145923
Trust_E23,2010,9,16.2529377
Trust_E24,2010,9,16.2778131
Mavuya_B3a,2010,9,16.24984241
Salpine_G22,2010,9,16.65981312
Salpine_G33,2010,9,16.40777038
Salpine_F7,2010,9,16.08389042
Kwambo_F011A,2010,9,15.77383607
Nseleni_J006,2010,9,16.42344332
Terranera_B38,2010,9,15.47274885
South_Areas_B35b,2010,9,15.52547442
Kwambo_A017,2010,9,16.62307795
Teranera_C55,2010,9,16.42651526
Port_Durnford_B044,2010,9,15.98018984
Nyalazi_B032,2010,10,17.40012433
Palm_Ridge_C15a,2010,10,17.50999013
Futululu_E6a,2010,10,17.38617602
Mtubatuba_B003,2010,10,17.48863859
Trust_D13,2010,10,17.36906534
Trust_E23,2010,10,17.65842427
Trust_E24,2010,10,17.66646446
Mavuya_B3a,2010,10,17.59300646
Salpine_G22,2010,10,17.61083204
Salpine_G33,2010,10,17.61272055
Salpine_F7,2010,10,17.23627218
Kwambo_F011A,2010,10,17.43358776
Nseleni_J006,2010,10,17.75329823
Terranera_B38,2010,10,17.72230493
South_Areas_B35b,2010,10,17.64592139
Kwambo_A017,2010,10,17.55791755
Teranera_C55,2010,10,17.82306861
Port_Durnford_B044,2010,10,17.51471408
Nyalazi_B032,2010,11,18.8619041
Palm_Ridge_C15a,2010,11,18.93064217
Futululu_E6a,2010,11,18.74306983
Mtubatuba_B003,2010,11,18.99876943
Trust_D13,2010,11,18.89002406
Trust_E23,2010,11,18.64817812
Trust_E24,2010,11,19.00008631
Mavuya_B3a,2010,11,19.22772788
Salpine_G22,2010,11,19.53971608
Salpine_G33,2010,11,18.72553476
Salpine_F7,2010,11,18.60178292
Kwambo_F011A,2010,11,18.44667281
Nseleni_J006,2010,11,19.39428584
Terranera_B38,2010,11,18.92312148
South_Areas_B35b,2010,11,19.08582881
Kwambo_A017,2010,11,18.80586673
Teranera_C55,2010,11,19.43890237
Port_Durnford_B044,2010,11,18.6489306
Nyalazi_B032,2010,12,19.57782613
Palm_Ridge_C15a,2010,12,19.84519719
Futululu_E6a,2010,12,19.74068098
Mtubatuba_B003,2010,12,19.77108273
Trust_D13,2010,12,19.83787017
Trust_E23,2010,12,19.46685224
Trust_E24,2010,12,19.78529737
Mavuya_B3a,2010,12,19.97489044
Salpine_G22,2010,12,20.13363017
Salpine_G33,2010,12,19.45124612
Salpine_F7,2010,12,19.46716928
Kwambo_F011A,2010,12,19.40159451
Nseleni_J006,2010,12,20.13515746
Terranera_B38,2010,12,19.8606874
South_Areas_B35b,2010,12,20.06973557
Kwambo_A017,2010,12,19.56710874
Teranera_C55,2010,12,20.22700762
Port_Durnford_B044,2010,12,19.62101097
Nyalazi_B032,2011,1,19.84436431
Palm_Ridge_C15a,2011,1,20.29242818
Futululu_E6a,2011,1,19.96453845
Mtubatuba_B003,2011,1,20.00811433
Trust_D13,2011,1,20.28177727
Trust_E23,2011,1,20.2787562
Trust_E24,2011,1,20.31510632
Mavuya_B3a,2011,1,20.67636905
Salpine_G22,2011,1,20.64579787
Salpine_G33,2011,1,20.44924003
Salpine_F7,2011,1,20.28587008
Kwambo_F011A,2011,1,20.66444712
Nseleni_J006,2011,1,20.6304581
Terranera_B38,2011,1,20.70806171
South_Areas_B35b,2011,1,20.69764482
Kwambo_A017,2011,1,20.38281498
Teranera_C55,2011,1,20.88350125
Port_Durnford_B044,2011,1,20.60286647
Nyalazi_B032,2011,2,19.78953989
Palm_Ridge_C15a,2011,2,20.17796072
Futululu_E6a,2011,2,19.86681342
Mtubatuba_B003,2011,2,19.93139424
Trust_D13,2011,2,20.14382035
Trust_E23,2011,2,20.2016299
Trust_E24,2011,2,20.23077899
Mavuya_B3a,2011,2,20.58355925
Salpine_G22,2011,2,20.61931987
Salpine_G33,2011,2,20.459653
Salpine_F7,2011,2,20.25546142
Kwambo_F011A,2011,2,20.65664139
Nseleni_J006,2011,2,20.52451508
Terranera_B38,2011,2,20.69643747
South_Areas_B35b,2011,2,20.64073504
Kwambo_A017,2011,2,20.39834059
Teranera_C55,2011,2,20.84973791
Port_Durnford_B044,2011,2,20.58505826
Nyalazi_B032,2011,3,20.49651684
Palm_Ridge_C15a,2011,3,20.65964041
Futululu_E6a,2011,3,20.46786031
Mtubatuba_B003,2011,3,20.58604442
Trust_D13,2011,3,20.65803214
Trust_E23,2011,3,20.80934942
Trust_E24,2011,3,20.80749
Mavuya_B3a,2011,3,21.03790839
Salpine_G22,2011,3,21.23545698
Salpine_G33,2011,3,21.13452802
Salpine_F7,2011,3,20.52065727
Kwambo_F011A,2011,3,21.18379162
Nseleni_J006,2011,3,21.1351462
Terranera_B38,2011,3,21.3515052
South_Areas_B35b,2011,3,21.29470293
Kwambo_A017,2011,3,20.78700602
Teranera_C55,2011,3,21.4734518
Port_Durnford_B044,2011,3,21.1709794
Nyalazi_B032,2011,4,16.96628366
Palm_Ridge_C15a,2011,4,16.91132537
Futululu_E6a,2011,4,16.67721554
Mtubatuba_B003,2011,4,16.72887026
Trust_D13,2011,4,16.75559311
Trust_E23,2011,4,16.94585913
Trust_E24,2011,4,16.96767246
Mavuya_B3a,2011,4,17.26358997
Salpine_G22,2011,4,17.44073801
Salpine_G33,2011,4,17.53788974
Salpine_F7,2011,4,17.15837331
Kwambo_F011A,2011,4,17.14334848
Nseleni_J006,2011,4,17.24651799
Terranera_B38,2011,4,17.41292297
South_Areas_B35b,2011,4,17.33101967
Kwambo_A017,2011,4,17.24028004
Teranera_C55,2011,4,17.49545985
Port_Durnford_B044,2011,4,17.24417894
Nyalazi_B032,2011,5,14.44607577
Palm_Ridge_C15a,2011,5,14.03828216
Futululu_E6a,2011,5,14.33265176
Mtubatuba_B003,2011,5,14.38025958
Trust_D13,2011,5,14.02514783
Trust_E23,2011,5,14.59822329
Trust_E24,2011,5,14.65560668
Mavuya_B3a,2011,5,14.16687264
Salpine_G22,2011,5,14.58705511
Salpine_G33,2011,5,14.81142703
Salpine_F7,2011,5,14.37020109
Kwambo_F011A,2011,5,14.40802006
Nseleni_J006,2011,5,14.56170298
Terranera_B38,2011,5,14.91680832
South_Areas_B35b,2011,5,14.66927422
Kwambo_A017,2011,5,14.87302547
Teranera_C55,2011,5,14.83878958
Port_Durnford_B044,2011,5,14.88395892
Nyalazi_B032,2011,6,11.68419388
Palm_Ridge_C15a,2011,6,10.74965863
Futululu_E6a,2011,6,11.27063676
Mtubatuba_B003,2011,6,11.22733633
Trust_D13,2011,6,10.71627028
Trust_E23,2011,6,11.29783711
Trust_E24,2011,6,11.30256503
Mavuya_B3a,2011,6,10.82910242
Salpine_G22,2011,6,11.42348745
Salpine_G33,2011,6,11.55498838
Salpine_F7,2011,6,11.29173577
Kwambo_F011A,2011,6,11.6845139
Nseleni_J006,2011,6,11.30005283
Terranera_B38,2011,6,11.68939097
South_Areas_B35b,2011,6,11.40767434
Kwambo_A017,2011,6,11.90584397
Teranera_C55,2011,6,11.58306412
Port_Durnford_B044,2011,6,11.97652379
Nyalazi_B032,2011,7,11.66930242
Palm_Ridge_C15a,2011,7,10.85892514
Futululu_E6a,2011,7,11.24202051
Mtubatuba_B003,2011,7,11.18662803
Trust_D13,2011,7,10.86942541
Trust_E23,2011,7,11.20232595
Trust_E24,2011,7,11.22428326
Mavuya_B3a,2011,7,10.96151128
Salpine_G22,2011,7,11.4558194
Salpine_G33,2011,7,11.46770343
Salpine_F7,2011,7,11.33935624
Kwambo_F011A,2011,7,11.50690162
Nseleni_J006,2011,7,11.26202579
Terranera_B38,2011,7,11.54517767
South_Areas_B35b,2011,7,11.41149821
Kwambo_A017,2011,7,11.76880761
Teranera_C55,2011,7,11.58043297
Port_Durnford_B044,2011,7,11.82946164
Nyalazi_B032,2011,8,12.7532386
Palm_Ridge_C15a,2011,8,12.18572785
Futululu_E6a,2011,8,12.33380934
Mtubatuba_B003,2011,8,12.31091048
Trust_D13,2011,8,12.13573013
Trust_E23,2011,8,12.36947564
Trust_E24,2011,8,12.38393783
Mavuya_B3a,2011,8,12.52415558
Salpine_G22,2011,8,12.81831433
Salpine_G33,2011,8,12.79274801
Salpine_F7,2011,8,12.74913662
Kwambo_F011A,2011,8,12.64667075
Nseleni_J006,2011,8,12.41594087
Terranera_B38,2011,8,12.74704676
South_Areas_B35b,2011,8,12.67322047
Kwambo_A017,2011,8,12.87746877
Teranera_C55,2011,8,12.89902171
Port_Durnford_B044,2011,8,12.82492013
Nyalazi_B032,2011,9,15.50884681
Palm_Ridge_C15a,2011,9,15.48926014
Futululu_E6a,2011,9,15.45547722
Mtubatuba_B003,2011,9,15.45478028
Trust_D13,2011,9,15.34563622
Trust_E23,2011,9,15.490741
Trust_E24,2011,9,15.45366062
Mavuya_B3a,2011,9,15.54438127
Salpine_G22,2011,9,15.57602081
Salpine_G33,2011,9,15.76252875
Salpine_F7,2011,9,15.47581187
Kwambo_F011A,2011,9,15.59744014
Nseleni_J006,2011,9,15.54843148
Terranera_B38,2011,9,15.81823426
South_Areas_B35b,2011,9,15.73300247
Kwambo_A017,2011,9,15.64138265
Teranera_C55,2011,9,15.8241437
Port_Durnford_B044,2011,9,15.71687062
Nyalazi_B032,2011,10,16.26820466
Palm_Ridge_C15a,2011,10,16.16812556
Futululu_E6a,2011,10,16.01416423
Mtubatuba_B003,2011,10,16.00433325
Trust_D13,2011,10,16.03427091
Trust_E23,2011,10,16.16222925
Trust_E24,2011,10,16.14251145
Mavuya_B3a,2011,10,16.46858133
Salpine_G22,2011,10,16.45835162
Salpine_G33,2011,10,16.71806764
Salpine_F7,2011,10,16.26425587
Kwambo_F011A,2011,10,16.44814795
Nseleni_J006,2011,10,16.35868713
Terranera_B38,2011,10,16.63184099
South_Areas_B35b,2011,10,16.57453104
Kwambo_A017,2011,10,16.45321659
Teranera_C55,2011,10,16.72996538
Port_Durnford_B044,2011,10,16.38997075
Nyalazi_B032,2011,11,17.77355988
Palm_Ridge_C15a,2011,11,17.77610907
Futululu_E6a,2011,11,17.39742461
Mtubatuba_B003,2011,11,17.41758849
Trust_D13,2011,11,17.55674815
Trust_E23,2011,11,17.66836718
Trust_E24,2011,11,17.59450616
Mavuya_B3a,2011,11,18.02360046
Salpine_G22,2011,11,17.86451017
Salpine_G33,2011,11,18.03276471
Salpine_F7,2011,11,17.71303496
Kwambo_F011A,2011,11,17.80401312
Nseleni_J006,2011,11,17.67107266
Terranera_B38,2011,11,17.67759167
South_Areas_B35b,2011,11,17.72160565
Kwambo_A017,2011,11,17.67058396
Teranera_C55,2011,11,17.89342157
Port_Durnford_B044,2011,11,17.43632105
Nyalazi_B032,2011,12,19.38432137
Palm_Ridge_C15a,2011,12,19.38980057
Futululu_E6a,2011,12,19.33181915
Mtubatuba_B003,2011,12,19.33666126
Trust_D13,2011,12,19.42448249
Trust_E23,2011,12,19.44176021
Trust_E24,2011,12,19.45242142
Mavuya_B3a,2011,12,19.54091407
Salpine_G22,2011,12,19.69430314
Salpine_G33,2011,12,19.72973466
Salpine_F7,2011,12,19.40342111
Kwambo_F011A,2011,12,19.75101618
Nseleni_J006,2011,12,19.48448883
Terranera_B38,2011,12,19.76540185
South_Areas_B35b,2011,12,19.71845041
Kwambo_A017,2011,12,19.57011198
Teranera_C55,2011,12,19.80000768
Port_Durnford_B044,2011,12,19.64312711
Nyalazi_B032,2012,1,20.36025153
Palm_Ridge_C15a,2012,1,20.90673841
Futululu_E6a,2012,1,20.50007668
Mtubatuba_B003,2012,1,20.49554106
Trust_D13,2012,1,20.58924493
Trust_E23,2012,1,20.82041197
Trust_E24,2012,1,20.82296653
Mavuya_B3a,2012,1,20.89959591
Salpine_G22,2012,1,20.64941872
Salpine_G33,2012,1,20.87042818
Salpine_F7,2012,1,20.5997793
Kwambo_F011A,2012,1,21.67501757
Nseleni_J006,2012,1,20.83737831
Terranera_B38,2012,1,21.06759204
South_Areas_B35b,2012,1,21.06256956
Kwambo_A017,2012,1,21.39360151
Teranera_C55,2012,1,21.72232166
Port_Durnford_B044,2012,1,21.79314633
Nyalazi_B032,2012,2,20.39067046
Palm_Ridge_C15a,2012,2,20.94418958
Futululu_E6a,2012,2,20.52112657
Mtubatuba_B003,2012,2,20.51596853
Trust_D13,2012,2,20.60943396
Trust_E23,2012,2,20.85364023
Trust_E24,2012,2,20.85488745
Mavuya_B3a,2012,2,20.93619438
Salpine_G22,2012,2,20.66773393
Salpine_G33,2012,2,20.9189089
Salpine_F7,2012,2,20.60920311
Kwambo_F011A,2012,2,21.69783589
Nseleni_J006,2012,2,20.87086517
Terranera_B38,2012,2,21.10478983
South_Areas_B35b,2012,2,21.09975687
Kwambo_A017,2012,2,21.41263235
Teranera_C55,2012,2,21.75264401
Port_Durnford_B044,2012,2,21.8192185
Nyalazi_B032,2012,3,19.52711686
Palm_Ridge_C15a,2012,3,19.43994271
Futululu_E6a,2012,3,19.31438189
Mtubatuba_B003,2012,3,19.44609799
Trust_D13,2012,3,19.38508064
Trust_E23,2012,3,19.59485399
Trust_E24,2012,3,19.55868274
Mavuya_B3a,2012,3,19.65156264
Salpine_G22,2012,3,19.85376207
Salpine_G33,2012,3,19.91408424
Salpine_F7,2012,3,19.48113682
Kwambo_F011A,2012,3,19.92033856
Nseleni_J006,2012,3,19.78404882
Terranera_B38,2012,3,19.86177917
South_Areas_B35b,2012,3,19.86212373
Kwambo_A017,2012,3,20.00070328
Teranera_C55,2012,3,20.11688799
Port_Durnford_B044,2012,3,19.91976171
Nyalazi_B032,2012,4,15.54374345
Palm_Ridge_C15a,2012,4,15.38198565
Futululu_E6a,2012,4,15.36221141
Mtubatuba_B003,2012,4,15.34206971
Trust_D13,2012,4,15.17019181
Trust_E23,2012,4,15.42659341
Trust_E24,2012,4,15.46949844
Mavuya_B3a,2012,4,15.72259364
Salpine_G22,2012,4,15.97043506
Salpine_G33,2012,4,15.89241726
Salpine_F7,2012,4,15.52338972
Kwambo_F011A,2012,4,15.78738092
Nseleni_J006,2012,4,15.45614366
Terranera_B38,2012,4,15.89077909
South_Areas_B35b,2012,4,15.85317743
Kwambo_A017,2012,4,15.90127257
Teranera_C55,2012,4,15.99445366
Port_Durnford_B044,2012,4,16.11136372
Nyalazi_B032,2012,5,15.34641923
Palm_Ridge_C15a,2012,5,15.08794419
Futululu_E6a,2012,5,15.20376681
Mtubatuba_B003,2012,5,15.16762221
Trust_D13,2012,5,14.8519044
Trust_E23,2012,5,15.29255899
Trust_E24,2012,5,15.32307515
Mavuya_B3a,2012,5,15.35223332
Salpine_G22,2012,5,15.59493404
Salpine_G33,2012,5,15.59946819
Salpine_F7,2012,5,15.13356453
Kwambo_F011A,2012,5,15.6424335
Nseleni_J006,2012,5,15.32049501
Terranera_B38,2012,5,15.69613942
South_Areas_B35b,2012,5,15.61841066
Kwambo_A017,2012,5,15.76694847
Teranera_C55,2012,5,15.7870624
Port_Durnford_B044,2012,5,16.01415538
Nyalazi_B032,2012,6,11.92223732
Palm_Ridge_C15a,2012,6,11.44732423
Futululu_E6a,2012,6,11.78968832
Mtubatuba_B003,2012,6,11.73215018
Trust_D13,2012,6,11.31801547
Trust_E23,2012,6,11.98998514
Trust_E24,2012,6,12.0818978
Mavuya_B3a,2012,6,11.52813982
Salpine_G22,2012,6,11.85900713
Salpine_G33,2012,6,12.01385705
Salpine_F7,2012,6,11.57746963
Kwambo_F011A,2012,6,12.03438707
Nseleni_J006,2012,6,11.73990271
Terranera_B38,2012,6,12.2671025
South_Areas_B35b,2012,6,11.77767327
Kwambo_A017,2012,6,12.46878855
Teranera_C55,2012,6,11.80714595
Port_Durnford_B044,2012,6,12.48798857
Nyalazi_B032,2012,7,11.77348634
Palm_Ridge_C15a,2012,7,11.36148138
Futululu_E6a,2012,7,11.65814093
Mtubatuba_B003,2012,7,11.62057068
Trust_D13,2012,7,11.25476627
Trust_E23,2012,7,11.85469403
Trust_E24,2012,7,11.92455058
Mavuya_B3a,2012,7,11.42445434
Salpine_G22,2012,7,11.69245819
Salpine_G33,2012,7,11.85867984
Salpine_F7,2012,7,11.47719327
Kwambo_F011A,2012,7,11.87263123
Nseleni_J006,2012,7,11.58031912
Terranera_B38,2012,7,12.07378458
South_Areas_B35b,2012,7,11.59441141
Kwambo_A017,2012,7,12.26140647
Teranera_C55,2012,7,11.62695246
Port_Durnford_B044,2012,7,12.27027397
Nyalazi_B032,2012,8,12.88094252
Palm_Ridge_C15a,2012,8,12.48286012
Futululu_E6a,2012,8,12.74747198
Mtubatuba_B003,2012,8,12.67473578
Trust_D13,2012,8,12.25820962
Trust_E23,2012,8,12.58781762
Trust_E24,2012,8,12.63021223
Mavuya_B3a,2012,8,12.62086396
Salpine_G22,2012,8,12.878766
Salpine_G33,2012,8,12.84854253
Salpine_F7,2012,8,12.94024098
Kwambo_F011A,2012,8,13.26750394
Nseleni_J006,2012,8,12.84233066
Terranera_B38,2012,8,13.14463144
South_Areas_B35b,2012,8,13.03572821
Kwambo_A017,2012,8,13.38785503
Teranera_C55,2012,8,13.14849505
Port_Durnford_B044,2012,8,13.51433927
Nyalazi_B032,2012,9,15.00631006
Palm_Ridge_C15a,2012,9,14.49649556
Futululu_E6a,2012,9,14.72727171
Mtubatuba_B003,2012,9,14.99017325
Trust_D13,2012,9,14.1604741
Trust_E23,2012,9,15.0714524
Trust_E24,2012,9,15.04884697
Mavuya_B3a,2012,9,14.96950465
Salpine_G22,2012,9,15.40854245
Salpine_G33,2012,9,15.44787074
Salpine_F7,2012,9,14.5356192
Kwambo_F011A,2012,9,14.42271792
Nseleni_J006,2012,9,15.15555445
Terranera_B38,2012,9,14.55168273
South_Areas_B35b,2012,9,14.55399142
Kwambo_A017,2012,9,15.09319803
Teranera_C55,2012,9,15.27949292
Port_Durnford_B044,2012,9,14.75458826
Nyalazi_B032,2012,10,17.53021635
Palm_Ridge_C15a,2012,10,16.80075235
Futululu_E6a,2012,10,17.35569155
Mtubatuba_B003,2012,10,17.3797521
Trust_D13,2012,10,17.54211383
Trust_E23,2012,10,17.79342096
Trust_E24,2012,10,17.69348263
Mavuya_B3a,2012,10,17.02661597
Salpine_G22,2012,10,17.74688164
Salpine_G33,2012,10,17.94234085
Salpine_F7,2012,10,16.64811261
Kwambo_F011A,2012,10,17.63054459
Nseleni_J006,2012,10,17.82035046
Terranera_B38,2012,10,17.88019247
South_Areas_B35b,2012,10,17.80042587
Kwambo_A017,2012,10,17.35586659
Teranera_C55,2012,10,17.9196175
Port_Durnford_B044,2012,10,17.16454242
Nyalazi_B032,2012,11,17.73451611
Palm_Ridge_C15a,2012,11,17.00654797
Futululu_E6a,2012,11,17.53654112
Mtubatuba_B003,2012,11,17.56158623
Trust_D13,2012,11,17.73553259
Trust_E23,2012,11,17.98535813
Trust_E24,2012,11,17.85633649
Mavuya_B3a,2012,11,17.23999168
Salpine_G22,2012,11,17.87048727
Salpine_G33,2012,11,18.10906991
Salpine_F7,2012,11,16.88437636
Kwambo_F011A,2012,11,17.88492626
Nseleni_J006,2012,11,17.96120819
Terranera_B38,2012,11,18.09637207
South_Areas_B35b,2012,11,17.96134447
Kwambo_A017,2012,11,17.59608164
Teranera_C55,2012,11,18.07184515
Port_Durnford_B044,2012,11,17.47754924
Nyalazi_B032,2012,12,19.73980693
Palm_Ridge_C15a,2012,12,19.76694861
Futululu_E6a,2012,12,19.68297868
Mtubatuba_B003,2012,12,19.69611558
Trust_D13,2012,12,19.74367838
Trust_E23,2012,12,19.88856079
Trust_E24,2012,12,19.85447049
Mavuya_B3a,2012,12,19.95907999
Salpine_G22,2012,12,19.98262137
Salpine_G33,2012,12,20.21299333
Salpine_F7,2012,12,19.80872102
Kwambo_F011A,2012,12,20.40842399
Nseleni_J006,2012,12,20.01943049
Terranera_B38,2012,12,20.35478139
South_Areas_B35b,2012,12,20.32264907
Kwambo_A017,2012,12,20.45424415
Teranera_C55,2012,12,20.6099144
Port_Durnford_B044,2012,12,20.43674773
Nyalazi_B032,2013,1,19.77187906
Palm_Ridge_C15a,2013,1,19.95306033
Futululu_E6a,2013,1,19.78831737
Mtubatuba_B003,2013,1,19.77187304
Trust_D13,2013,1,20.36697186
Trust_E23,2013,1,20.27304594
Trust_E24,2013,1,20.27124479
Mavuya_B3a,2013,1,20.36784783
Salpine_G22,2013,1,20.34896383
Salpine_G33,2013,1,20.33941438
Salpine_F7,2013,1,20.19686837
Kwambo_F011A,2013,1,20.73814034
Nseleni_J006,2013,1,20.46797516
Terranera_B38,2013,1,20.9044039
South_Areas_B35b,2013,1,20.92420177
Kwambo_A017,2013,1,20.7063358
Teranera_C55,2013,1,21.09173118
Port_Durnford_B044,2013,1,20.8608466
Nyalazi_B032,2013,2,19.64258187
Palm_Ridge_C15a,2013,2,19.82317013
Futululu_E6a,2013,2,19.64360964
Mtubatuba_B003,2013,2,19.61558273
Trust_D13,2013,2,20.21140214
Trust_E23,2013,2,20.11166232
Trust_E24,2013,2,20.0873305
Mavuya_B3a,2013,2,20.1866477
Salpine_G22,2013,2,20.13255649
Salpine_G33,2013,2,20.12805851
Salpine_F7,2013,2,20.10787637
Kwambo_F011A,2013,2,20.53812254
Nseleni_J006,2013,2,20.25993703
Terranera_B38,2013,2,20.64369159
South_Areas_B35b,2013,2,20.67002834
Kwambo_A017,2013,2,20.58780851
Teranera_C55,2013,2,20.81842289
Port_Durnford_B044,2013,2,20.67389791
Nyalazi_B032,2013,3,19.05990724
Palm_Ridge_C15a,2013,3,18.93679411
Futululu_E6a,2013,3,18.91661109
Mtubatuba_B003,2013,3,18.92146105
Trust_D13,2013,3,18.85766085
Trust_E23,2013,3,18.97465677
Trust_E24,2013,3,18.98403956
Mavuya_B3a,2013,3,19.22941027
Salpine_G22,2013,3,19.34978745
Salpine_G33,2013,3,19.33503713
Salpine_F7,2013,3,19.22639791
Kwambo_F011A,2013,3,19.0305348
Nseleni_J006,2013,3,19.21052352
Terranera_B38,2013,3,19.06039844
South_Areas_B35b,2013,3,19.09962006
Kwambo_A017,2013,3,19.33990424
Teranera_C55,2013,3,19.41174713
Port_Durnford_B044,2013,3,19.11192825
Nyalazi_B032,2013,4,16.22247316
Palm_Ridge_C15a,2013,4,15.74202652
Futululu_E6a,2013,4,15.95051319
Mtubatuba_B003,2013,4,16.03279771
Trust_D13,2013,4,15.62095899
Trust_E23,2013,4,16.11474552
Trust_E24,2013,4,16.10649395
Mavuya_B3a,2013,4,16.02745585
Salpine_G22,2013,4,16.39919887
Salpine_G33,2013,4,16.43920357
Salpine_F7,2013,4,15.85654265
Kwambo_F011A,2013,4,16.01830431
Nseleni_J006,2013,4,16.1524831
Terranera_B38,2013,4,16.17116505
South_Areas_B35b,2013,4,16.06142859
Kwambo_A017,2013,4,16.48093622
Teranera_C55,2013,4,16.35856128
Port_Durnford_B044,2013,4,16.18059244
Nyalazi_B032,2013,5,14.19660657
Palm_Ridge_C15a,2013,5,13.76268554
Futululu_E6a,2013,5,14.06788235
Mtubatuba_B003,2013,5,14.02263001
Trust_D13,2013,5,13.68575651
Trust_E23,2013,5,14.15961599
Trust_E24,2013,5,14.13645709
Mavuya_B3a,2013,5,13.76438704
Salpine_G22,2013,5,14.45147294
Salpine_G33,2013,5,14.50263682
Salpine_F7,2013,5,13.64149065
Kwambo_F011A,2013,5,13.98422153
Nseleni_J006,2013,5,14.09899439
Terranera_B38,2013,5,14.32043696
South_Areas_B35b,2013,5,14.07764471
Kwambo_A017,2013,5,14.41217747
Teranera_C55,2013,5,14.14952615
Port_Durnford_B044,2013,5,14.12502565
Nyalazi_B032,2013,6,11.88819659
Palm_Ridge_C15a,2013,6,11.5039236
Futululu_E6a,2013,6,11.95294492
Mtubatuba_B003,2013,6,11.98859949
Trust_D13,2013,6,11.53322215
Trust_E23,2013,6,12.23399347
Trust_E24,2013,6,12.24372308
Mavuya_B3a,2013,6,11.35279632
Salpine_G22,2013,6,11.88823916
Salpine_G33,2013,6,12.34851781
Salpine_F7,2013,6,11.66112246
Kwambo_F011A,2013,6,12.38546968
Nseleni_J006,2013,6,11.96505505
Terranera_B38,2013,6,12.46197024
South_Areas_B35b,2013,6,11.87042984
Kwambo_A017,2013,6,12.72482355
Teranera_C55,2013,6,11.96422112
Port_Durnford_B044,2013,6,12.50038665
Nyalazi_B032,2013,7,12.53859005
Palm_Ridge_C15a,2013,7,12.12049683
Futululu_E6a,2013,7,12.60604416
Mtubatuba_B003,2013,7,12.54776217
Trust_D13,2013,7,12.18170683
Trust_E23,2013,7,12.64057465
Trust_E24,2013,7,12.65949864
Mavuya_B3a,2013,7,12.00768985
Salpine_G22,2013,7,12.48647068
Salpine_G33,2013,7,12.6725902
Salpine_F7,2013,7,12.41497412
Kwambo_F011A,2013,7,12.83968526
Nseleni_J006,2013,7,12.50009031
Terranera_B38,2013,7,12.86551807
South_Areas_B35b,2013,7,12.48780279
Kwambo_A017,2013,7,13.16724277
Teranera_C55,2013,7,12.64229156
Port_Durnford_B044,2013,7,13.06807174
Nyalazi_B032,2013,8,12.56416324
Palm_Ridge_C15a,2013,8,12.15940865
Futululu_E6a,2013,8,12.64273463
Mtubatuba_B003,2013,8,12.58610129
Trust_D13,2013,8,12.22478433
Trust_E23,2013,8,12.6882081
Trust_E24,2013,8,12.70380193
Mavuya_B3a,2013,8,12.05093383
Salpine_G22,2013,8,12.50567927
Salpine_G33,2013,8,12.7103315
Salpine_F7,2013,8,12.45812457
Kwambo_F011A,2013,8,12.86111765
Nseleni_J006,2013,8,12.53156385
Terranera_B38,2013,8,12.88974851
South_Areas_B35b,2013,8,12.49897523
Kwambo_A017,2013,8,13.16285354
Teranera_C55,2013,8,12.66683236
Port_Durnford_B044,2013,8,13.05484787
Nyalazi_B032,2013,9,14.85448887
Palm_Ridge_C15a,2013,9,14.50434263
Futululu_E6a,2013,9,14.79038094
Mtubatuba_B003,2013,9,14.83400342
Trust_D13,2013,9,14.49451191
Trust_E23,2013,9,14.88700673
Trust_E24,2013,9,14.87098848
Mavuya_B3a,2013,9,14.58044553
Salpine_G22,2013,9,14.96599017
Salpine_G33,2013,9,15.15258981
Salpine_F7,2013,9,14.34701948
Kwambo_F011A,2013,9,14.87727652
Nseleni_J006,2013,9,14.9411716
Terranera_B38,2013,9,15.06853697
South_Areas_B35b,2013,9,14.85769291
Kwambo_A017,2013,9,14.90887786
Teranera_C55,2013,9,14.95622234
Port_Durnford_B044,2013,9,14.7946378
Nyalazi_B032,2013,10,16.2679114
Palm_Ridge_C15a,2013,10,15.84796858
Futululu_E6a,2013,10,15.89935493
Mtubatuba_B003,2013,10,16.10697208
Trust_D13,2013,10,15.72893226
Trust_E23,2013,10,16.15093789
Trust_E24,2013,10,16.10702017
Mavuya_B3a,2013,10,16.18061076
Salpine_G22,2013,10,16.45354483
Salpine_G33,2013,10,16.47070575
Salpine_F7,2013,10,15.33029132
Kwambo_F011A,2013,10,15.97306458
Nseleni_J006,2013,10,16.23686551
Terranera_B38,2013,10,15.99920142
South_Areas_B35b,2013,10,15.9915218
Kwambo_A017,2013,10,15.8986348
Teranera_C55,2013,10,16.36285931
Port_Durnford_B044,2013,10,15.8821363
Nyalazi_B032,2013,11,18.1912107
Palm_Ridge_C15a,2013,11,18.35806646
Futululu_E6a,2013,11,18.16067068
Mtubatuba_B003,2013,11,18.13065263
Trust_D13,2013,11,18.15473306
Trust_E23,2013,11,18.28547517
Trust_E24,2013,11,18.30184131
Mavuya_B3a,2013,11,18.4314376
Salpine_G22,2013,11,18.4033168
Salpine_G33,2013,11,18.43137487
Salpine_F7,2013,11,18.20620944
Kwambo_F011A,2013,11,17.99608814
Nseleni_J006,2013,11,18.33305362
Terranera_B38,2013,11,18.24828808
South_Areas_B35b,2013,11,18.31814139
Kwambo_A017,2013,11,18.20962832
Teranera_C55,2013,11,18.46800751
Port_Durnford_B044,2013,11,17.95941663
Nyalazi_B032,2013,12,19.36870163
Palm_Ridge_C15a,2013,12,19.2825787
Futululu_E6a,2013,12,19.13368027
Mtubatuba_B003,2013,12,19.11783101
Trust_D13,2013,12,19.07784533
Trust_E23,2013,12,19.05941651
Trust_E24,2013,12,19.06694187
Mavuya_B3a,2013,12,19.65719444
Salpine_G22,2013,12,19.46503661
Salpine_G33,2013,12,19.38397683
Salpine_F7,2013,12,19.37581704
Kwambo_F011A,2013,12,19.05317327
Nseleni_J006,2013,12,19.34703726
Terranera_B38,2013,12,19.17280692
South_Areas_B35b,2013,12,19.26865317
Kwambo_A017,2013,12,19.34515607
Teranera_C55,2013,12,19.52053085
Port_Durnford_B044,2013,12,19.06323461
Nyalazi_B032,2014,1,20.26628312
Palm_Ridge_C15a,2014,1,20.38010268
Futululu_E6a,2014,1,20.12664481
Mtubatuba_B003,2014,1,19.89757365
Trust_D13,2014,1,20.54928434
Trust_E23,2014,1,20.26177114
Trust_E24,2014,1,20.28396299
Mavuya_B3a,2014,1,20.67857393
Salpine_G22,2014,1,20.88897809
Salpine_G33,2014,1,20.47548383
Salpine_F7,2014,1,20.81870453
Kwambo_F011A,2014,1,20.34671643
Nseleni_J006,2014,1,20.86093253
Terranera_B38,2014,1,20.77385587
South_Areas_B35b,2014,1,20.88743748
Kwambo_A017,2014,1,21.01156857
Teranera_C55,2014,1,21.21704255
Port_Durnford_B044,2014,1,20.84274819
Nyalazi_B032,2014,2,20.2162903
Palm_Ridge_C15a,2014,2,20.29486301
Futululu_E6a,2014,2,20.0652132
Mtubatuba_B003,2014,2,19.81977493
Trust_D13,2014,2,20.47866604
Trust_E23,2014,2,20.17838342
Trust_E24,2014,2,20.20366756
Mavuya_B3a,2014,2,20.53403716
Salpine_G22,2014,2,20.77349761
Salpine_G33,2014,2,20.33104772
Salpine_F7,2014,2,20.63834225
Kwambo_F011A,2014,2,20.21742516
Nseleni_J006,2014,2,20.75928469
Terranera_B38,2014,2,20.62739536
South_Areas_B35b,2014,2,20.74449157
Kwambo_A017,2014,2,20.84987718
Teranera_C55,2014,2,21.03657779
Port_Durnford_B044,2014,2,20.71064886
Nyalazi_B032,2014,3,20.17161649
Palm_Ridge_C15a,2014,3,20.17213286
Futululu_E6a,2014,3,19.95318801
Mtubatuba_B003,2014,3,19.79940435
Trust_D13,2014,3,20.29926423
Trust_E23,2014,3,20.11473979
Trust_E24,2014,3,20.13835035
Mavuya_B3a,2014,3,20.49368936
Salpine_G22,2014,3,20.63972956
Salpine_G33,2014,3,20.28395546
Salpine_F7,2014,3,20.37616128
Kwambo_F011A,2014,3,19.97577326
Nseleni_J006,2014,3,20.62409126
Terranera_B38,2014,3,20.30566861
South_Areas_B35b,2014,3,20.35359923
Kwambo_A017,2014,3,20.57410179
Teranera_C55,2014,3,20.79314564
Port_Durnford_B044,2014,3,20.29198998
Nyalazi_B032,2014,4,16.1987231
Palm_Ridge_C15a,2014,4,16.00396981
Futululu_E6a,2014,4,15.91121541
Mtubatuba_B003,2014,4,15.87198864
Trust_D13,2014,4,15.88400535
Trust_E23,2014,4,16.11338013
Trust_E24,2014,4,16.1254119
Mavuya_B3a,2014,4,16.10792353
Salpine_G22,2014,4,16.38337188
Salpine_G33,2014,4,16.40190396
Salpine_F7,2014,4,16.08125117
Kwambo_F011A,2014,4,16.54312917
Nseleni_J006,2014,4,16.21409448
Terranera_B38,2014,4,16.36680205
South_Areas_B35b,2014,4,16.28604405
Kwambo_A017,2014,4,16.92429442
Teranera_C55,2014,4,16.70675315
Port_Durnford_B044,2014,4,16.87891379
Nyalazi_B032,2014,5,14.36680911
Palm_Ridge_C15a,2014,5,14.22153444
Futululu_E6a,2014,5,14.5549893
Mtubatuba_B003,2014,5,14.46590651
Trust_D13,2014,5,14.25895302
Trust_E23,2014,5,14.48458761
Trust_E24,2014,5,14.57686133
Mavuya_B3a,2014,5,14.22349116
Salpine_G22,2014,5,14.51687347
Salpine_G33,2014,5,14.47265699
Salpine_F7,2014,5,14.26093401
Kwambo_F011A,2014,5,14.28508278
Nseleni_J006,2014,5,14.63748359
Terranera_B38,2014,5,14.78739369
South_Areas_B35b,2014,5,14.58517142
Kwambo_A017,2014,5,14.72828736
Teranera_C55,2014,5,14.58596756
Port_Durnford_B044,2014,5,14.77067171
Nyalazi_B032,2014,6,11.545194
Palm_Ridge_C15a,2014,6,11.08280024
Futululu_E6a,2014,6,11.78304081
Mtubatuba_B003,2014,6,11.78980637
Trust_D13,2014,6,11.41905718
Trust_E23,2014,6,11.68347724
Trust_E24,2014,6,11.73950793
Mavuya_B3a,2014,6,10.92246293
Salpine_G22,2014,6,11.62638886
Salpine_G33,2014,6,11.22041407
Salpine_F7,2014,6,11.00466468
Kwambo_F011A,2014,6,11.50455509
Nseleni_J006,2014,6,11.96285545
Terranera_B38,2014,6,11.60727822
South_Areas_B35b,2014,6,11.55119871
Kwambo_A017,2014,6,12.00873591
Teranera_C55,2014,6,11.61846544
Port_Durnford_B044,2014,6,11.99930998
Nyalazi_B032,2014,7,11.4710506
Palm_Ridge_C15a,2014,7,10.99749086
Futululu_E6a,2014,7,11.61625998
Mtubatuba_B003,2014,7,11.70429009
Trust_D13,2014,7,11.26073918
Trust_E23,2014,7,11.57446662
Trust_E24,2014,7,11.60453215
Mavuya_B3a,2014,7,10.82533127
Salpine_G22,2014,7,11.42128738
Salpine_G33,2014,7,11.09190573
Salpine_F7,2014,7,10.89259925
Kwambo_F011A,2014,7,11.26734834
Nseleni_J006,2014,7,11.56176027
Terranera_B38,2014,7,11.29934822
South_Areas_B35b,2014,7,11.24829765
Kwambo_A017,2014,7,11.77830032
Teranera_C55,2014,7,11.29017161
Port_Durnford_B044,2014,7,11.68562088
Nyalazi_B032,2014,8,13.44408086
Palm_Ridge_C15a,2014,8,13.40515778
Futululu_E6a,2014,8,13.76843227
Mtubatuba_B003,2014,8,13.77984162
Trust_D13,2014,8,13.44040641
Trust_E23,2014,8,13.78759977
Trust_E24,2014,8,13.84254995
Mavuya_B3a,2014,8,13.40548191
Salpine_G22,2014,8,13.55869688
Salpine_G33,2014,8,13.62653672
Salpine_F7,2014,8,13.44550079
Kwambo_F011A,2014,8,13.92243766
Nseleni_J006,2014,8,13.75454038
Terranera_B38,2014,8,13.95367854
South_Areas_B35b,2014,8,13.65553069
Kwambo_A017,2014,8,13.94079516
Teranera_C55,2014,8,13.60268453
Port_Durnford_B044,2014,8,13.90369121
Nyalazi_B032,2014,9,15.27479606
Palm_Ridge_C15a,2014,9,14.42707253
Futululu_E6a,2014,9,15.31690723
Mtubatuba_B003,2014,9,15.34592203
Trust_D13,2014,9,14.65825893
Trust_E23,2014,9,15.30593727
Trust_E24,2014,9,15.30275005
Mavuya_B3a,2014,9,14.62932381
Salpine_G22,2014,9,15.31847035
Salpine_G33,2014,9,15.22480248
Salpine_F7,2014,9,14.67491764
Kwambo_F011A,2014,9,15.21433996
Nseleni_J006,2014,9,15.44363919
Terranera_B38,2014,9,15.2677333
South_Areas_B35b,2014,9,15.25147472
Kwambo_A017,2014,9,15.66963231
Teranera_C55,2014,9,15.46024277
Port_Durnford_B044,2014,9,15.5618003
Nyalazi_B032,2014,10,15.37829081
Palm_Ridge_C15a,2014,10,14.81643667
Futululu_E6a,2014,10,15.47379756
Mtubatuba_B003,2014,10,15.48060115
Trust_D13,2014,10,15.00251928
Trust_E23,2014,10,15.42168911
Trust_E24,2014,10,15.42330725
Mavuya_B3a,2014,10,14.93679423
Salpine_G22,2014,10,15.44370815
Salpine_G33,2014,10,15.31585381
Salpine_F7,2014,10,15.01820951
Kwambo_F011A,2014,10,15.4037422
Nseleni_J006,2014,10,15.56014013
Terranera_B38,2014,10,15.40938245
South_Areas_B35b,2014,10,15.45830921
Kwambo_A017,2014,10,15.79056886
Teranera_C55,2014,10,15.63506303
Port_Durnford_B044,2014,10,15.82585914
Nyalazi_B032,2014,11,17.84757088
Palm_Ridge_C15a,2014,11,16.66818665
Futululu_E6a,2014,11,18.00835764
Mtubatuba_B003,2014,11,17.99631284
Trust_D13,2014,11,17.97491152
Trust_E23,2014,11,18.14205639
Trust_E24,2014,11,18.18327305
Mavuya_B3a,2014,11,16.78615484
Salpine_G22,2014,11,18.22997117
Salpine_G33,2014,11,18.15327174
Salpine_F7,2014,11,16.68908736
Kwambo_F011A,2014,11,17.8251661
Nseleni_J006,2014,11,18.31118637
Terranera_B38,2014,11,18.31236434
South_Areas_B35b,2014,11,18.35276414
Kwambo_A017,2014,11,18.05771231
Teranera_C55,2014,11,18.40788724
Port_Durnford_B044,2014,11,18.01631826
Nyalazi_B032,2014,12,19.53055748
Palm_Ridge_C15a,2014,12,19.25227809
Futululu_E6a,2014,12,19.52414898
Mtubatuba_B003,2014,12,19.60076089
Trust_D13,2014,12,19.32778355
Trust_E23,2014,12,19.42997862
Trust_E24,2014,12,19.47925968
Mavuya_B3a,2014,12,19.5469436
Salpine_G22,2014,12,19.67941688
Salpine_G33,2014,12,19.51910091
Salpine_F7,2014,12,19.35424194
Kwambo_F011A,2014,12,19.15461192
Nseleni_J006,2014,12,19.72418237
Terranera_B38,2014,12,19.47870303
South_Areas_B35b,2014,12,19.6638462
Kwambo_A017,2014,12,19.45903352
Teranera_C55,2014,12,19.78806939
Port_Durnford_B044,2014,12,19.49323043
Nyalazi_B032,2015,1,20.73464115
Palm_Ridge_C15a,2015,1,20.74333915
Futululu_E6a,2015,1,20.69865424
Mtubatuba_B003,2015,1,20.84008636
Trust_D13,2015,1,20.70677686
Trust_E23,2015,1,20.85581434
Trust_E24,2015,1,20.84914943
Mavuya_B3a,2015,1,20.82795191
Salpine_G22,2015,1,21.05178528
Salpine_G33,2015,1,21.06012371
Salpine_F7,2015,1,20.48204758
Kwambo_F011A,2015,1,20.97264241
Nseleni_J006,2015,1,20.91781374
Terranera_B38,2015,1,21.07923534
South_Areas_B35b,2015,1,21.01839607
Kwambo_A017,2015,1,20.77452924
Teranera_C55,2015,1,21.12098677
Port_Durnford_B044,2015,1,21.08387819
Nyalazi_B032,2015,2,20.09014512
Palm_Ridge_C15a,2015,2,20.17974671
Futululu_E6a,2015,2,20.13201027
Mtubatuba_B003,2015,2,20.21823846
Trust_D13,2015,2,20.10327486
Trust_E23,2015,2,20.23415803
Trust_E24,2015,2,20.22825445
Mavuya_B3a,2015,2,20.21064223
Salpine_G22,2015,2,20.3157086
Salpine_G33,2015,2,20.37458803
Salpine_F7,2015,2,19.95038834
Kwambo_F011A,2015,2,20.38993482
Nseleni_J006,2015,2,20.2689626
Terranera_B38,2015,2,20.44192853
South_Areas_B35b,2015,2,20.34943689
Kwambo_A017,2015,2,20.10487856
Teranera_C55,2015,2,20.43175349
Port_Durnford_B044,2015,2,20.45101065
Nyalazi_B032,2015,3,20.23965659
Palm_Ridge_C15a,2015,3,20.37488417
Futululu_E6a,2015,3,20.31736458
Mtubatuba_B003,2015,3,20.42949372
Trust_D13,2015,3,20.35038022
Trust_E23,2015,3,20.4597348
Trust_E24,2015,3,20.45358927
Mavuya_B3a,2015,3,20.37527549
Salpine_G22,2015,3,20.41336021
Salpine_G33,2015,3,20.48496703
Salpine_F7,2015,3,19.98720073
Kwambo_F011A,2015,3,20.51684024
Nseleni_J006,2015,3,20.46131957
Terranera_B38,2015,3,20.5613525
South_Areas_B35b,2015,3,20.4672441
Kwambo_A017,2015,3,20.12509683
Teranera_C55,2015,3,20.52244508
Port_Durnford_B044,2015,3,20.50822587
Nyalazi_B032,2015,4,17.44548442
Palm_Ridge_C15a,2015,4,17.37550451
Futululu_E6a,2015,4,17.42483908
Mtubatuba_B003,2015,4,17.57737864
Trust_D13,2015,4,17.35229878
Trust_E23,2015,4,17.52348011
Trust_E24,2015,4,17.60711962
Mavuya_B3a,2015,4,17.32017059
Salpine_G22,2015,4,17.63496805
Salpine_G33,2015,4,17.56895752
Salpine_F7,2015,4,17.0852067
Kwambo_F011A,2015,4,17.44347829
Nseleni_J006,2015,4,17.52714664
Terranera_B38,2015,4,17.63665673
South_Areas_B35b,2015,4,17.46961056
Kwambo_A017,2015,4,17.45964236
Teranera_C55,2015,4,17.49038034
Port_Durnford_B044,2015,4,17.40421455
Nyalazi_B032,2015,5,15.96015277
Palm_Ridge_C15a,2015,5,15.83192524
Futululu_E6a,2015,5,16.09549497
Mtubatuba_B003,2015,5,16.17529567
Trust_D13,2015,5,15.62741899
Trust_E23,2015,5,16.271943
Trust_E24,2015,5,16.36022341
Mavuya_B3a,2015,5,15.82013652
Salpine_G22,2015,5,16.00023027
Salpine_G33,2015,5,16.30579235
Salpine_F7,2015,5,15.84314147
Kwambo_F011A,2015,5,15.90511875
Nseleni_J006,2015,5,16.22405807
Terranera_B38,2015,5,16.40486475
South_Areas_B35b,2015,5,15.95784447
Kwambo_A017,2015,5,16.30533364
Teranera_C55,2015,5,15.97319629
Port_Durnford_B044,2015,5,16.05482043
Nyalazi_B032,2015,6,12.31500488
Palm_Ridge_C15a,2015,6,11.77954397
Futululu_E6a,2015,6,12.70252297
Mtubatuba_B003,2015,6,12.68063597
Trust_D13,2015,6,11.88090992
Trust_E23,2015,6,12.56314735
Trust_E24,2015,6,12.62328419
Mavuya_B3a,2015,6,11.86738927
Salpine_G22,2015,6,12.4175309
Salpine_G33,2015,6,12.23814097
Salpine_F7,2015,6,12.08181886
Kwambo_F011A,2015,6,12.79637234
Nseleni_J006,2015,6,12.64277254
Terranera_B38,2015,6,12.61233692
South_Areas_B35b,2015,6,12.24236022
Kwambo_A017,2015,6,12.9614115
Teranera_C55,2015,6,12.28945894
Port_Durnford_B044,2015,6,12.85954218
Nyalazi_B032,2015,7,12.63668555
Palm_Ridge_C15a,2015,7,12.16180712
Futululu_E6a,2015,7,12.95527048
Mtubatuba_B003,2015,7,12.94657278
Trust_D13,2015,7,12.21038148
Trust_E23,2015,7,12.75315016
Trust_E24,2015,7,12.81096762
Mavuya_B3a,2015,7,12.26245687
Salpine_G22,2015,7,12.73217536
Salpine_G33,2015,7,12.48414852
Salpine_F7,2015,7,12.40963981
Kwambo_F011A,2015,7,12.86645244
Nseleni_J006,2015,7,12.88131277
Terranera_B38,2015,7,12.75406945
South_Areas_B35b,2015,7,12.47297025
Kwambo_A017,2015,7,13.05129924
Teranera_C55,2015,7,12.52930206
Port_Durnford_B044,2015,7,12.93840109
Nyalazi_B032,2015,8,14.22244938
Palm_Ridge_C15a,2015,8,14.12451128
Futululu_E6a,2015,8,14.58797518
Mtubatuba_B003,2015,8,14.61108787
Trust_D13,2015,8,14.11616687
Trust_E23,2015,8,14.40742992
Trust_E24,2015,8,14.57637914
Mavuya_B3a,2015,8,14.17924355
Salpine_G22,2015,8,14.4895274
Salpine_G33,2015,8,14.14969066
Salpine_F7,2015,8,14.25840367
Kwambo_F011A,2015,8,14.13565931
Nseleni_J006,2015,8,14.69188004
Terranera_B38,2015,8,14.46410975
South_Areas_B35b,2015,8,14.29600773
Kwambo_A017,2015,8,14.57140912
Teranera_C55,2015,8,14.37192541
Port_Durnford_B044,2015,8,14.52412633
Nyalazi_B032,2015,9,16.0442764
Palm_Ridge_C15a,2015,9,15.96114982
Futululu_E6a,2015,9,15.99547814
Mtubatuba_B003,2015,9,16.22334239
Trust_D13,2015,9,15.76613113
Trust_E23,2015,9,16.3189403
Trust_E24,2015,9,16.36284093
Mavuya_B3a,2015,9,16.21775223
Salpine_G22,2015,9,16.24110568
Salpine_G33,2015,9,16.24372997
Salpine_F7,2015,9,15.82420342
Kwambo_F011A,2015,9,15.68730098
Nseleni_J006,2015,9,16.43851402
Terranera_B38,2015,9,16.03566403
South_Areas_B35b,2015,9,15.9250555
Kwambo_A017,2015,9,16.22787064
Teranera_C55,2015,9,16.28849116
Port_Durnford_B044,2015,9,15.97061921
Nyalazi_B032,2015,10,17.74562791
Palm_Ridge_C15a,2015,10,17.89488959
Futululu_E6a,2015,10,17.88183622
Mtubatuba_B003,2015,10,17.8908853
Trust_D13,2015,10,17.83950364
Trust_E23,2015,10,17.86778032
Trust_E24,2015,10,17.92936472
Mavuya_B3a,2015,10,17.84634083
Salpine_G22,2015,10,17.73709935
Salpine_G33,2015,10,17.63081425
Salpine_F7,2015,10,17.65569231
Kwambo_F011A,2015,10,17.76477105
Nseleni_J006,2015,10,17.8982421
Terranera_B38,2015,10,17.75753289
South_Areas_B35b,2015,10,17.75423618
Kwambo_A017,2015,10,17.70537714
Teranera_C55,2015,10,17.79773593
Port_Durnford_B044,2015,10,17.67175825
Nyalazi_B032,2015,11,17.61030536
Palm_Ridge_C15a,2015,11,17.78077147
Futululu_E6a,2015,11,17.74046719
Mtubatuba_B003,2015,11,17.75796123
Trust_D13,2015,11,17.69678555
Trust_E23,2015,11,17.76948517
Trust_E24,2015,11,17.80581858
Mavuya_B3a,2015,11,17.74174142
Salpine_G22,2015,11,17.60159245
Salpine_G33,2015,11,17.54542102
Salpine_F7,2015,11,17.53330299
Kwambo_F011A,2015,11,17.70499629
Nseleni_J006,2015,11,17.7740149
Terranera_B38,2015,11,17.65750569
South_Areas_B35b,2015,11,17.64537274
Kwambo_A017,2015,11,17.60754112
Teranera_C55,2015,11,17.6854916
Port_Durnford_B044,2015,11,17.59101203
Nyalazi_B032,2015,12,20.53202977
Palm_Ridge_C15a,2015,12,20.92244094
Futululu_E6a,2015,12,20.51626133
Mtubatuba_B003,2015,12,20.57001341
Trust_D13,2015,12,20.42156766
Trust_E23,2015,12,20.98655554
Trust_E24,2015,12,20.93903415
Mavuya_B3a,2015,12,21.00031776
Salpine_G22,2015,12,20.55079606
Salpine_G33,2015,12,20.93928635
Salpine_F7,2015,12,20.47774833
Kwambo_F011A,2015,12,20.57412714
Nseleni_J006,2015,12,20.99155698
Terranera_B38,2015,12,20.91954911
South_Areas_B35b,2015,12,20.8950418
Kwambo_A017,2015,12,20.47086605
Teranera_C55,2015,12,20.9456583
Port_Durnford_B044,2015,12,20.31310402
Nyalazi_B032,2016,1,19.9277923
Palm_Ridge_C15a,2016,1,17.79839865
Futululu_E6a,2016,1,20.25767724
Mtubatuba_B003,2016,1,20.22214591
Trust_D13,2016,1,20.14479488
Trust_E23,2016,1,21.24256236
Trust_E24,2016,1,20.07048392
Mavuya_B3a,2016,1,6.696538676
Salpine_G22,2016,1,20.28568251
Salpine_G33,2016,1,20.90206411
Salpine_F7,2016,1,18.18343153
Kwambo_F011A,2016,1,20.23321193
Nseleni_J006,2016,1,21.08226357
Terranera_B38,2016,1,20.83037323
South_Areas_B35b,2016,1,20.87995579
Kwambo_A017,2016,1,20.57502349
Teranera_C55,2016,1,20.94267157
Port_Durnford_B044,2016,1,20.18009592
Nyalazi_B032,2016,2,19.93201147
Palm_Ridge_C15a,2016,2,17.8657952
Futululu_E6a,2016,2,20.25881424
Mtubatuba_B003,2016,2,20.22501355
Trust_D13,2016,2,20.15152361
Trust_E23,2016,2,21.16180845
Trust_E24,2016,2,20.04856711
Mavuya_B3a,2016,2,6.645686496
Salpine_G22,2016,2,20.29463535
Salpine_G33,2016,2,20.84038693
Salpine_F7,2016,2,18.38273801
Kwambo_F011A,2016,2,20.21545404
Nseleni_J006,2016,2,21.00507794
Terranera_B38,2016,2,20.76761122
South_Areas_B35b,2016,2,20.82378932
Kwambo_A017,2016,2,20.49221636
Teranera_C55,2016,2,20.87712592
Port_Durnford_B044,2016,2,20.12473701
Nyalazi_B032,2016,3,19.70521945
Palm_Ridge_C15a,2016,3,17.80677002
Futululu_E6a,2016,3,19.97371378
Mtubatuba_B003,2016,3,19.9519089
Trust_D13,2016,3,19.8345245
Trust_E23,2016,3,20.90661697
Trust_E24,2016,3,19.79446066
Mavuya_B3a,2016,3,6.738349694
Salpine_G22,2016,3,20.16389229
Salpine_G33,2016,3,20.82840733
Salpine_F7,2016,3,18.33974168
Kwambo_F011A,2016,3,19.88873492
Nseleni_J006,2016,3,20.81807704
Terranera_B38,2016,3,20.57655545
South_Areas_B35b,2016,3,20.63599793
Kwambo_A017,2016,3,20.15234961
Teranera_C55,2016,3,20.73966357
Port_Durnford_B044,2016,3,19.80635205
Nyalazi_B032,2016,4,18.50319838
Palm_Ridge_C15a,2016,4,17.17166038
Futululu_E6a,2016,4,18.45935801
Mtubatuba_B003,2016,4,18.47041716
Trust_D13,2016,4,18.50112555
Trust_E23,2016,4,19.01691132
Trust_E24,2016,4,18.50871933
Mavuya_B3a,2016,4,6.808307994
Salpine_G22,2016,4,18.93990276
Salpine_G33,2016,4,19.24997021
Salpine_F7,2016,4,17.59592727
Kwambo_F011A,2016,4,18.23665341
Nseleni_J006,2016,4,18.90853154
Terranera_B38,2016,4,18.85895072
South_Areas_B35b,2016,4,18.86458389
Kwambo_A017,2016,4,18.35350948
Teranera_C55,2016,4,18.87048794
Port_Durnford_B044,2016,4,17.92518595
Nyalazi_B032,2016,5,14.57536896
Palm_Ridge_C15a,2016,5,14.11594152
Futululu_E6a,2016,5,14.48842838
Mtubatuba_B003,2016,5,14.65465406
Trust_D13,2016,5,14.54219377
Trust_E23,2016,5,14.82837466
Trust_E24,2016,5,14.75857195
Mavuya_B3a,2016,5,6.267835215
Salpine_G22,2016,5,15.26442471
Salpine_G33,2016,5,15.32943204
Salpine_F7,2016,5,14.4144885
Kwambo_F011A,2016,5,14.54427842
Nseleni_J006,2016,5,14.93836687
Terranera_B38,2016,5,14.68292371
South_Areas_B35b,2016,5,14.58129743
Kwambo_A017,2016,5,14.69492958
Teranera_C55,2016,5,14.72930888
Port_Durnford_B044,2016,5,14.70129054
Nyalazi_B032,2016,6,12.3505661
Palm_Ridge_C15a,2016,6,12.14112939
Futululu_E6a,2016,6,12.44868994
Mtubatuba_B003,2016,6,12.46688698
Trust_D13,2016,6,12.2600884
Trust_E23,2016,6,12.49765042
Trust_E24,2016,6,12.31664782
Mavuya_B3a,2016,6,5.172456549
Salpine_G22,2016,6,13.12373453
Salpine_G33,2016,6,13.3873531
Salpine_F7,2016,6,12.20692098
Kwambo_F011A,2016,6,12.57263805
Nseleni_J006,2016,6,12.52776454
Terranera_B38,2016,6,12.78920582
South_Areas_B35b,2016,6,12.39487497
Kwambo_A017,2016,6,12.4695807
Teranera_C55,2016,6,12.36812545
Port_Durnford_B044,2016,6,12.92539668
Nyalazi_B032,2016,7,11.84382487
Palm_Ridge_C15a,2016,7,11.57223135
Futululu_E6a,2016,7,11.92269986
Mtubatuba_B003,2016,7,11.94338035
Trust_D13,2016,7,11.66972658
Trust_E23,2016,7,11.90600718
Trust_E24,2016,7,11.74676019
Mavuya_B3a,2016,7,4.916231224
Salpine_G22,2016,7,12.55103792
Salpine_G33,2016,7,12.83432218
Salpine_F7,2016,7,11.75963683
Kwambo_F011A,2016,7,12.07684989
Nseleni_J006,2016,7,11.94293018
Terranera_B38,2016,7,12.28027524
South_Areas_B35b,2016,7,11.81365938
Kwambo_A017,2016,7,12.04712256
Teranera_C55,2016,7,11.82967938
Port_Durnford_B044,2016,7,12.51153997
Nyalazi_B032,2016,8,12.50501845
Palm_Ridge_C15a,2016,8,12.32332497
Futululu_E6a,2016,8,12.73715244
Mtubatuba_B003,2016,8,12.76437284
Trust_D13,2016,8,12.36171483
Trust_E23,2016,8,12.78058774
Trust_E24,2016,8,12.61815869
Mavuya_B3a,2016,8,5.103329559
Salpine_G22,2016,8,13.08589185
Salpine_G33,2016,8,13.38644076
Salpine_F7,2016,8,12.30487566
Kwambo_F011A,2016,8,12.73752054
Nseleni_J006,2016,8,12.67280171
Terranera_B38,2016,8,13.00990358
South_Areas_B35b,2016,8,12.53994052
Kwambo_A017,2016,8,12.63554646
Teranera_C55,2016,8,12.46297217
Port_Durnford_B044,2016,8,13.02170575
Nyalazi_B032,2016,9,16.08006442
Palm_Ridge_C15a,2016,9,16.21016006
Futululu_E6a,2016,9,16.13550204
Mtubatuba_B003,2016,9,16.08505656
Trust_D13,2016,9,16.41743981
Trust_E23,2016,9,16.31377429
Trust_E24,2016,9,16.38379178
Mavuya_B3a,2016,9,6.582101299
Salpine_G22,2016,9,16.45516055
Salpine_G33,2016,9,16.24227553
Salpine_F7,2016,9,16.04954124
Kwambo_F011A,2016,9,15.83454469
Nseleni_J006,2016,9,16.47376056
Terranera_B38,2016,9,16.31770723
South_Areas_B35b,2016,9,16.3544363
Kwambo_A017,2016,9,15.77438242
Teranera_C55,2016,9,16.38145093
Port_Durnford_B044,2016,9,15.87120166
Nyalazi_B032,2016,10,16.56737022
Palm_Ridge_C15a,2016,10,16.71643744
Futululu_E6a,2016,10,16.60474299
Mtubatuba_B003,2016,10,16.5342547
Trust_D13,2016,10,16.79100281
Trust_E23,2016,10,16.81088387
Trust_E24,2016,10,16.8785416
Mavuya_B3a,2016,10,6.844882241
Salpine_G22,2016,10,16.91685748
Salpine_G33,2016,10,16.78883529
Salpine_F7,2016,10,16.62111913
Kwambo_F011A,2016,10,16.31406024
Nseleni_J006,2016,10,16.88915481
Terranera_B38,2016,10,16.80456653
South_Areas_B35b,2016,10,16.8547973
Kwambo_A017,2016,10,16.36719654
Teranera_C55,2016,10,16.92443434
Port_Durnford_B044,2016,10,16.30887277
Nyalazi_B032,2016,11,18.29355027
Palm_Ridge_C15a,2016,11,18.72862673
Futululu_E6a,2016,11,18.40249566
Mtubatuba_B003,2016,11,18.38712384
Trust_D13,2016,11,18.88059337
Trust_E23,2016,11,18.92039689
Trust_E24,2016,11,19.00189462
Mavuya_B3a,2016,11,7.465788003
Salpine_G22,2016,11,19.06782663
Salpine_G33,2016,11,18.99928875
Salpine_F7,2016,11,18.5282915
Kwambo_F011A,2016,11,18.27622177
Nseleni_J006,2016,11,18.86113697
Terranera_B38,2016,11,18.86092364
South_Areas_B35b,2016,11,18.89237885
Kwambo_A017,2016,11,18.36666725
Teranera_C55,2016,11,18.93697344
Port_Durnford_B044,2016,11,18.197416
Nyalazi_B032,2016,12,19.68715113
Palm_Ridge_C15a,2016,12,20.04110789
Futululu_E6a,2016,12,19.93011696
Mtubatuba_B003,2016,12,19.92603572
Trust_D13,2016,12,20.12975576
Trust_E23,2016,12,20.04747624
Trust_E24,2016,12,20.09711513
Mavuya_B3a,2016,12,7.980416182
Salpine_G22,2016,12,20.07621798
Salpine_G33,2016,12,19.96582076
Salpine_F7,2016,12,19.84499748
Kwambo_F011A,2016,12,19.40663788
Nseleni_J006,2016,12,19.95021947
Terranera_B38,2016,12,19.93628427
South_Areas_B35b,2016,12,20.02002008
Kwambo_A017,2016,12,19.58043403
Teranera_C55,2016,12,20.00636621
Port_Durnford_B044,2016,12,19.46094592
Nyalazi_B032,2017,1,20.50227833
Palm_Ridge_C15a,2017,1,20.28169739
Futululu_E6a,2017,1,20.29782987
Mtubatuba_B003,2017,1,20.48033267
Trust_D13,2017,1,20.34305294
Trust_E23,2017,1,20.41279133
Trust_E24,2017,1,20.41945807
Mavuya_B3a,2017,1,20.37873383
Salpine_G22,2017,1,20.71432633
Salpine_G33,2017,1,20.36363554
Salpine_F7,2017,1,20.05510065
Kwambo_F011A,2017,1,20.04583768
Nseleni_J006,2017,1,20.48439422
Terranera_B38,2017,1,20.21613053
South_Areas_B35b,2017,1,20.33389151
Kwambo_A017,2017,1,20.2990187
Teranera_C55,2017,1,20.47227901
Port_Durnford_B044,2017,1,19.82235126
Nyalazi_B032,2017,2,21.07166981
Palm_Ridge_C15a,2017,2,20.87426896
Futululu_E6a,2017,2,20.86942766
Mtubatuba_B003,2017,2,21.06105666
Trust_D13,2017,2,20.9133926
Trust_E23,2017,2,21.0067658
Trust_E24,2017,2,21.00842778
Mavuya_B3a,2017,2,20.95956449
Salpine_G22,2017,2,21.3406004
Salpine_G33,2017,2,20.92241385
Salpine_F7,2017,2,20.54282656
Kwambo_F011A,2017,2,20.59033672
Nseleni_J006,2017,2,21.12162988
Terranera_B38,2017,2,20.84563508
South_Areas_B35b,2017,2,20.96791289
Kwambo_A017,2017,2,20.7930195
Teranera_C55,2017,2,21.07705444
Port_Durnford_B044,2017,2,20.43152865
Nyalazi_B032,2017,3,20.1796589
Palm_Ridge_C15a,2017,3,20.08764669
Futululu_E6a,2017,3,20.00184146
Mtubatuba_B003,2017,3,20.17269456
Trust_D13,2017,3,20.12317922
Trust_E23,2017,3,20.09253456
Trust_E24,2017,3,20.07618607
Mavuya_B3a,2017,3,20.18755082
Salpine_G22,2017,3,20.76215495
Salpine_G33,2017,3,20.1899116
Salpine_F7,2017,3,19.81125796
Kwambo_F011A,2017,3,19.70351954
Nseleni_J006,2017,3,20.29667875
Terranera_B38,2017,3,19.85884927
South_Areas_B35b,2017,3,20.1162398
Kwambo_A017,2017,3,19.93524188
Teranera_C55,2017,3,20.26270287
Port_Durnford_B044,2017,3,19.65317465
Nyalazi_B032,2017,4,17.41473646
Palm_Ridge_C15a,2017,4,17.55565958
Futululu_E6a,2017,4,17.43233424
Mtubatuba_B003,2017,4,17.47345744
Trust_D13,2017,4,17.37721281
Trust_E23,2017,4,17.43999024
Trust_E24,2017,4,17.45597741
Mavuya_B3a,2017,4,17.40035522
Salpine_G22,2017,4,17.79759667
Salpine_G33,2017,4,17.63609381
Salpine_F7,2017,4,17.16906558
Kwambo_F011A,2017,4,17.11045338
Nseleni_J006,2017,4,17.50196344
Terranera_B38,2017,4,17.4720944
South_Areas_B35b,2017,4,17.50211492
Kwambo_A017,2017,4,17.39207903
Teranera_C55,2017,4,17.41474838
Port_Durnford_B044,2017,4,17.37271645
Nyalazi_B032,2017,5,14.83252032
Palm_Ridge_C15a,2017,5,15.00506001
Futululu_E6a,2017,5,14.89069581
Mtubatuba_B003,2017,5,14.92554846
Trust_D13,2017,5,14.95075032
Trust_E23,2017,5,15.15950071
Trust_E24,2017,5,15.20157215
Mavuya_B3a,2017,5,14.89777026
Salpine_G22,2017,5,15.5150872
Salpine_G33,2017,5,15.43078583
Salpine_F7,2017,5,14.42695439
Kwambo_F011A,2017,5,14.50134747
Nseleni_J006,2017,5,15.17242437
Terranera_B38,2017,5,15.0960748
South_Areas_B35b,2017,5,15.05724427
Kwambo_A017,2017,5,14.81064868
Teranera_C55,2017,5,15.04553377
Port_Durnford_B044,2017,5,14.7655851
Nyalazi_B032,2017,6,12.88655338
Palm_Ridge_C15a,2017,6,12.78262484
Futululu_E6a,2017,6,13.26419287
Mtubatuba_B003,2017,6,13.26723261
Trust_D13,2017,6,12.9767434
Trust_E23,2017,6,13.01001861
Trust_E24,2017,6,12.94398896
Mavuya_B3a,2017,6,12.50733634
Salpine_G22,2017,6,13.09145677
Salpine_G33,2017,6,12.83950145
Salpine_F7,2017,6,12.59956003
Kwambo_F011A,2017,6,12.81186313
Nseleni_J006,2017,6,13.27711021
Terranera_B38,2017,6,13.08282158
South_Areas_B35b,2017,6,12.9872244
Kwambo_A017,2017,6,13.37348568
Teranera_C55,2017,6,12.80725931
Port_Durnford_B044,2017,6,13.65692887
Nyalazi_B032,2017,7,12.95459494
Palm_Ridge_C15a,2017,7,12.85521368
Futululu_E6a,2017,7,13.29488725
Mtubatuba_B003,2017,7,13.25847502
Trust_D13,2017,7,13.02181834
Trust_E23,2017,7,13.0543873
Trust_E24,2017,7,12.97472079
Mavuya_B3a,2017,7,12.5861962
Salpine_G22,2017,7,13.13457913
Salpine_G33,2017,7,12.92310463
Salpine_F7,2017,7,12.664947
Kwambo_F011A,2017,7,12.87871237
Nseleni_J006,2017,7,13.20733599
Terranera_B38,2017,7,13.09406244
South_Areas_B35b,2017,7,13.00123015
Kwambo_A017,2017,7,13.39816697
Teranera_C55,2017,7,12.82768838
Port_Durnford_B044,2017,7,13.63656816
Nyalazi_B032,2017,8,13.44339517
Palm_Ridge_C15a,2017,8,13.29761464
Futululu_E6a,2017,8,13.68970622
Mtubatuba_B003,2017,8,13.66955459
Trust_D13,2017,8,13.47028445
Trust_E23,2017,8,13.45375853
Trust_E24,2017,8,13.39811741
Mavuya_B3a,2017,8,13.15439649
Salpine_G22,2017,8,13.70721055
Salpine_G33,2017,8,13.40261721
Salpine_F7,2017,8,13.17004049
Kwambo_F011A,2017,8,13.31623954
Nseleni_J006,2017,8,13.57307512
Terranera_B38,2017,8,13.45940445
South_Areas_B35b,2017,8,13.44498089
Kwambo_A017,2017,8,13.78990761
Teranera_C55,2017,8,13.3814653
Port_Durnford_B044,2017,8,13.91677205
Nyalazi_B032,2017,9,15.73609274
Palm_Ridge_C15a,2017,9,15.90572117
Futululu_E6a,2017,9,15.89441548
Mtubatuba_B003,2017,9,15.86913483
Trust_D13,2017,9,16.16047604
Trust_E23,2017,9,15.99570301
Trust_E24,2017,9,15.9164256
Mavuya_B3a,2017,9,15.64488605
Salpine_G22,2017,9,15.70214385
Salpine_G33,2017,9,15.693982
Salpine_F7,2017,9,15.59539922
Kwambo_F011A,2017,9,15.61396122
Nseleni_J006,2017,9,15.90567501
Terranera_B38,2017,9,15.82889148
South_Areas_B35b,2017,9,15.74550521
Kwambo_A017,2017,9,15.5860898
Teranera_C55,2017,9,15.62453868
Port_Durnford_B044,2017,9,15.53708152
Nyalazi_B032,2017,10,15.86743606
Palm_Ridge_C15a,2017,10,16.04820432
Futululu_E6a,2017,10,16.01111266
Mtubatuba_B003,2017,10,15.9885695
Trust_D13,2017,10,16.31509446
Trust_E23,2017,10,16.15872637
Trust_E24,2017,10,16.03959805
Mavuya_B3a,2017,10,15.82352933
Salpine_G22,2017,10,15.88779465
Salpine_G33,2017,10,15.88034498
Salpine_F7,2017,10,15.73376377
Kwambo_F011A,2017,10,15.73830108
Nseleni_J006,2017,10,16.03616446
Terranera_B38,2017,10,15.96368067
South_Areas_B35b,2017,10,15.8991
Kwambo_A017,2017,10,15.70649814
Teranera_C55,2017,10,15.80387872
Port_Durnford_B044,2017,10,15.62851747
Nyalazi_B032,2017,11,17.15613424
Palm_Ridge_C15a,2017,11,17.19394753
Futululu_E6a,2017,11,17.22037398
Mtubatuba_B003,2017,11,17.23850352
Trust_D13,2017,11,17.29315924
Trust_E23,2017,11,17.2335784
Trust_E24,2017,11,17.21210643
Mavuya_B3a,2017,11,17.20264964
Salpine_G22,2017,11,17.31329864
Salpine_G33,2017,11,17.17216688
Salpine_F7,2017,11,17.04057349
Kwambo_F011A,2017,11,16.97709459
Nseleni_J006,2017,11,17.1386021
Terranera_B38,2017,11,17.02137772
South_Areas_B35b,2017,11,17.08442279
Kwambo_A017,2017,11,17.04408221
Teranera_C55,2017,11,17.16662615
Port_Durnford_B044,2017,11,16.89231638
Nyalazi_B032,2017,12,19.30281151
Palm_Ridge_C15a,2017,12,19.37635412
Futululu_E6a,2017,12,19.32933887
Mtubatuba_B003,2017,12,19.35394655
Trust_D13,2017,12,19.36101737
Trust_E23,2017,12,19.36730083
Trust_E24,2017,12,19.34936278
Mavuya_B3a,2017,12,19.29756876
Salpine_G22,2017,12,19.20408779
Salpine_G33,2017,12,19.15033623
Salpine_F7,2017,12,18.82589318
Kwambo_F011A,2017,12,19.02205243
Nseleni_J006,2017,12,19.20423495
Terranera_B38,2017,12,19.05221171
South_Areas_B35b,2017,12,19.07777919
Kwambo_A017,2017,12,18.8284893
Teranera_C55,2017,12,19.08097244
Port_Durnford_B044,2017,12,18.30086782
Nyalazi_B032,2018,1,19.41475477
Palm_Ridge_C15a,2018,1,19.85062745
Futululu_E6a,2018,1,19.21497733
Mtubatuba_B003,2018,1,19.40664437
Trust_D13,2018,1,19.5840788
Trust_E23,2018,1,19.91882033
Trust_E24,2018,1,19.68995117
Mavuya_B3a,2018,1,19.80832326
Salpine_G22,2018,1,19.79685329
Salpine_G33,2018,1,20.0638153
Salpine_F7,2018,1,19.3791117
Kwambo_F011A,2018,1,19.68234413
Nseleni_J006,2018,1,19.97101426
Terranera_B38,2018,1,19.81411413
South_Areas_B35b,2018,1,19.77292949
Kwambo_A017,2018,1,19.58401969
Teranera_C55,2018,1,19.81097375
Port_Durnford_B044,2018,1,19.58996479
Nyalazi_B032,2018,2,19.63709851
Palm_Ridge_C15a,2018,2,20.17882793
Futululu_E6a,2018,2,19.42534716
Mtubatuba_B003,2018,2,19.63509794
Trust_D13,2018,2,19.93240277
Trust_E23,2018,2,20.21196308
Trust_E24,2018,2,19.95686627
Mavuya_B3a,2018,2,20.16013204
Salpine_G22,2018,2,20.1675636
Salpine_G33,2018,2,20.36243954
Salpine_F7,2018,2,19.6353454
Kwambo_F011A,2018,2,20.05283188
Nseleni_J006,2018,2,20.31774217
Terranera_B38,2018,2,20.14731513
South_Areas_B35b,2018,2,20.15651367
Kwambo_A017,2018,2,19.83817317
Teranera_C55,2018,2,20.19125575
Port_Durnford_B044,2018,2,19.88749808
Nyalazi_B032,2018,3,19.30882232
Palm_Ridge_C15a,2018,3,19.69375898
Futululu_E6a,2018,3,19.11469709
Mtubatuba_B003,2018,3,19.24344281
Trust_D13,2018,3,19.43187006
Trust_E23,2018,3,19.74166183
Trust_E24,2018,3,19.53632353
Mavuya_B3a,2018,3,19.59122609
Salpine_G22,2018,3,19.61650446
Salpine_G33,2018,3,19.9144193
Salpine_F7,2018,3,19.27983036
Kwambo_F011A,2018,3,19.59322363
Nseleni_J006,2018,3,19.78938532
Terranera_B38,2018,3,19.7564756
South_Areas_B35b,2018,3,19.6663852
Kwambo_A017,2018,3,19.48889457
Teranera_C55,2018,3,19.64763752
Port_Durnford_B044,2018,3,19.55797209
Nyalazi_B032,2018,4,18.26646827
Palm_Ridge_C15a,2018,4,18.30156827
Futululu_E6a,2018,4,18.32526756
Mtubatuba_B003,2018,4,18.34083887
Trust_D13,2018,4,18.30075597
Trust_E23,2018,4,18.31235308
Trust_E24,2018,4,18.25625446
Mavuya_B3a,2018,4,18.14782886
Salpine_G22,2018,4,18.30616646
Salpine_G33,2018,4,18.52048409
Salpine_F7,2018,4,18.08766246
Kwambo_F011A,2018,4,18.1319714
Nseleni_J006,2018,4,18.24195667
Terranera_B38,2018,4,18.42128076
South_Areas_B35b,2018,4,18.34406083
Kwambo_A017,2018,4,18.14990612
Teranera_C55,2018,4,18.28871098
Port_Durnford_B044,2018,4,18.18158973
Nyalazi_B032,2018,5,14.91298162
Palm_Ridge_C15a,2018,5,14.63237264
Futululu_E6a,2018,5,14.95346765
Mtubatuba_B003,2018,5,14.90917994
Trust_D13,2018,5,14.6426431
Trust_E23,2018,5,14.99695326
Trust_E24,2018,5,14.98238885
Mavuya_B3a,2018,5,14.32936535
Salpine_G22,2018,5,15.35501099
Salpine_G33,2018,5,15.46866182
Salpine_F7,2018,5,14.3109292
Kwambo_F011A,2018,5,14.94657067
Nseleni_J006,2018,5,14.98725357
Terranera_B38,2018,5,15.36169677
South_Areas_B35b,2018,5,15.15732023
Kwambo_A017,2018,5,14.98348622
Teranera_C55,2018,5,15.00550184
Port_Durnford_B044,2018,5,15.13688882
Nyalazi_B032,2018,6,11.63009363
Palm_Ridge_C15a,2018,6,11.46184652
Futululu_E6a,2018,6,12.22254439
Mtubatuba_B003,2018,6,12.24983545
Trust_D13,2018,6,11.51332923
Trust_E23,2018,6,12.15809911
Trust_E24,2018,6,12.23407421
Mavuya_B3a,2018,6,11.35420446
Salpine_G22,2018,6,11.73290102
Salpine_G33,2018,6,12.01260609
Salpine_F7,2018,6,11.24434972
Kwambo_F011A,2018,6,12.28642591
Nseleni_J006,2018,6,12.28485564
Terranera_B38,2018,6,12.41190755
South_Areas_B35b,2018,6,11.94985696
Kwambo_A017,2018,6,12.21542909
Teranera_C55,2018,6,11.7672478
Port_Durnford_B044,2018,6,12.47452255
Nyalazi_B032,2018,7,11.00950829
Palm_Ridge_C15a,2018,7,10.94284515
Futululu_E6a,2018,7,11.50260708
Mtubatuba_B003,2018,7,11.71818937
Trust_D13,2018,7,10.88045041
Trust_E23,2018,7,11.56557012
Trust_E24,2018,7,11.6544002
Mavuya_B3a,2018,7,10.72185143
Salpine_G22,2018,7,10.94007327
Salpine_G33,2018,7,11.39149665
Salpine_F7,2018,7,10.43961002
Kwambo_F011A,2018,7,11.31903937
Nseleni_J006,2018,7,11.58363219
Terranera_B38,2018,7,11.90533836
South_Areas_B35b,2018,7,11.23850758
Kwambo_A017,2018,7,11.22178846
Teranera_C55,2018,7,10.97025677
Port_Durnford_B044,2018,7,11.45999423
Nyalazi_B032,2018,8,13.76121038
Palm_Ridge_C15a,2018,8,13.87913685
Futululu_E6a,2018,8,13.94438871
Mtubatuba_B003,2018,8,13.9184917
Trust_D13,2018,8,13.54433555
Trust_E23,2018,8,13.70369557
Trust_E24,2018,8,13.60120857
Mavuya_B3a,2018,8,13.64445516
Salpine_G22,2018,8,13.47256844
Salpine_G33,2018,8,13.54683453
Salpine_F7,2018,8,13.12580443
Kwambo_F011A,2018,8,13.19891513
Nseleni_J006,2018,8,13.53703502
Terranera_B38,2018,8,13.30824471
South_Areas_B35b,2018,8,13.33133082
Kwambo_A017,2018,8,13.06688157
Teranera_C55,2018,8,13.27710639
Port_Durnford_B044,2018,8,13.00264877
Nyalazi_B032,2018,9,15.42365804
Palm_Ridge_C15a,2018,9,15.53575222
Futululu_E6a,2018,9,15.66506962
Mtubatuba_B003,2018,9,15.6820889
Trust_D13,2018,9,15.09668157
Trust_E23,2018,9,15.33524045
Trust_E24,2018,9,15.23102544
Mavuya_B3a,2018,9,15.33101327
Salpine_G22,2018,9,15.20371667
Salpine_G33,2018,9,15.46466235
Salpine_F7,2018,9,15.18026094
Kwambo_F011A,2018,9,14.97323234
Nseleni_J006,2018,9,15.51063334
Terranera_B38,2018,9,15.14411041
South_Areas_B35b,2018,9,15.12978575
Kwambo_A017,2018,9,14.86698316
Teranera_C55,2018,9,15.01491136
Port_Durnford_B044,2018,9,15.03213848
