Compt_ID,year,month,tmp_max
Nyalazi_B032,2008,1,30.64989895
Palm_Ridge_C15a,2008,1,30.98033081
Futululu_E6a,2008,1,30.69442463
Mtubatuba_B003,2008,1,30.78415749
Trust_D13,2008,1,30.69030253
Trust_E23,2008,1,30.45789069
Trust_E24,2008,1,30.5184882
Mavuya_B3a,2008,1,31.06653421
Salpine_G22,2008,1,30.99725493
Salpine_G33,2008,1,30.33790027
Salpine_F7,2008,1,31.07648744
Kwambo_F011A,2008,1,29.5423593
Nseleni_J006,2008,1,30.56189941
Terranera_B38,2008,1,29.36509278
South_Areas_B35b,2008,1,29.66762839
Kwambo_A017,2008,1,29.70697878
Teranera_C55,2008,1,29.74196727
Port_Durnford_B044,2008,1,29.4819252
Nyalazi_B032,2008,2,30.71458361
Palm_Ridge_C15a,2008,2,31.05547596
Futululu_E6a,2008,2,30.77787776
Mtubatuba_B003,2008,2,30.82789755
Trust_D13,2008,2,30.82206924
Trust_E23,2008,2,30.52693072
Trust_E24,2008,2,30.59049606
Mavuya_B3a,2008,2,31.12695463
Salpine_G22,2008,2,31.07329376
Salpine_G33,2008,2,30.41719179
Salpine_F7,2008,2,31.19301249
Kwambo_F011A,2008,2,29.78719303
Nseleni_J006,2008,2,30.64622297
Terranera_B38,2008,2,29.62151083
South_Areas_B35b,2008,2,29.95392912
Kwambo_A017,2008,2,29.96630967
Teranera_C55,2008,2,30.02572955
Port_Durnford_B044,2008,2,29.84627511
Nyalazi_B032,2008,3,30.20596564
Palm_Ridge_C15a,2008,3,30.66635396
Futululu_E6a,2008,3,30.17965834
Mtubatuba_B003,2008,3,30.20520764
Trust_D13,2008,3,30.28035307
Trust_E23,2008,3,29.98614159
Trust_E24,2008,3,30.05943057
Mavuya_B3a,2008,3,30.71599977
Salpine_G22,2008,3,30.4482946
Salpine_G33,2008,3,29.91462182
Salpine_F7,2008,3,30.80209558
Kwambo_F011A,2008,3,29.20815728
Nseleni_J006,2008,3,30.0321031
Terranera_B38,2008,3,28.97637004
South_Areas_B35b,2008,3,29.27454167
Kwambo_A017,2008,3,29.32937344
Teranera_C55,2008,3,29.29366396
Port_Durnford_B044,2008,3,29.18887099
Nyalazi_B032,2008,4,26.81098733
Palm_Ridge_C15a,2008,4,27.42424485
Futululu_E6a,2008,4,26.76670509
Mtubatuba_B003,2008,4,27.0301734
Trust_D13,2008,4,26.88827984
Trust_E23,2008,4,26.77712532
Trust_E24,2008,4,26.87272596
Mavuya_B3a,2008,4,27.75325342
Salpine_G22,2008,4,27.16433104
Salpine_G33,2008,4,26.63857267
Salpine_F7,2008,4,27.43804339
Kwambo_F011A,2008,4,26.4154644
Nseleni_J006,2008,4,26.79835086
Terranera_B38,2008,4,26.20017852
South_Areas_B35b,2008,4,26.45498196
Kwambo_A017,2008,4,26.53001479
Teranera_C55,2008,4,26.49033466
Port_Durnford_B044,2008,4,26.29108541
Nyalazi_B032,2008,5,26.60663694
Palm_Ridge_C15a,2008,5,27.14799695
Futululu_E6a,2008,5,26.59939884
Mtubatuba_B003,2008,5,26.83161815
Trust_D13,2008,5,26.74199167
Trust_E23,2008,5,26.61481615
Trust_E24,2008,5,26.69221835
Mavuya_B3a,2008,5,27.40511465
Salpine_G22,2008,5,26.94459647
Salpine_G33,2008,5,26.509739
Salpine_F7,2008,5,27.1337212
Kwambo_F011A,2008,5,26.30058607
Nseleni_J006,2008,5,26.63828293
Terranera_B38,2008,5,26.11510787
South_Areas_B35b,2008,5,26.35591722
Kwambo_A017,2008,5,26.38855204
Teranera_C55,2008,5,26.37563957
Port_Durnford_B044,2008,5,26.19771009
Nyalazi_B032,2008,6,23.89924915
Palm_Ridge_C15a,2008,6,24.927204
Futululu_E6a,2008,6,24.05552798
Mtubatuba_B003,2008,6,24.21729151
Trust_D13,2008,6,24.25942707
Trust_E23,2008,6,24.04395089
Trust_E24,2008,6,24.09932757
Mavuya_B3a,2008,6,25.09834768
Salpine_G22,2008,6,24.20616604
Salpine_G33,2008,6,23.91463368
Salpine_F7,2008,6,24.95113798
Kwambo_F011A,2008,6,23.902018
Nseleni_J006,2008,6,24.16499703
Terranera_B38,2008,6,23.834036
South_Areas_B35b,2008,6,24.10807313
Kwambo_A017,2008,6,23.99375684
Teranera_C55,2008,6,24.15025718
Port_Durnford_B044,2008,6,24.01390973
Nyalazi_B032,2008,7,25.04006145
Palm_Ridge_C15a,2008,7,25.6291135
Futululu_E6a,2008,7,25.08422934
Mtubatuba_B003,2008,7,25.21150671
Trust_D13,2008,7,25.20622636
Trust_E23,2008,7,25.00977043
Trust_E24,2008,7,25.06571739
Mavuya_B3a,2008,7,25.77865274
Salpine_G22,2008,7,25.18381386
Salpine_G33,2008,7,24.86846964
Salpine_F7,2008,7,25.67505317
Kwambo_F011A,2008,7,24.79508753
Nseleni_J006,2008,7,25.13637998
Terranera_B38,2008,7,24.67969337
South_Areas_B35b,2008,7,24.92417525
Kwambo_A017,2008,7,24.94428413
Teranera_C55,2008,7,25.00841509
Port_Durnford_B044,2008,7,24.90622573
Nyalazi_B032,2008,8,26.1655352
Palm_Ridge_C15a,2008,8,26.50131178
Futululu_E6a,2008,8,26.11298704
Mtubatuba_B003,2008,8,26.21677567
Trust_D13,2008,8,26.12708274
Trust_E23,2008,8,25.78443688
Trust_E24,2008,8,25.88673898
Mavuya_B3a,2008,8,26.55951828
Salpine_G22,2008,8,26.1522717
Salpine_G33,2008,8,25.51419636
Salpine_F7,2008,8,26.20381812
Kwambo_F011A,2008,8,25.32592382
Nseleni_J006,2008,8,26.07660713
Terranera_B38,2008,8,25.2713214
South_Areas_B35b,2008,8,25.58321971
Kwambo_A017,2008,8,25.516477
Teranera_C55,2008,8,25.730337
Port_Durnford_B044,2008,8,25.3791146
Nyalazi_B032,2008,9,26.40522202
Palm_Ridge_C15a,2008,9,26.66684819
Futululu_E6a,2008,9,26.27846617
Mtubatuba_B003,2008,9,26.42486301
Trust_D13,2008,9,26.3016733
Trust_E23,2008,9,25.93613983
Trust_E24,2008,9,26.08969801
Mavuya_B3a,2008,9,26.76295063
Salpine_G22,2008,9,26.43048407
Salpine_G33,2008,9,25.65655416
Salpine_F7,2008,9,26.34780124
Kwambo_F011A,2008,9,25.51993688
Nseleni_J006,2008,9,26.23150865
Terranera_B38,2008,9,25.48007798
South_Areas_B35b,2008,9,25.75120911
Kwambo_A017,2008,9,25.74418107
Teranera_C55,2008,9,25.91813251
Port_Durnford_B044,2008,9,25.55913311
Nyalazi_B032,2008,10,26.52494879
Palm_Ridge_C15a,2008,10,27.00826582
Futululu_E6a,2008,10,26.43373714
Mtubatuba_B003,2008,10,26.5996464
Trust_D13,2008,10,26.56141803
Trust_E23,2008,10,26.01219795
Trust_E24,2008,10,26.15813684
Mavuya_B3a,2008,10,27.09105571
Salpine_G22,2008,10,26.56807262
Salpine_G33,2008,10,25.70414863
Salpine_F7,2008,10,26.60100049
Kwambo_F011A,2008,10,25.50268443
Nseleni_J006,2008,10,26.36826476
Terranera_B38,2008,10,25.45721203
South_Areas_B35b,2008,10,25.9169738
Kwambo_A017,2008,10,25.70871314
Teranera_C55,2008,10,26.12970204
Port_Durnford_B044,2008,10,25.33024815
Nyalazi_B032,2008,11,27.64928925
Palm_Ridge_C15a,2008,11,28.1948475
Futululu_E6a,2008,11,27.7355921
Mtubatuba_B003,2008,11,27.85485102
Trust_D13,2008,11,28.09029835
Trust_E23,2008,11,27.62474699
Trust_E24,2008,11,27.82454527
Mavuya_B3a,2008,11,28.24003021
Salpine_G22,2008,11,27.89169389
Salpine_G33,2008,11,27.2988306
Salpine_F7,2008,11,27.85135921
Kwambo_F011A,2008,11,27.0752879
Nseleni_J006,2008,11,27.69853562
Terranera_B38,2008,11,27.12803976
South_Areas_B35b,2008,11,27.34493909
Kwambo_A017,2008,11,27.08762868
Teranera_C55,2008,11,27.45056771
Port_Durnford_B044,2008,11,26.6490296
Nyalazi_B032,2008,12,30.46044635
Palm_Ridge_C15a,2008,12,30.78145853
Futululu_E6a,2008,12,31.01042798
Mtubatuba_B003,2008,12,31.13044813
Trust_D13,2008,12,30.94469728
Trust_E23,2008,12,30.91904449
Trust_E24,2008,12,30.96850358
Mavuya_B3a,2008,12,30.42811085
Salpine_G22,2008,12,30.50903922
Salpine_G33,2008,12,30.24202386
Salpine_F7,2008,12,30.43361708
Kwambo_F011A,2008,12,30.03629614
Nseleni_J006,2008,12,30.36789957
Terranera_B38,2008,12,29.91619979
South_Areas_B35b,2008,12,30.04211343
Kwambo_A017,2008,12,30.14175001
Teranera_C55,2008,12,30.22512252
Port_Durnford_B044,2008,12,29.6573978
Nyalazi_B032,2009,1,30.47959547
Palm_Ridge_C15a,2009,1,30.6813602
Futululu_E6a,2009,1,30.44213027
Mtubatuba_B003,2009,1,30.44447089
Trust_D13,2009,1,30.34638681
Trust_E23,2009,1,30.20564781
Trust_E24,2009,1,30.45481958
Mavuya_B3a,2009,1,30.97371321
Salpine_G22,2009,1,30.48053969
Salpine_G33,2009,1,30.06177893
Salpine_F7,2009,1,30.69485252
Kwambo_F011A,2009,1,30.09756877
Nseleni_J006,2009,1,30.43543202
Terranera_B38,2009,1,30.10185701
South_Areas_B35b,2009,1,30.2342667
Kwambo_A017,2009,1,30.01356852
Teranera_C55,2009,1,30.30144954
Port_Durnford_B044,2009,1,29.81302834
Nyalazi_B032,2009,2,30.33703298
Palm_Ridge_C15a,2009,2,30.64826901
Futululu_E6a,2009,2,30.31220299
Mtubatuba_B003,2009,2,30.28749161
Trust_D13,2009,2,30.33062874
Trust_E23,2009,2,30.13514309
Trust_E24,2009,2,30.37290779
Mavuya_B3a,2009,2,31.02244386
Salpine_G22,2009,2,30.45448642
Salpine_G33,2009,2,29.96895886
Salpine_F7,2009,2,30.73435936
Kwambo_F011A,2009,2,30.05790165
Nseleni_J006,2009,2,30.48801974
Terranera_B38,2009,2,30.08752867
South_Areas_B35b,2009,2,30.27234657
Kwambo_A017,2009,2,29.95291455
Teranera_C55,2009,2,30.37695251
Port_Durnford_B044,2009,2,29.88705917
Nyalazi_B032,2009,3,29.6362689
Palm_Ridge_C15a,2009,3,30.13124853
Futululu_E6a,2009,3,29.622585
Mtubatuba_B003,2009,3,29.57004626
Trust_D13,2009,3,29.73533012
Trust_E23,2009,3,29.51335389
Trust_E24,2009,3,29.6504786
Mavuya_B3a,2009,3,30.49382709
Salpine_G22,2009,3,29.66611952
Salpine_G33,2009,3,29.30443647
Salpine_F7,2009,3,30.16407278
Kwambo_F011A,2009,3,29.33498331
Nseleni_J006,2009,3,29.74491697
Terranera_B38,2009,3,29.27320441
South_Areas_B35b,2009,3,29.52147727
Kwambo_A017,2009,3,29.14445022
Teranera_C55,2009,3,29.60116205
Port_Durnford_B044,2009,3,29.09534733
Nyalazi_B032,2009,4,27.81902521
Palm_Ridge_C15a,2009,4,28.50961295
Futululu_E6a,2009,4,27.78672825
Mtubatuba_B003,2009,4,27.76323418
Trust_D13,2009,4,28.06295799
Trust_E23,2009,4,27.77286153
Trust_E24,2009,4,27.83447231
Mavuya_B3a,2009,4,28.81186034
Salpine_G22,2009,4,27.92382914
Salpine_G33,2009,4,27.57412629
Salpine_F7,2009,4,28.55042171
Kwambo_F011A,2009,4,27.36927211
Nseleni_J006,2009,4,27.9007893
Terranera_B38,2009,4,27.36404355
South_Areas_B35b,2009,4,27.70725447
Kwambo_A017,2009,4,27.35752499
Teranera_C55,2009,4,27.81702418
Port_Durnford_B044,2009,4,27.16953619
Nyalazi_B032,2009,5,26.12569987
Palm_Ridge_C15a,2009,5,26.40323588
Futululu_E6a,2009,5,26.09092811
Mtubatuba_B003,2009,5,26.03072824
Trust_D13,2009,5,26.08157854
Trust_E23,2009,5,25.77746309
Trust_E24,2009,5,25.83678186
Mavuya_B3a,2009,5,26.53142247
Salpine_G22,2009,5,26.02012086
Salpine_G33,2009,5,25.62395338
Salpine_F7,2009,5,26.4658309
Kwambo_F011A,2009,5,25.15763017
Nseleni_J006,2009,5,25.82282418
Terranera_B38,2009,5,25.30113261
South_Areas_B35b,2009,5,25.49302287
Kwambo_A017,2009,5,24.96784189
Teranera_C55,2009,5,25.48547444
Port_Durnford_B044,2009,5,25.05014562
Nyalazi_B032,2009,6,25.53669274
Palm_Ridge_C15a,2009,6,25.84639447
Futululu_E6a,2009,6,25.59872223
Mtubatuba_B003,2009,6,25.60537657
Trust_D13,2009,6,25.4944473
Trust_E23,2009,6,25.41199087
Trust_E24,2009,6,25.42630725
Mavuya_B3a,2009,6,25.96145707
Salpine_G22,2009,6,25.50724848
Salpine_G33,2009,6,25.22860238
Salpine_F7,2009,6,25.85258441
Kwambo_F011A,2009,6,24.77305799
Nseleni_J006,2009,6,25.38301797
Terranera_B38,2009,6,24.836394
South_Areas_B35b,2009,6,24.9818675
Kwambo_A017,2009,6,24.60258407
Teranera_C55,2009,6,24.9893471
Port_Durnford_B044,2009,6,24.6707705
Nyalazi_B032,2009,7,24.8232178
Palm_Ridge_C15a,2009,7,25.21861966
Futululu_E6a,2009,7,24.90549187
Mtubatuba_B003,2009,7,24.92994819
Trust_D13,2009,7,24.69028919
Trust_E23,2009,7,24.71931578
Trust_E24,2009,7,24.69566896
Mavuya_B3a,2009,7,25.35135934
Salpine_G22,2009,7,24.81923098
Salpine_G33,2009,7,24.63663971
Salpine_F7,2009,7,25.18853441
Kwambo_F011A,2009,7,24.08118704
Nseleni_J006,2009,7,24.73781991
Terranera_B38,2009,7,24.20518354
South_Areas_B35b,2009,7,24.36966157
Kwambo_A017,2009,7,23.8572007
Teranera_C55,2009,7,24.41922891
Port_Durnford_B044,2009,7,23.90333148
Nyalazi_B032,2009,8,25.01061561
Palm_Ridge_C15a,2009,8,25.42139373
Futululu_E6a,2009,8,25.14814597
Mtubatuba_B003,2009,8,25.22027688
Trust_D13,2009,8,24.94375299
Trust_E23,2009,8,25.02007362
Trust_E24,2009,8,25.00556019
Mavuya_B3a,2009,8,25.52454724
Salpine_G22,2009,8,25.05938663
Salpine_G33,2009,8,24.82853458
Salpine_F7,2009,8,25.33435213
Kwambo_F011A,2009,8,24.24727447
Nseleni_J006,2009,8,25.01034695
Terranera_B38,2009,8,24.38342974
South_Areas_B35b,2009,8,24.54018924
Kwambo_A017,2009,8,24.02151154
Teranera_C55,2009,8,24.58240155
Port_Durnford_B044,2009,8,24.07731012
Nyalazi_B032,2009,9,25.68643437
Palm_Ridge_C15a,2009,9,26.43376506
Futululu_E6a,2009,9,25.99407287
Mtubatuba_B003,2009,9,26.21990365
Trust_D13,2009,9,25.72918101
Trust_E23,2009,9,26.09822963
Trust_E24,2009,9,26.11038666
Mavuya_B3a,2009,9,26.44340638
Salpine_G22,2009,9,25.82702846
Salpine_G33,2009,9,25.69279454
Salpine_F7,2009,9,26.18472443
Kwambo_F011A,2009,9,24.81995189
Nseleni_J006,2009,9,25.93653354
Terranera_B38,2009,9,24.93088044
South_Areas_B35b,2009,9,25.04220257
Kwambo_A017,2009,9,24.60446389
Teranera_C55,2009,9,25.04857547
Port_Durnford_B044,2009,9,24.67669433
Nyalazi_B032,2009,10,25.63477188
Palm_Ridge_C15a,2009,10,26.43509549
Futululu_E6a,2009,10,25.95815585
Mtubatuba_B003,2009,10,26.15963518
Trust_D13,2009,10,25.75054254
Trust_E23,2009,10,26.17267865
Trust_E24,2009,10,26.1797488
Mavuya_B3a,2009,10,26.48243867
Salpine_G22,2009,10,25.89059247
Salpine_G33,2009,10,25.72069005
Salpine_F7,2009,10,26.2131707
Kwambo_F011A,2009,10,24.89670769
Nseleni_J006,2009,10,25.97940179
Terranera_B38,2009,10,24.95123496
South_Areas_B35b,2009,10,25.0668055
Kwambo_A017,2009,10,24.7265253
Teranera_C55,2009,10,25.0640188
Port_Durnford_B044,2009,10,24.81863345
Nyalazi_B032,2009,11,25.92180848
Palm_Ridge_C15a,2009,11,26.67722511
Futululu_E6a,2009,11,26.30217029
Mtubatuba_B003,2009,11,26.45454597
Trust_D13,2009,11,26.09583521
Trust_E23,2009,11,26.48127448
Trust_E24,2009,11,26.49904775
Mavuya_B3a,2009,11,26.74701203
Salpine_G22,2009,11,26.26802136
Salpine_G33,2009,11,26.01518384
Salpine_F7,2009,11,26.51774282
Kwambo_F011A,2009,11,25.20233444
Nseleni_J006,2009,11,26.30183638
Terranera_B38,2009,11,25.22629151
South_Areas_B35b,2009,11,25.33809945
Kwambo_A017,2009,11,24.94216019
Teranera_C55,2009,11,25.3176793
Port_Durnford_B044,2009,11,25.10933156
Nyalazi_B032,2009,12,29.28515418
Palm_Ridge_C15a,2009,12,29.82476142
Futululu_E6a,2009,12,29.22192427
Mtubatuba_B003,2009,12,29.09776473
Trust_D13,2009,12,29.61027602
Trust_E23,2009,12,28.99768415
Trust_E24,2009,12,29.06111811
Mavuya_B3a,2009,12,29.96764533
Salpine_G22,2009,12,29.33353381
Salpine_G33,2009,12,28.97878132
Salpine_F7,2009,12,30.2366962
Kwambo_F011A,2009,12,28.80768987
Nseleni_J006,2009,12,29.01156307
Terranera_B38,2009,12,28.67427886
South_Areas_B35b,2009,12,28.98691053
Kwambo_A017,2009,12,28.68859113
Teranera_C55,2009,12,29.22441957
Port_Durnford_B044,2009,12,28.34134185
Nyalazi_B032,2010,1,30.72740517
Palm_Ridge_C15a,2010,1,31.80398548
Futululu_E6a,2010,1,31.3048535
Mtubatuba_B003,2010,1,31.05633821
Trust_D13,2010,1,31.68207119
Trust_E23,2010,1,31.20936589
Trust_E24,2010,1,31.21608076
Mavuya_B3a,2010,1,31.59206811
Salpine_G22,2010,1,30.90205622
Salpine_G33,2010,1,30.60213895
Salpine_F7,2010,1,32.41244654
Kwambo_F011A,2010,1,30.73024952
Nseleni_J006,2010,1,31.33972147
Terranera_B38,2010,1,30.84520304
South_Areas_B35b,2010,1,31.25307029
Kwambo_A017,2010,1,30.18880502
Teranera_C55,2010,1,31.36726394
Port_Durnford_B044,2010,1,30.75948436
Nyalazi_B032,2010,2,31.24339406
Palm_Ridge_C15a,2010,2,32.24759215
Futululu_E6a,2010,2,31.92156095
Mtubatuba_B003,2010,2,31.74683871
Trust_D13,2010,2,32.21500599
Trust_E23,2010,2,31.75981283
Trust_E24,2010,2,31.78176265
Mavuya_B3a,2010,2,32.00659217
Salpine_G22,2010,2,31.40338164
Salpine_G33,2010,2,30.995978
Salpine_F7,2010,2,32.84881356
Kwambo_F011A,2010,2,31.1808875
Nseleni_J006,2010,2,31.85132044
Terranera_B38,2010,2,31.24066769
South_Areas_B35b,2010,2,31.6480725
Kwambo_A017,2010,2,30.69447069
Teranera_C55,2010,2,31.77274201
Port_Durnford_B044,2010,2,31.2645699
Nyalazi_B032,2010,3,30.33809739
Palm_Ridge_C15a,2010,3,31.37809195
Futululu_E6a,2010,3,30.90460127
Mtubatuba_B003,2010,3,30.75187298
Trust_D13,2010,3,31.21870961
Trust_E23,2010,3,30.78367168
Trust_E24,2010,3,30.78074442
Mavuya_B3a,2010,3,31.16957991
Salpine_G22,2010,3,30.49774159
Salpine_G33,2010,3,30.22388218
Salpine_F7,2010,3,32.01399693
Kwambo_F011A,2010,3,30.42367205
Nseleni_J006,2010,3,30.82090723
Terranera_B38,2010,3,30.44088475
South_Areas_B35b,2010,3,30.76912148
Kwambo_A017,2010,3,29.88165874
Teranera_C55,2010,3,30.86547743
Port_Durnford_B044,2010,3,30.43118564
Nyalazi_B032,2010,4,28.10243635
Palm_Ridge_C15a,2010,4,28.69169325
Futululu_E6a,2010,4,28.44343808
Mtubatuba_B003,2010,4,28.39656546
Trust_D13,2010,4,28.45213475
Trust_E23,2010,4,28.3947929
Trust_E24,2010,4,28.38634353
Mavuya_B3a,2010,4,28.60808697
Salpine_G22,2010,4,28.3044036
Salpine_G33,2010,4,28.1988931
Salpine_F7,2010,4,29.23701695
Kwambo_F011A,2010,4,28.44498896
Nseleni_J006,2010,4,28.32494897
Terranera_B38,2010,4,28.28492188
South_Areas_B35b,2010,4,28.39348062
Kwambo_A017,2010,4,27.94818135
Teranera_C55,2010,4,28.33160269
Port_Durnford_B044,2010,4,28.16917091
Nyalazi_B032,2010,5,27.75991762
Palm_Ridge_C15a,2010,5,28.34313592
Futululu_E6a,2010,5,28.31226873
Mtubatuba_B003,2010,5,28.30379463
Trust_D13,2010,5,28.15134303
Trust_E23,2010,5,28.15569511
Trust_E24,2010,5,28.16627259
Mavuya_B3a,2010,5,28.20691786
Salpine_G22,2010,5,28.01343994
Salpine_G33,2010,5,27.96364193
Salpine_F7,2010,5,28.64301301
Kwambo_F011A,2010,5,28.23885678
Nseleni_J006,2010,5,28.04806177
Terranera_B38,2010,5,27.95360073
South_Areas_B35b,2010,5,28.01978296
Kwambo_A017,2010,5,27.80765572
Teranera_C55,2010,5,27.98197702
Port_Durnford_B044,2010,5,27.94814923
Nyalazi_B032,2010,6,24.95186111
Palm_Ridge_C15a,2010,6,25.49741562
Futululu_E6a,2010,6,25.171606
Mtubatuba_B003,2010,6,25.25694591
Trust_D13,2010,6,25.13822116
Trust_E23,2010,6,25.18447443
Trust_E24,2010,6,25.24115234
Mavuya_B3a,2010,6,25.37859669
Salpine_G22,2010,6,24.82963419
Salpine_G33,2010,6,24.96344813
Salpine_F7,2010,6,25.22998233
Kwambo_F011A,2010,6,24.87029762
Nseleni_J006,2010,6,25.2218226
Terranera_B38,2010,6,24.91692175
South_Areas_B35b,2010,6,24.98667108
Kwambo_A017,2010,6,24.57015535
Teranera_C55,2010,6,24.89276847
Port_Durnford_B044,2010,6,24.66178412
Nyalazi_B032,2010,7,25.03534831
Palm_Ridge_C15a,2010,7,25.61731567
Futululu_E6a,2010,7,25.3222572
Mtubatuba_B003,2010,7,25.3835803
Trust_D13,2010,7,25.36842067
Trust_E23,2010,7,25.29493837
Trust_E24,2010,7,25.37357096
Mavuya_B3a,2010,7,25.46166813
Salpine_G22,2010,7,24.92723465
Salpine_G33,2010,7,24.99441082
Salpine_F7,2010,7,25.40738015
Kwambo_F011A,2010,7,25.0319463
Nseleni_J006,2010,7,25.38545411
Terranera_B38,2010,7,25.05540322
South_Areas_B35b,2010,7,25.15676403
Kwambo_A017,2010,7,24.74166827
Teranera_C55,2010,7,25.02741696
Port_Durnford_B044,2010,7,24.92789022
Nyalazi_B032,2010,8,25.77375953
Palm_Ridge_C15a,2010,8,26.32656879
Futululu_E6a,2010,8,26.04971993
Mtubatuba_B003,2010,8,26.05562108
Trust_D13,2010,8,26.27217215
Trust_E23,2010,8,25.90388207
Trust_E24,2010,8,26.03062593
Mavuya_B3a,2010,8,26.15912953
Salpine_G22,2010,8,25.77203398
Salpine_G33,2010,8,25.46703738
Salpine_F7,2010,8,26.30921587
Kwambo_F011A,2010,8,26.10013812
Nseleni_J006,2010,8,26.12350825
Terranera_B38,2010,8,25.82969319
South_Areas_B35b,2010,8,25.95966034
Kwambo_A017,2010,8,25.67628682
Teranera_C55,2010,8,25.84988666
Port_Durnford_B044,2010,8,25.88953152
Nyalazi_B032,2010,9,27.35317287
Palm_Ridge_C15a,2010,9,27.70873692
Futululu_E6a,2010,9,27.71298908
Mtubatuba_B003,2010,9,27.71910566
Trust_D13,2010,9,27.67086022
Trust_E23,2010,9,27.17623707
Trust_E24,2010,9,27.5383768
Mavuya_B3a,2010,9,27.67021924
Salpine_G22,2010,9,27.45496201
Salpine_G33,2010,9,26.64872423
Salpine_F7,2010,9,27.73588287
Kwambo_F011A,2010,9,27.35315505
Nseleni_J006,2010,9,27.37181999
Terranera_B38,2010,9,26.8816935
South_Areas_B35b,2010,9,27.02970367
Kwambo_A017,2010,9,27.07291767
Teranera_C55,2010,9,27.06380322
Port_Durnford_B044,2010,9,27.23567123
Nyalazi_B032,2010,10,27.08464516
Palm_Ridge_C15a,2010,10,27.42507539
Futululu_E6a,2010,10,27.2706105
Mtubatuba_B003,2010,10,27.29047852
Trust_D13,2010,10,27.27135578
Trust_E23,2010,10,26.8617134
Trust_E24,2010,10,27.20431869
Mavuya_B3a,2010,10,27.46906992
Salpine_G22,2010,10,27.27974063
Salpine_G33,2010,10,26.48648989
Salpine_F7,2010,10,27.49880372
Kwambo_F011A,2010,10,27.12375087
Nseleni_J006,2010,10,27.09589097
Terranera_B38,2010,10,26.73683733
South_Areas_B35b,2010,10,26.88541298
Kwambo_A017,2010,10,26.84812767
Teranera_C55,2010,10,26.9605462
Port_Durnford_B044,2010,10,26.99101393
Nyalazi_B032,2010,11,28.6137279
Palm_Ridge_C15a,2010,11,29.08762909
Futululu_E6a,2010,11,28.79682582
Mtubatuba_B003,2010,11,28.86569653
Trust_D13,2010,11,28.62562358
Trust_E23,2010,11,28.14261247
Trust_E24,2010,11,28.70346677
Mavuya_B3a,2010,11,29.19576388
Salpine_G22,2010,11,28.76159238
Salpine_G33,2010,11,27.69947962
Salpine_F7,2010,11,29.12712424
Kwambo_F011A,2010,11,28.16864506
Nseleni_J006,2010,11,28.69013733
Terranera_B38,2010,11,28.14349193
South_Areas_B35b,2010,11,28.51388586
Kwambo_A017,2010,11,28.10798366
Teranera_C55,2010,11,28.59087431
Port_Durnford_B044,2010,11,28.39988011
Nyalazi_B032,2010,12,28.88422228
Palm_Ridge_C15a,2010,12,29.31934909
Futululu_E6a,2010,12,28.97334487
Mtubatuba_B003,2010,12,29.03584402
Trust_D13,2010,12,28.81743722
Trust_E23,2010,12,28.32173404
Trust_E24,2010,12,28.85686934
Mavuya_B3a,2010,12,29.4430385
Salpine_G22,2010,12,28.95982262
Salpine_G33,2010,12,27.92568745
Salpine_F7,2010,12,29.39876517
Kwambo_F011A,2010,12,28.37898633
Nseleni_J006,2010,12,28.86263859
Terranera_B38,2010,12,28.3576085
South_Areas_B35b,2010,12,28.73677791
Kwambo_A017,2010,12,28.33703196
Teranera_C55,2010,12,28.8026909
Port_Durnford_B044,2010,12,28.60754591
Nyalazi_B032,2011,1,30.09343462
Palm_Ridge_C15a,2011,1,30.47044313
Futululu_E6a,2011,1,30.03296282
Mtubatuba_B003,2011,1,29.88403197
Trust_D13,2011,1,30.27173293
Trust_E23,2011,1,29.70632295
Trust_E24,2011,1,29.94187811
Mavuya_B3a,2011,1,30.67903856
Salpine_G22,2011,1,29.89723824
Salpine_G33,2011,1,29.28348609
Salpine_F7,2011,1,30.67665045
Kwambo_F011A,2011,1,29.88130271
Nseleni_J006,2011,1,29.83714992
Terranera_B38,2011,1,29.67849787
South_Areas_B35b,2011,1,29.92567405
Kwambo_A017,2011,1,29.67617311
Teranera_C55,2011,1,29.82884091
Port_Durnford_B044,2011,1,29.78769048
Nyalazi_B032,2011,2,30.78340088
Palm_Ridge_C15a,2011,2,31.33236416
Futululu_E6a,2011,2,30.64914278
Mtubatuba_B003,2011,2,30.4996859
Trust_D13,2011,2,31.25418467
Trust_E23,2011,2,30.49485512
Trust_E24,2011,2,30.63009741
Mavuya_B3a,2011,2,31.36747701
Salpine_G22,2011,2,30.6825165
Salpine_G33,2011,2,30.37803972
Salpine_F7,2011,2,31.50795169
Kwambo_F011A,2011,2,30.80339851
Nseleni_J006,2011,2,30.68272043
Terranera_B38,2011,2,30.83018164
South_Areas_B35b,2011,2,31.0612343
Kwambo_A017,2011,2,30.56274873
Teranera_C55,2011,2,30.92635858
Port_Durnford_B044,2011,2,30.76531372
Nyalazi_B032,2011,3,31.51793194
Palm_Ridge_C15a,2011,3,31.77128726
Futululu_E6a,2011,3,31.66123578
Mtubatuba_B003,2011,3,31.59694924
Trust_D13,2011,3,31.79202443
Trust_E23,2011,3,31.51517611
Trust_E24,2011,3,31.58980433
Mavuya_B3a,2011,3,31.60491619
Salpine_G22,2011,3,31.28998067
Salpine_G33,2011,3,31.28967856
Salpine_F7,2011,3,31.91408412
Kwambo_F011A,2011,3,31.72351822
Nseleni_J006,2011,3,31.59723164
Terranera_B38,2011,3,31.80832575
South_Areas_B35b,2011,3,31.85976887
Kwambo_A017,2011,3,31.51600636
Teranera_C55,2011,3,31.75354554
Port_Durnford_B044,2011,3,31.79344529
Nyalazi_B032,2011,4,26.51805577
Palm_Ridge_C15a,2011,4,26.89087381
Futululu_E6a,2011,4,26.45258564
Mtubatuba_B003,2011,4,26.39580644
Trust_D13,2011,4,26.44196487
Trust_E23,2011,4,26.3257412
Trust_E24,2011,4,26.36955933
Mavuya_B3a,2011,4,26.75658425
Salpine_G22,2011,4,26.40878031
Salpine_G33,2011,4,26.59977479
Salpine_F7,2011,4,26.88579784
Kwambo_F011A,2011,4,26.30085167
Nseleni_J006,2011,4,26.28598044
Terranera_B38,2011,4,26.50424199
South_Areas_B35b,2011,4,26.66553634
Kwambo_A017,2011,4,26.13591283
Teranera_C55,2011,4,26.59651779
Port_Durnford_B044,2011,4,25.8689567
Nyalazi_B032,2011,5,26.42343598
Palm_Ridge_C15a,2011,5,26.76900305
Futululu_E6a,2011,5,26.36056369
Mtubatuba_B003,2011,5,26.30115367
Trust_D13,2011,5,26.34713294
Trust_E23,2011,5,26.21308856
Trust_E24,2011,5,26.25767809
Mavuya_B3a,2011,5,26.63508991
Salpine_G22,2011,5,26.30245924
Salpine_G33,2011,5,26.46599197
Salpine_F7,2011,5,26.79171026
Kwambo_F011A,2011,5,26.1837925
Nseleni_J006,2011,5,26.18433225
Terranera_B38,2011,5,26.38337952
South_Areas_B35b,2011,5,26.55083005
Kwambo_A017,2011,5,26.0459487
Teranera_C55,2011,5,26.47725645
Port_Durnford_B044,2011,5,25.76258423
Nyalazi_B032,2011,6,24.34868698
Palm_Ridge_C15a,2011,6,24.93195736
Futululu_E6a,2011,6,24.18047762
Mtubatuba_B003,2011,6,24.11940346
Trust_D13,2011,6,24.19587297
Trust_E23,2011,6,24.07023194
Trust_E24,2011,6,24.0750889
Mavuya_B3a,2011,6,25.02376275
Salpine_G22,2011,6,24.12282134
Salpine_G33,2011,6,24.52699305
Salpine_F7,2011,6,24.8808707
Kwambo_F011A,2011,6,23.87439221
Nseleni_J006,2011,6,23.88753684
Terranera_B38,2011,6,24.27272188
South_Areas_B35b,2011,6,24.44109657
Kwambo_A017,2011,6,23.83319152
Teranera_C55,2011,6,24.33348825
Port_Durnford_B044,2011,6,23.62136736
Nyalazi_B032,2011,7,23.22545464
Palm_Ridge_C15a,2011,7,24.00100433
Futululu_E6a,2011,7,22.95981664
Mtubatuba_B003,2011,7,22.81919718
Trust_D13,2011,7,23.160682
Trust_E23,2011,7,22.81232213
Trust_E24,2011,7,22.87836517
Mavuya_B3a,2011,7,24.33980681
Salpine_G22,2011,7,23.01315376
Salpine_G33,2011,7,23.23713939
Salpine_F7,2011,7,23.94704416
Kwambo_F011A,2011,7,22.77776799
Nseleni_J006,2011,7,22.7960003
Terranera_B38,2011,7,23.14053906
South_Areas_B35b,2011,7,23.34804884
Kwambo_A017,2011,7,22.73234252
Teranera_C55,2011,7,23.22688807
Port_Durnford_B044,2011,7,22.68856236
Nyalazi_B032,2011,8,24.20335985
Palm_Ridge_C15a,2011,8,24.80238111
Futululu_E6a,2011,8,24.01546191
Mtubatuba_B003,2011,8,24.05275891
Trust_D13,2011,8,24.17133081
Trust_E23,2011,8,23.99129916
Trust_E24,2011,8,24.05816042
Mavuya_B3a,2011,8,25.02584459
Salpine_G22,2011,8,24.1273495
Salpine_G33,2011,8,24.23151957
Salpine_F7,2011,8,24.58109443
Kwambo_F011A,2011,8,23.67694088
Nseleni_J006,2011,8,23.80683118
Terranera_B38,2011,8,23.98438612
South_Areas_B35b,2011,8,24.12837299
Kwambo_A017,2011,8,23.64500735
Teranera_C55,2011,8,24.09341162
Port_Durnford_B044,2011,8,23.46596084
Nyalazi_B032,2011,9,27.5096542
Palm_Ridge_C15a,2011,9,27.69469939
Futululu_E6a,2011,9,27.17203719
Mtubatuba_B003,2011,9,27.2858932
Trust_D13,2011,9,26.87119116
Trust_E23,2011,9,27.16033877
Trust_E24,2011,9,27.13008216
Mavuya_B3a,2011,9,27.64510021
Salpine_G22,2011,9,27.19060297
Salpine_G33,2011,9,27.35936666
Salpine_F7,2011,9,27.29426518
Kwambo_F011A,2011,9,26.51400069
Nseleni_J006,2011,9,26.82014907
Terranera_B38,2011,9,26.73006236
South_Areas_B35b,2011,9,26.87066086
Kwambo_A017,2011,9,26.33344973
Teranera_C55,2011,9,26.85612258
Port_Durnford_B044,2011,9,26.19308297
Nyalazi_B032,2011,10,27.43095957
Palm_Ridge_C15a,2011,10,27.67590848
Futululu_E6a,2011,10,27.11099596
Mtubatuba_B003,2011,10,27.21364227
Trust_D13,2011,10,26.85371372
Trust_E23,2011,10,27.15171187
Trust_E24,2011,10,27.09383794
Mavuya_B3a,2011,10,27.63650837
Salpine_G22,2011,10,27.14507682
Salpine_G33,2011,10,27.36764898
Salpine_F7,2011,10,27.30590111
Kwambo_F011A,2011,10,26.56365012
Nseleni_J006,2011,10,26.83319834
Terranera_B38,2011,10,26.76103584
South_Areas_B35b,2011,10,26.89331709
Kwambo_A017,2011,10,26.37032288
Teranera_C55,2011,10,26.87114415
Port_Durnford_B044,2011,10,26.29648518
Nyalazi_B032,2011,11,28.10863777
Palm_Ridge_C15a,2011,11,28.32138108
Futululu_E6a,2011,11,27.73803666
Mtubatuba_B003,2011,11,27.89730455
Trust_D13,2011,11,27.32099766
Trust_E23,2011,11,27.65192534
Trust_E24,2011,11,27.62808512
Mavuya_B3a,2011,11,28.34826348
Salpine_G22,2011,11,27.80264725
Salpine_G33,2011,11,27.95021757
Salpine_F7,2011,11,27.98963382
Kwambo_F011A,2011,11,26.86934555
Nseleni_J006,2011,11,27.26959374
Terranera_B38,2011,11,27.08406722
South_Areas_B35b,2011,11,27.31198562
Kwambo_A017,2011,11,26.74458667
Teranera_C55,2011,11,27.31385423
Port_Durnford_B044,2011,11,26.63148555
Nyalazi_B032,2011,12,28.90692286
Palm_Ridge_C15a,2011,12,29.16765812
Futululu_E6a,2011,12,28.58528089
Mtubatuba_B003,2011,12,28.68275036
Trust_D13,2011,12,28.47099883
Trust_E23,2011,12,28.61531126
Trust_E24,2011,12,28.67159899
Mavuya_B3a,2011,12,29.299458
Salpine_G22,2011,12,28.69201615
Salpine_G33,2011,12,28.69684762
Salpine_F7,2011,12,28.8819576
Kwambo_F011A,2011,12,28.03040182
Nseleni_J006,2011,12,28.64392903
Terranera_B38,2011,12,28.34065814
South_Areas_B35b,2011,12,28.62426894
Kwambo_A017,2011,12,28.03521481
Teranera_C55,2011,12,28.65891197
Port_Durnford_B044,2011,12,28.0491827
Nyalazi_B032,2012,1,30.84261268
Palm_Ridge_C15a,2012,1,31.5184768
Futululu_E6a,2012,1,31.07174074
Mtubatuba_B003,2012,1,31.09606183
Trust_D13,2012,1,30.74880683
Trust_E23,2012,1,30.99393872
Trust_E24,2012,1,30.98908491
Mavuya_B3a,2012,1,31.45034832
Salpine_G22,2012,1,30.89326651
Salpine_G33,2012,1,30.83496503
Salpine_F7,2012,1,31.23733
Kwambo_F011A,2012,1,30.81640353
Nseleni_J006,2012,1,30.73569315
Terranera_B38,2012,1,30.69020664
South_Areas_B35b,2012,1,30.71926618
Kwambo_A017,2012,1,30.62830498
Teranera_C55,2012,1,30.71315592
Port_Durnford_B044,2012,1,30.0738475
Nyalazi_B032,2012,2,30.93586137
Palm_Ridge_C15a,2012,2,31.59382412
Futululu_E6a,2012,2,31.17402167
Mtubatuba_B003,2012,2,31.20664856
Trust_D13,2012,2,30.86396276
Trust_E23,2012,2,31.08176342
Trust_E24,2012,2,31.09257308
Mavuya_B3a,2012,2,31.52858069
Salpine_G22,2012,2,30.97248534
Salpine_G33,2012,2,30.91193679
Salpine_F7,2012,2,31.31286215
Kwambo_F011A,2012,2,30.90222058
Nseleni_J006,2012,2,30.83255488
Terranera_B38,2012,2,30.79164992
South_Areas_B35b,2012,2,30.8087979
Kwambo_A017,2012,2,30.71820108
Teranera_C55,2012,2,30.80117484
Port_Durnford_B044,2012,2,30.19093002
Nyalazi_B032,2012,3,30.40554447
Palm_Ridge_C15a,2012,3,30.83965067
Futululu_E6a,2012,3,30.4837466
Mtubatuba_B003,2012,3,30.48216248
Trust_D13,2012,3,30.14595568
Trust_E23,2012,3,30.31870281
Trust_E24,2012,3,30.34119239
Mavuya_B3a,2012,3,30.86323873
Salpine_G22,2012,3,30.4390787
Salpine_G33,2012,3,30.47129594
Salpine_F7,2012,3,30.7383207
Kwambo_F011A,2012,3,30.38245408
Nseleni_J006,2012,3,30.26517464
Terranera_B38,2012,3,30.27454368
South_Areas_B35b,2012,3,30.30388894
Kwambo_A017,2012,3,30.19738724
Teranera_C55,2012,3,30.31056555
Port_Durnford_B044,2012,3,29.97041639
Nyalazi_B032,2012,4,27.25585457
Palm_Ridge_C15a,2012,4,27.46364089
Futululu_E6a,2012,4,26.90819116
Mtubatuba_B003,2012,4,26.72250771
Trust_D13,2012,4,26.79040699
Trust_E23,2012,4,26.77373054
Trust_E24,2012,4,26.78986717
Mavuya_B3a,2012,4,27.5879932
Salpine_G22,2012,4,27.06262767
Salpine_G33,2012,4,26.85779368
Salpine_F7,2012,4,27.13206527
Kwambo_F011A,2012,4,26.37220568
Nseleni_J006,2012,4,27.0453841
Terranera_B38,2012,4,26.70471639
South_Areas_B35b,2012,4,27.0304272
Kwambo_A017,2012,4,26.16258705
Teranera_C55,2012,4,27.11589087
Port_Durnford_B044,2012,4,26.13726276
Nyalazi_B032,2012,5,27.16925101
Palm_Ridge_C15a,2012,5,27.3575976
Futululu_E6a,2012,5,26.86915463
Mtubatuba_B003,2012,5,26.67491249
Trust_D13,2012,5,26.74619538
Trust_E23,2012,5,26.73952088
Trust_E24,2012,5,26.7511802
Mavuya_B3a,2012,5,27.43577121
Salpine_G22,2012,5,26.95746528
Salpine_G33,2012,5,26.79801912
Salpine_F7,2012,5,27.02136116
Kwambo_F011A,2012,5,26.36116435
Nseleni_J006,2012,5,26.98497628
Terranera_B38,2012,5,26.68392037
South_Areas_B35b,2012,5,26.96812747
Kwambo_A017,2012,5,26.13948865
Teranera_C55,2012,5,27.03043756
Port_Durnford_B044,2012,5,26.13005037
Nyalazi_B032,2012,6,25.02959721
Palm_Ridge_C15a,2012,6,24.89060902
Futululu_E6a,2012,6,24.89008786
Mtubatuba_B003,2012,6,24.88513742
Trust_D13,2012,6,24.56956642
Trust_E23,2012,6,24.68589734
Trust_E24,2012,6,24.67846675
Mavuya_B3a,2012,6,24.87427544
Salpine_G22,2012,6,24.80392961
Salpine_G33,2012,6,24.75360882
Salpine_F7,2012,6,24.83096113
Kwambo_F011A,2012,6,24.33114068
Nseleni_J006,2012,6,24.85850942
Terranera_B38,2012,6,24.51491161
South_Areas_B35b,2012,6,24.73484769
Kwambo_A017,2012,6,24.04590954
Teranera_C55,2012,6,24.77858335
Port_Durnford_B044,2012,6,24.15058006
Nyalazi_B032,2012,7,24.81593435
Palm_Ridge_C15a,2012,7,24.58987083
Futululu_E6a,2012,7,24.56790196
Mtubatuba_B003,2012,7,24.53171399
Trust_D13,2012,7,24.19310637
Trust_E23,2012,7,24.24034627
Trust_E24,2012,7,24.22428294
Mavuya_B3a,2012,7,24.58291326
Salpine_G22,2012,7,24.51875045
Salpine_G33,2012,7,24.40683836
Salpine_F7,2012,7,24.54994914
Kwambo_F011A,2012,7,23.91360925
Nseleni_J006,2012,7,24.46949316
Terranera_B38,2012,7,24.04175064
South_Areas_B35b,2012,7,24.39796448
Kwambo_A017,2012,7,23.87556111
Teranera_C55,2012,7,24.44558717
Port_Durnford_B044,2012,7,23.95407014
Nyalazi_B032,2012,8,26.5547445
Palm_Ridge_C15a,2012,8,26.59268144
Futululu_E6a,2012,8,26.42540459
Mtubatuba_B003,2012,8,26.49439629
Trust_D13,2012,8,26.04199069
Trust_E23,2012,8,26.18571737
Trust_E24,2012,8,26.13874881
Mavuya_B3a,2012,8,26.51614286
Salpine_G22,2012,8,26.41022821
Salpine_G33,2012,8,26.45459496
Salpine_F7,2012,8,26.43247018
Kwambo_F011A,2012,8,26.06117334
Nseleni_J006,2012,8,26.14413973
Terranera_B38,2012,8,26.16726501
South_Areas_B35b,2012,8,26.20391911
Kwambo_A017,2012,8,25.70046129
Teranera_C55,2012,8,26.16333281
Port_Durnford_B044,2012,8,25.84590823
Nyalazi_B032,2012,9,25.81722304
Palm_Ridge_C15a,2012,9,26.02824964
Futululu_E6a,2012,9,25.57292303
Mtubatuba_B003,2012,9,25.6430962
Trust_D13,2012,9,24.83121536
Trust_E23,2012,9,25.03253511
Trust_E24,2012,9,24.89772614
Mavuya_B3a,2012,9,25.95503112
Salpine_G22,2012,9,25.63396023
Salpine_G33,2012,9,25.84437578
Salpine_F7,2012,9,25.62056106
Kwambo_F011A,2012,9,24.63738529
Nseleni_J006,2012,9,24.91728909
Terranera_B38,2012,9,24.83889007
South_Areas_B35b,2012,9,24.94618719
Kwambo_A017,2012,9,24.45109488
Teranera_C55,2012,9,24.95164546
Port_Durnford_B044,2012,9,24.48323193
Nyalazi_B032,2012,10,26.23839489
Palm_Ridge_C15a,2012,10,26.45861441
Futululu_E6a,2012,10,26.08678603
Mtubatuba_B003,2012,10,26.14047353
Trust_D13,2012,10,25.43469074
Trust_E23,2012,10,25.49913302
Trust_E24,2012,10,25.40835707
Mavuya_B3a,2012,10,26.40087401
Salpine_G22,2012,10,26.15239582
Salpine_G33,2012,10,26.21382534
Salpine_F7,2012,10,26.15342343
Kwambo_F011A,2012,10,25.05341705
Nseleni_J006,2012,10,25.54631982
Terranera_B38,2012,10,25.21024607
South_Areas_B35b,2012,10,25.58117477
Kwambo_A017,2012,10,25.0723305
Teranera_C55,2012,10,25.60915773
Port_Durnford_B044,2012,10,25.17998118
Nyalazi_B032,2012,11,26.66015428
Palm_Ridge_C15a,2012,11,26.81910942
Futululu_E6a,2012,11,26.44999696
Mtubatuba_B003,2012,11,26.49539746
Trust_D13,2012,11,25.96134834
Trust_E23,2012,11,25.98185106
Trust_E24,2012,11,25.9111569
Mavuya_B3a,2012,11,26.77829215
Salpine_G22,2012,11,26.53993803
Salpine_G33,2012,11,26.60475294
Salpine_F7,2012,11,26.47941222
Kwambo_F011A,2012,11,25.61602155
Nseleni_J006,2012,11,26.04251875
Terranera_B38,2012,11,25.72114897
South_Areas_B35b,2012,11,26.05925922
Kwambo_A017,2012,11,25.58403752
Teranera_C55,2012,11,26.0810252
Port_Durnford_B044,2012,11,25.64017662
Nyalazi_B032,2012,12,30.37459948
Palm_Ridge_C15a,2012,12,30.57805639
Futululu_E6a,2012,12,30.54834842
Mtubatuba_B003,2012,12,30.38412008
Trust_D13,2012,12,30.30119854
Trust_E23,2012,12,30.33472801
Trust_E24,2012,12,30.37453966
Mavuya_B3a,2012,12,30.61855314
Salpine_G22,2012,12,30.66895032
Salpine_G33,2012,12,30.4374519
Salpine_F7,2012,12,30.73140241
Kwambo_F011A,2012,12,30.82251903
Nseleni_J006,2012,12,30.62082108
Terranera_B38,2012,12,30.51000252
South_Areas_B35b,2012,12,30.77710031
Kwambo_A017,2012,12,30.34388328
Teranera_C55,2012,12,30.86057048
Port_Durnford_B044,2012,12,30.42524263
Nyalazi_B032,2013,1,29.06765221
Palm_Ridge_C15a,2013,1,29.83849907
Futululu_E6a,2013,1,29.75061972
Mtubatuba_B003,2013,1,29.80321953
Trust_D13,2013,1,29.99279954
Trust_E23,2013,1,29.71714096
Trust_E24,2013,1,29.7553992
Mavuya_B3a,2013,1,30.0422686
Salpine_G22,2013,1,29.73791495
Salpine_G33,2013,1,29.43368626
Salpine_F7,2013,1,30.2290709
Kwambo_F011A,2013,1,29.58038012
Nseleni_J006,2013,1,29.8942894
Terranera_B38,2013,1,29.56851658
South_Areas_B35b,2013,1,29.81930611
Kwambo_A017,2013,1,29.20265575
Teranera_C55,2013,1,29.7410471
Port_Durnford_B044,2013,1,29.51191146
Nyalazi_B032,2013,2,29.25284709
Palm_Ridge_C15a,2013,2,30.13678992
Futululu_E6a,2013,2,30.08506013
Mtubatuba_B003,2013,2,30.19327893
Trust_D13,2013,2,30.37405225
Trust_E23,2013,2,30.04959234
Trust_E24,2013,2,30.09223501
Mavuya_B3a,2013,2,30.3909947
Salpine_G22,2013,2,30.05086825
Salpine_G33,2013,2,29.7060467
Salpine_F7,2013,2,30.56989129
Kwambo_F011A,2013,2,29.84872905
Nseleni_J006,2013,2,30.2360407
Terranera_B38,2013,2,29.82922201
South_Areas_B35b,2013,2,30.12917135
Kwambo_A017,2013,2,29.38265274
Teranera_C55,2013,2,30.0557592
Port_Durnford_B044,2013,2,29.7318337
Nyalazi_B032,2013,3,28.59188892
Palm_Ridge_C15a,2013,3,29.18514415
Futululu_E6a,2013,3,28.86423018
Mtubatuba_B003,2013,3,28.92977716
Trust_D13,2013,3,29.09324059
Trust_E23,2013,3,29.03198994
Trust_E24,2013,3,29.04367613
Mavuya_B3a,2013,3,29.26204545
Salpine_G22,2013,3,28.94556824
Salpine_G33,2013,3,28.86493779
Salpine_F7,2013,3,29.2216839
Kwambo_F011A,2013,3,28.89341544
Nseleni_J006,2013,3,28.99738681
Terranera_B38,2013,3,28.88152797
South_Areas_B35b,2013,3,29.0171334
Kwambo_A017,2013,3,28.45272803
Teranera_C55,2013,3,28.99147148
Port_Durnford_B044,2013,3,28.56363953
Nyalazi_B032,2013,4,27.23009585
Palm_Ridge_C15a,2013,4,28.07062568
Futululu_E6a,2013,4,27.48899034
Mtubatuba_B003,2013,4,27.52887239
Trust_D13,2013,4,27.48819871
Trust_E23,2013,4,27.74026143
Trust_E24,2013,4,27.75094532
Mavuya_B3a,2013,4,27.78251129
Salpine_G22,2013,4,27.30392986
Salpine_G33,2013,4,27.5437609
Salpine_F7,2013,4,27.76905124
Kwambo_F011A,2013,4,27.5999152
Nseleni_J006,2013,4,27.65115061
Terranera_B38,2013,4,27.75318951
South_Areas_B35b,2013,4,27.79585639
Kwambo_A017,2013,4,27.21609024
Teranera_C55,2013,4,27.73956558
Port_Durnford_B044,2013,4,27.2275648
Nyalazi_B032,2013,5,26.13434616
Palm_Ridge_C15a,2013,5,27.11109033
Futululu_E6a,2013,5,26.4406023
Mtubatuba_B003,2013,5,26.49002457
Trust_D13,2013,5,26.4278419
Trust_E23,2013,5,26.65548949
Trust_E24,2013,5,26.65480745
Mavuya_B3a,2013,5,26.80568386
Salpine_G22,2013,5,26.03937545
Salpine_G33,2013,5,26.34167757
Salpine_F7,2013,5,26.80117844
Kwambo_F011A,2013,5,26.42093627
Nseleni_J006,2013,5,26.51102013
Terranera_B38,2013,5,26.62729481
South_Areas_B35b,2013,5,26.62650876
Kwambo_A017,2013,5,25.93046181
Teranera_C55,2013,5,26.52012448
Port_Durnford_B044,2013,5,25.89201539
Nyalazi_B032,2013,6,25.65395425
Palm_Ridge_C15a,2013,6,26.54350304
Futululu_E6a,2013,6,25.88051778
Mtubatuba_B003,2013,6,25.87751531
Trust_D13,2013,6,25.94631697
Trust_E23,2013,6,26.0516322
Trust_E24,2013,6,26.02781547
Mavuya_B3a,2013,6,26.35006945
Salpine_G22,2013,6,25.39515425
Salpine_G33,2013,6,25.71003367
Salpine_F7,2013,6,26.26171307
Kwambo_F011A,2013,6,25.91970228
Nseleni_J006,2013,6,25.97518922
Terranera_B38,2013,6,26.15061303
South_Areas_B35b,2013,6,26.12481329
Kwambo_A017,2013,6,25.45347928
Teranera_C55,2013,6,26.02933581
Port_Durnford_B044,2013,6,25.4463423
Nyalazi_B032,2013,7,24.7835101
Palm_Ridge_C15a,2013,7,25.84285127
Futululu_E6a,2013,7,24.9452857
Mtubatuba_B003,2013,7,24.86606685
Trust_D13,2013,7,25.14068871
Trust_E23,2013,7,25.12889272
Trust_E24,2013,7,25.03839405
Mavuya_B3a,2013,7,25.75601159
Salpine_G22,2013,7,24.64002974
Salpine_G33,2013,7,25.04866234
Salpine_F7,2013,7,25.43753311
Kwambo_F011A,2013,7,24.98961608
Nseleni_J006,2013,7,25.21678051
Terranera_B38,2013,7,25.28558338
South_Areas_B35b,2013,7,25.32129623
Kwambo_A017,2013,7,24.55306257
Teranera_C55,2013,7,25.27299861
Port_Durnford_B044,2013,7,24.59639057
Nyalazi_B032,2013,8,25.81416625
Palm_Ridge_C15a,2013,8,26.64649031
Futululu_E6a,2013,8,25.96851218
Mtubatuba_B003,2013,8,25.97079396
Trust_D13,2013,8,26.18380394
Trust_E23,2013,8,26.09926083
Trust_E24,2013,8,26.10761924
Mavuya_B3a,2013,8,26.59939725
Salpine_G22,2013,8,25.5151947
Salpine_G33,2013,8,25.67971824
Salpine_F7,2013,8,26.43307808
Kwambo_F011A,2013,8,26.0526994
Nseleni_J006,2013,8,26.18543342
Terranera_B38,2013,8,26.22765401
South_Areas_B35b,2013,8,26.27265554
Kwambo_A017,2013,8,25.67080487
Teranera_C55,2013,8,26.24157548
Port_Durnford_B044,2013,8,25.73975308
Nyalazi_B032,2013,9,27.0478081
Palm_Ridge_C15a,2013,9,28.03288483
Futululu_E6a,2013,9,27.29644288
Mtubatuba_B003,2013,9,27.30326408
Trust_D13,2013,9,27.23702351
Trust_E23,2013,9,27.35436884
Trust_E24,2013,9,27.21526746
Mavuya_B3a,2013,9,27.9510822
Salpine_G22,2013,9,27.28513853
Salpine_G33,2013,9,27.23243133
Salpine_F7,2013,9,27.70331726
Kwambo_F011A,2013,9,27.20143726
Nseleni_J006,2013,9,27.39729166
Terranera_B38,2013,9,27.20234817
South_Areas_B35b,2013,9,27.4050853
Kwambo_A017,2013,9,27.11934089
Teranera_C55,2013,9,27.40636082
Port_Durnford_B044,2013,9,27.18264689
Nyalazi_B032,2013,10,26.9459327
Palm_Ridge_C15a,2013,10,27.97422239
Futululu_E6a,2013,10,27.16086264
Mtubatuba_B003,2013,10,27.14109182
Trust_D13,2013,10,27.10198591
Trust_E23,2013,10,27.23339627
Trust_E24,2013,10,27.06291521
Mavuya_B3a,2013,10,27.9228023
Salpine_G22,2013,10,27.2240985
Salpine_G33,2013,10,27.18191389
Salpine_F7,2013,10,27.62971893
Kwambo_F011A,2013,10,27.06275941
Nseleni_J006,2013,10,27.35549665
Terranera_B38,2013,10,27.12443974
South_Areas_B35b,2013,10,27.37036315
Kwambo_A017,2013,10,27.01888995
Teranera_C55,2013,10,27.39259408
Port_Durnford_B044,2013,10,27.09174517
Nyalazi_B032,2013,11,27.83218786
Palm_Ridge_C15a,2013,11,29.02331791
Futululu_E6a,2013,11,28.23951956
Mtubatuba_B003,2013,11,28.27184743
Trust_D13,2013,11,28.31863159
Trust_E23,2013,11,28.27122313
Trust_E24,2013,11,28.17207182
Mavuya_B3a,2013,11,28.85208468
Salpine_G22,2013,11,28.05489024
Salpine_G33,2013,11,28.02175262
Salpine_F7,2013,11,28.75173167
Kwambo_F011A,2013,11,28.21977599
Nseleni_J006,2013,11,28.15036029
Terranera_B38,2013,11,27.97142948
South_Areas_B35b,2013,11,28.19361319
Kwambo_A017,2013,11,28.29155148
Teranera_C55,2013,11,28.4648539
Port_Durnford_B044,2013,11,28.64430132
Nyalazi_B032,2013,12,27.50607008
Palm_Ridge_C15a,2013,12,28.80545475
Futululu_E6a,2013,12,27.85352286
Mtubatuba_B003,2013,12,27.92035279
Trust_D13,2013,12,27.94442592
Trust_E23,2013,12,27.99354608
Trust_E24,2013,12,27.87471293
Mavuya_B3a,2013,12,28.66965209
Salpine_G22,2013,12,27.75221216
Salpine_G33,2013,12,27.77008638
Salpine_F7,2013,12,28.4961703
Kwambo_F011A,2013,12,27.88691938
Nseleni_J006,2013,12,27.85255024
Terranera_B38,2013,12,27.65252628
South_Areas_B35b,2013,12,27.86120359
Kwambo_A017,2013,12,27.98693684
Teranera_C55,2013,12,28.1711647
Port_Durnford_B044,2013,12,28.35931048
Nyalazi_B032,2014,1,30.38238781
Palm_Ridge_C15a,2014,1,31.62941616
Futululu_E6a,2014,1,31.02368881
Mtubatuba_B003,2014,1,30.78882246
Trust_D13,2014,1,31.68953496
Trust_E23,2014,1,30.65140103
Trust_E24,2014,1,30.6638169
Mavuya_B3a,2014,1,31.19246823
Salpine_G22,2014,1,30.25768221
Salpine_G33,2014,1,30.20371243
Salpine_F7,2014,1,32.58823351
Kwambo_F011A,2014,1,31.23506882
Nseleni_J006,2014,1,30.68407937
Terranera_B38,2014,1,30.86322763
South_Areas_B35b,2014,1,31.01796493
Kwambo_A017,2014,1,30.4146401
Teranera_C55,2014,1,30.75820055
Port_Durnford_B044,2014,1,31.29173361
Nyalazi_B032,2014,2,30.43891
Palm_Ridge_C15a,2014,2,31.82084093
Futululu_E6a,2014,2,31.20460275
Mtubatuba_B003,2014,2,30.89815598
Trust_D13,2014,2,31.92968933
Trust_E23,2014,2,30.72467626
Trust_E24,2014,2,30.73352696
Mavuya_B3a,2014,2,31.27162968
Salpine_G22,2014,2,30.31816873
Salpine_G33,2014,2,30.27220652
Salpine_F7,2014,2,32.81251046
Kwambo_F011A,2014,2,31.34078307
Nseleni_J006,2014,2,30.74436757
Terranera_B38,2014,2,30.97579202
South_Areas_B35b,2014,2,31.13866396
Kwambo_A017,2014,2,30.44393222
Teranera_C55,2014,2,30.78443621
Port_Durnford_B044,2014,2,31.38427483
Nyalazi_B032,2014,3,29.53760807
Palm_Ridge_C15a,2014,3,30.17356251
Futululu_E6a,2014,3,29.8511938
Mtubatuba_B003,2014,3,29.77613376
Trust_D13,2014,3,30.01982089
Trust_E23,2014,3,29.96526572
Trust_E24,2014,3,29.95213373
Mavuya_B3a,2014,3,29.97108787
Salpine_G22,2014,3,29.60654902
Salpine_G33,2014,3,29.88408095
Salpine_F7,2014,3,30.17942917
Kwambo_F011A,2014,3,30.06048773
Nseleni_J006,2014,3,29.93026331
Terranera_B38,2014,3,29.98536031
South_Areas_B35b,2014,3,29.94061393
Kwambo_A017,2014,3,29.59572617
Teranera_C55,2014,3,29.83094617
Port_Durnford_B044,2014,3,29.89788463
Nyalazi_B032,2014,4,27.46519809
Palm_Ridge_C15a,2014,4,27.72155115
Futululu_E6a,2014,4,27.92199516
Mtubatuba_B003,2014,4,27.98910922
Trust_D13,2014,4,27.7521352
Trust_E23,2014,4,27.97874036
Trust_E24,2014,4,28.01091376
Mavuya_B3a,2014,4,27.72401142
Salpine_G22,2014,4,27.6540457
Salpine_G33,2014,4,27.71990533
Salpine_F7,2014,4,27.67214713
Kwambo_F011A,2014,4,28.00442862
Nseleni_J006,2014,4,27.92830589
Terranera_B38,2014,4,27.87164507
South_Areas_B35b,2014,4,27.68407132
Kwambo_A017,2014,4,28.03084935
Teranera_C55,2014,4,27.72446109
Port_Durnford_B044,2014,4,28.02990546
Nyalazi_B032,2014,5,26.39120273
Palm_Ridge_C15a,2014,5,26.60749792
Futululu_E6a,2014,5,26.55343997
Mtubatuba_B003,2014,5,26.59544365
Trust_D13,2014,5,26.70702348
Trust_E23,2014,5,26.59321269
Trust_E24,2014,5,26.64301684
Mavuya_B3a,2014,5,26.61417817
Salpine_G22,2014,5,26.50619807
Salpine_G33,2014,5,26.39488146
Salpine_F7,2014,5,26.3520545
Kwambo_F011A,2014,5,26.49946389
Nseleni_J006,2014,5,26.64630292
Terranera_B38,2014,5,26.53659133
South_Areas_B35b,2014,5,26.51834315
Kwambo_A017,2014,5,26.34201922
Teranera_C55,2014,5,26.51287772
Port_Durnford_B044,2014,5,26.36040809
Nyalazi_B032,2014,6,25.86212109
Palm_Ridge_C15a,2014,6,26.16939496
Futululu_E6a,2014,6,26.01577655
Mtubatuba_B003,2014,6,26.0414302
Trust_D13,2014,6,26.22964433
Trust_E23,2014,6,26.00987108
Trust_E24,2014,6,26.11075632
Mavuya_B3a,2014,6,26.16599978
Salpine_G22,2014,6,26.004147
Salpine_G33,2014,6,25.72623959
Salpine_F7,2014,6,25.91079323
Kwambo_F011A,2014,6,25.89239044
Nseleni_J006,2014,6,26.04730736
Terranera_B38,2014,6,25.89982619
South_Areas_B35b,2014,6,25.97123641
Kwambo_A017,2014,6,25.72518337
Teranera_C55,2014,6,25.95654655
Port_Durnford_B044,2014,6,25.75177552
Nyalazi_B032,2014,7,25.35332921
Palm_Ridge_C15a,2014,7,25.7575675
Futululu_E6a,2014,7,25.50726555
Mtubatuba_B003,2014,7,25.54563291
Trust_D13,2014,7,25.70067111
Trust_E23,2014,7,25.47199023
Trust_E24,2014,7,25.55165841
Mavuya_B3a,2014,7,25.72616353
Salpine_G22,2014,7,25.43702888
Salpine_G33,2014,7,25.30519575
Salpine_F7,2014,7,25.5358142
Kwambo_F011A,2014,7,25.42789243
Nseleni_J006,2014,7,25.46666833
Terranera_B38,2014,7,25.44722828
South_Areas_B35b,2014,7,25.49560677
Kwambo_A017,2014,7,25.29802106
Teranera_C55,2014,7,25.4752927
Port_Durnford_B044,2014,7,25.28512667
Nyalazi_B032,2014,8,25.99394407
Palm_Ridge_C15a,2014,8,26.46374567
Futululu_E6a,2014,8,26.21949752
Mtubatuba_B003,2014,8,26.27079966
Trust_D13,2014,8,26.37651638
Trust_E23,2014,8,26.16992968
Trust_E24,2014,8,26.27610551
Mavuya_B3a,2014,8,26.42440192
Salpine_G22,2014,8,25.8669882
Salpine_G33,2014,8,25.72383622
Salpine_F7,2014,8,26.27186329
Kwambo_F011A,2014,8,26.07938323
Nseleni_J006,2014,8,26.16474556
Terranera_B38,2014,8,26.10492215
South_Areas_B35b,2014,8,26.13773499
Kwambo_A017,2014,8,25.86102748
Teranera_C55,2014,8,26.0942402
Port_Durnford_B044,2014,8,25.97182914
Nyalazi_B032,2014,9,27.70881864
Palm_Ridge_C15a,2014,9,28.48944115
Futululu_E6a,2014,9,28.20031757
Mtubatuba_B003,2014,9,28.23963957
Trust_D13,2014,9,28.33583068
Trust_E23,2014,9,28.18600573
Trust_E24,2014,9,28.25270879
Mavuya_B3a,2014,9,28.48256437
Salpine_G22,2014,9,28.11265567
Salpine_G33,2014,9,27.76723109
Salpine_F7,2014,9,28.04082702
Kwambo_F011A,2014,9,27.79895243
Nseleni_J006,2014,9,28.28293563
Terranera_B38,2014,9,27.86542256
South_Areas_B35b,2014,9,28.03546725
Kwambo_A017,2014,9,27.69901391
Teranera_C55,2014,9,28.06899217
Port_Durnford_B044,2014,9,27.77809451
Nyalazi_B032,2014,10,25.32973936
Palm_Ridge_C15a,2014,10,25.94120519
Futululu_E6a,2014,10,25.50598018
Mtubatuba_B003,2014,10,25.55218926
Trust_D13,2014,10,25.64634517
Trust_E23,2014,10,25.53505629
Trust_E24,2014,10,25.56524994
Mavuya_B3a,2014,10,25.93288236
Salpine_G22,2014,10,25.52580026
Salpine_G33,2014,10,25.28392055
Salpine_F7,2014,10,25.63324808
Kwambo_F011A,2014,10,25.32185593
Nseleni_J006,2014,10,25.59568834
Terranera_B38,2014,10,25.31101122
South_Areas_B35b,2014,10,25.52717276
Kwambo_A017,2014,10,25.10271687
Teranera_C55,2014,10,25.54287277
Port_Durnford_B044,2014,10,25.23218751
Nyalazi_B032,2014,11,26.7722896
Palm_Ridge_C15a,2014,11,27.26070903
Futululu_E6a,2014,11,26.95474635
Mtubatuba_B003,2014,11,27.03579953
Trust_D13,2014,11,26.97728926
Trust_E23,2014,11,26.97980028
Trust_E24,2014,11,27.02182156
Mavuya_B3a,2014,11,27.24261333
Salpine_G22,2014,11,26.98807666
Salpine_G33,2014,11,26.73803821
Salpine_F7,2014,11,26.78594518
Kwambo_F011A,2014,11,26.4134507
Nseleni_J006,2014,11,26.93272548
Terranera_B38,2014,11,26.53396681
South_Areas_B35b,2014,11,26.77025216
Kwambo_A017,2014,11,26.29653003
Teranera_C55,2014,11,26.78138213
Port_Durnford_B044,2014,11,26.25125545
Nyalazi_B032,2014,12,29.84525509
Palm_Ridge_C15a,2014,12,30.78261757
Futululu_E6a,2014,12,29.97730338
Mtubatuba_B003,2014,12,29.98305484
Trust_D13,2014,12,29.99772662
Trust_E23,2014,12,29.59114402
Trust_E24,2014,12,29.93094186
Mavuya_B3a,2014,12,30.77413229
Salpine_G22,2014,12,30.15757867
Salpine_G33,2014,12,29.63020291
Salpine_F7,2014,12,30.62083161
Kwambo_F011A,2014,12,29.45668287
Nseleni_J006,2014,12,30.11015867
Terranera_B38,2014,12,30.01423997
South_Areas_B35b,2014,12,30.33046408
Kwambo_A017,2014,12,29.56113305
Teranera_C55,2014,12,30.34897941
Port_Durnford_B044,2014,12,29.91754732
Nyalazi_B032,2015,1,31.11222022
Palm_Ridge_C15a,2015,1,31.9977568
Futululu_E6a,2015,1,31.36658278
Mtubatuba_B003,2015,1,31.28921452
Trust_D13,2015,1,31.54798577
Trust_E23,2015,1,31.19907334
Trust_E24,2015,1,31.27749511
Mavuya_B3a,2015,1,31.13832749
Salpine_G22,2015,1,30.89805631
Salpine_G33,2015,1,30.65612679
Salpine_F7,2015,1,30.94395759
Kwambo_F011A,2015,1,30.14111922
Nseleni_J006,2015,1,30.78160283
Terranera_B38,2015,1,30.44784136
South_Areas_B35b,2015,1,30.70326878
Kwambo_A017,2015,1,30.04389036
Teranera_C55,2015,1,30.76179385
Port_Durnford_B044,2015,1,30.17639054
Nyalazi_B032,2015,2,30.88417642
Palm_Ridge_C15a,2015,2,31.76789609
Futululu_E6a,2015,2,31.16277854
Mtubatuba_B003,2015,2,31.05675138
Trust_D13,2015,2,31.35369754
Trust_E23,2015,2,30.92513604
Trust_E24,2015,2,31.03452676
Mavuya_B3a,2015,2,30.99807564
Salpine_G22,2015,2,30.73443176
Salpine_G33,2015,2,30.48105062
Salpine_F7,2015,2,30.75189031
Kwambo_F011A,2015,2,29.97582976
Nseleni_J006,2015,2,30.60457851
Terranera_B38,2015,2,30.28740963
South_Areas_B35b,2015,2,30.52645381
Kwambo_A017,2015,2,29.9050571
Teranera_C55,2015,2,30.60465319
Port_Durnford_B044,2015,2,29.94963334
Nyalazi_B032,2015,3,30.90965938
Palm_Ridge_C15a,2015,3,31.78561154
Futululu_E6a,2015,3,31.20011326
Mtubatuba_B003,2015,3,31.10053736
Trust_D13,2015,3,31.40935858
Trust_E23,2015,3,30.96966475
Trust_E24,2015,3,31.08391817
Mavuya_B3a,2015,3,31.09851174
Salpine_G22,2015,3,30.8455391
Salpine_G33,2015,3,30.5606004
Salpine_F7,2015,3,30.84434955
Kwambo_F011A,2015,3,30.04189967
Nseleni_J006,2015,3,30.71012874
Terranera_B38,2015,3,30.36713104
South_Areas_B35b,2015,3,30.62765628
Kwambo_A017,2015,3,29.97514061
Teranera_C55,2015,3,30.71611907
Port_Durnford_B044,2015,3,30.04001259
Nyalazi_B032,2015,4,28.10109683
Palm_Ridge_C15a,2015,4,28.41406459
Futululu_E6a,2015,4,28.22539802
Mtubatuba_B003,2015,4,28.2152642
Trust_D13,2015,4,28.18828596
Trust_E23,2015,4,28.4989746
Trust_E24,2015,4,28.52513074
Mavuya_B3a,2015,4,28.41013924
Salpine_G22,2015,4,28.23337967
Salpine_G33,2015,4,28.26793961
Salpine_F7,2015,4,28.16039676
Kwambo_F011A,2015,4,28.27916322
Nseleni_J006,2015,4,28.07039615
Terranera_B38,2015,4,28.01847218
South_Areas_B35b,2015,4,27.99615036
Kwambo_A017,2015,4,28.15083084
Teranera_C55,2015,4,28.02790837
Port_Durnford_B044,2015,4,27.83374212
Nyalazi_B032,2015,5,28.26497921
Palm_Ridge_C15a,2015,5,28.51633671
Futululu_E6a,2015,5,28.41414051
Mtubatuba_B003,2015,5,28.42826996
Trust_D13,2015,5,28.4259167
Trust_E23,2015,5,28.63604972
Trust_E24,2015,5,28.66699648
Mavuya_B3a,2015,5,28.52391977
Salpine_G22,2015,5,28.36595374
Salpine_G33,2015,5,28.37938375
Salpine_F7,2015,5,28.28084615
Kwambo_F011A,2015,5,28.43930965
Nseleni_J006,2015,5,28.27922589
Terranera_B38,2015,5,28.2498964
South_Areas_B35b,2015,5,28.18281391
Kwambo_A017,2015,5,28.35724795
Teranera_C55,2015,5,28.20844003
Port_Durnford_B044,2015,5,28.08642358
Nyalazi_B032,2015,6,25.47881348
Palm_Ridge_C15a,2015,6,25.9545753
Futululu_E6a,2015,6,25.66137031
Mtubatuba_B003,2015,6,25.8068287
Trust_D13,2015,6,25.88446341
Trust_E23,2015,6,25.95365988
Trust_E24,2015,6,25.98312058
Mavuya_B3a,2015,6,25.77022378
Salpine_G22,2015,6,25.69335871
Salpine_G33,2015,6,25.83171876
Salpine_F7,2015,6,25.32795403
Kwambo_F011A,2015,6,25.89212654
Nseleni_J006,2015,6,25.83002557
Terranera_B38,2015,6,25.89001238
South_Areas_B35b,2015,6,25.73798178
Kwambo_A017,2015,6,25.62809089
Teranera_C55,2015,6,25.90089961
Port_Durnford_B044,2015,6,25.40958429
Nyalazi_B032,2015,7,24.91554467
Palm_Ridge_C15a,2015,7,25.46537007
Futululu_E6a,2015,7,25.07446176
Mtubatuba_B003,2015,7,25.1980535
Trust_D13,2015,7,25.41470751
Trust_E23,2015,7,25.33113322
Trust_E24,2015,7,25.35169404
Mavuya_B3a,2015,7,25.21113286
Salpine_G22,2015,7,25.05500379
Salpine_G33,2015,7,25.08345953
Salpine_F7,2015,7,24.76374092
Kwambo_F011A,2015,7,25.12935856
Nseleni_J006,2015,7,25.1324371
Terranera_B38,2015,7,25.08994717
South_Areas_B35b,2015,7,25.07693219
Kwambo_A017,2015,7,24.84122363
Teranera_C55,2015,7,25.15772472
Port_Durnford_B044,2015,7,24.57136585
Nyalazi_B032,2015,8,26.41022582
Palm_Ridge_C15a,2015,8,27.09477944
Futululu_E6a,2015,8,26.79427867
Mtubatuba_B003,2015,8,27.07150273
Trust_D13,2015,8,26.99170739
Trust_E23,2015,8,26.96255255
Trust_E24,2015,8,27.08680121
Mavuya_B3a,2015,8,26.72912193
Salpine_G22,2015,8,26.477441
Salpine_G33,2015,8,26.45450512
Salpine_F7,2015,8,26.15254368
Kwambo_F011A,2015,8,26.70405561
Nseleni_J006,2015,8,26.83698984
Terranera_B38,2015,8,26.69399981
South_Areas_B35b,2015,8,26.55831445
Kwambo_A017,2015,8,26.21620586
Teranera_C55,2015,8,26.55782767
Port_Durnford_B044,2015,8,26.01823137
Nyalazi_B032,2015,9,26.50347476
Palm_Ridge_C15a,2015,9,27.21859593
Futululu_E6a,2015,9,26.90898223
Mtubatuba_B003,2015,9,27.17626977
Trust_D13,2015,9,27.07737288
Trust_E23,2015,9,27.07365552
Trust_E24,2015,9,27.19743913
Mavuya_B3a,2015,9,26.79276784
Salpine_G22,2015,9,26.53444346
Salpine_G33,2015,9,26.53442135
Salpine_F7,2015,9,26.20622216
Kwambo_F011A,2015,9,26.73656884
Nseleni_J006,2015,9,26.88156491
Terranera_B38,2015,9,26.73521217
South_Areas_B35b,2015,9,26.60220443
Kwambo_A017,2015,9,26.22370565
Teranera_C55,2015,9,26.59639318
Port_Durnford_B044,2015,9,25.99614692
Nyalazi_B032,2015,10,28.95145283
Palm_Ridge_C15a,2015,10,29.49312095
Futululu_E6a,2015,10,29.40216
Mtubatuba_B003,2015,10,29.57858045
Trust_D13,2015,10,29.60142336
Trust_E23,2015,10,28.78662567
Trust_E24,2015,10,29.08259993
Mavuya_B3a,2015,10,28.93399541
Salpine_G22,2015,10,29.01939822
Salpine_G33,2015,10,28.43268314
Salpine_F7,2015,10,28.66984744
Kwambo_F011A,2015,10,28.4964806
Nseleni_J006,2015,10,29.18175643
Terranera_B38,2015,10,28.75651028
South_Areas_B35b,2015,10,29.15109649
Kwambo_A017,2015,10,28.18570959
Teranera_C55,2015,10,29.12797575
Port_Durnford_B044,2015,10,28.55600796
Nyalazi_B032,2015,11,28.87403537
Palm_Ridge_C15a,2015,11,29.40995548
Futululu_E6a,2015,11,29.277725
Mtubatuba_B003,2015,11,29.45641473
Trust_D13,2015,11,29.50037959
Trust_E23,2015,11,28.70388302
Trust_E24,2015,11,28.95132837
Mavuya_B3a,2015,11,28.83932184
Salpine_G22,2015,11,28.88979836
Salpine_G33,2015,11,28.37678115
Salpine_F7,2015,11,28.62101622
Kwambo_F011A,2015,11,28.4596751
Nseleni_J006,2015,11,29.04283757
Terranera_B38,2015,11,28.65389444
South_Areas_B35b,2015,11,29.03750837
Kwambo_A017,2015,11,28.13621696
Teranera_C55,2015,11,29.01836941
Port_Durnford_B044,2015,11,28.46044542
Nyalazi_B032,2015,12,30.71456471
Palm_Ridge_C15a,2015,12,31.04975424
Futululu_E6a,2015,12,31.08299241
Mtubatuba_B003,2015,12,31.19799014
Trust_D13,2015,12,31.22506478
Trust_E23,2015,12,30.89874983
Trust_E24,2015,12,30.97968476
Mavuya_B3a,2015,12,30.68826458
Salpine_G22,2015,12,30.90928596
Salpine_G33,2015,12,30.66349424
Salpine_F7,2015,12,30.54784839
Kwambo_F011A,2015,12,30.48641447
Nseleni_J006,2015,12,30.91945068
Terranera_B38,2015,12,30.68487498
South_Areas_B35b,2015,12,30.85753729
Kwambo_A017,2015,12,30.31892186
Teranera_C55,2015,12,30.88256041
Port_Durnford_B044,2015,12,30.30709578
Nyalazi_B032,2016,1,31.02405872
Palm_Ridge_C15a,2016,1,29.31132913
Futululu_E6a,2016,1,31.62431665
Mtubatuba_B003,2016,1,31.65909016
Trust_D13,2016,1,31.34188476
Trust_E23,2016,1,31.50137141
Trust_E24,2016,1,31.55394763
Mavuya_B3a,2016,1,27.28200041
Salpine_G22,2016,1,31.02187081
Salpine_G33,2016,1,30.88444074
Salpine_F7,2016,1,30.89842961
Kwambo_F011A,2016,1,30.49153677
Nseleni_J006,2016,1,31.24328235
Terranera_B38,2016,1,30.91225777
South_Areas_B35b,2016,1,30.97748932
Kwambo_A017,2016,1,30.68439331
Teranera_C55,2016,1,31.05232571
Port_Durnford_B044,2016,1,30.74518764
Nyalazi_B032,2016,2,31.05337692
Palm_Ridge_C15a,2016,2,29.29493778
Futululu_E6a,2016,2,31.67326477
Mtubatuba_B003,2016,2,31.70266851
Trust_D13,2016,2,31.31585207
Trust_E23,2016,2,31.51427192
Trust_E24,2016,2,31.57650102
Mavuya_B3a,2016,2,27.25095151
Salpine_G22,2016,2,31.05000074
Salpine_G33,2016,2,30.89825772
Salpine_F7,2016,2,30.87636813
Kwambo_F011A,2016,2,30.52188188
Nseleni_J006,2016,2,31.3096537
Terranera_B38,2016,2,30.93622836
South_Areas_B35b,2016,2,30.99780982
Kwambo_A017,2016,2,30.71961905
Teranera_C55,2016,2,31.07479674
Port_Durnford_B044,2016,2,30.78845629
Nyalazi_B032,2016,3,30.71313984
Palm_Ridge_C15a,2016,3,28.95362935
Futululu_E6a,2016,3,31.16514425
Mtubatuba_B003,2016,3,31.1930598
Trust_D13,2016,3,30.82890055
Trust_E23,2016,3,31.11998288
Trust_E24,2016,3,31.14345505
Mavuya_B3a,2016,3,27.03261806
Salpine_G22,2016,3,30.64961945
Salpine_G33,2016,3,30.67778208
Salpine_F7,2016,3,30.49347339
Kwambo_F011A,2016,3,30.26266108
Nseleni_J006,2016,3,30.86189944
Terranera_B38,2016,3,30.6381139
South_Areas_B35b,2016,3,30.62846225
Kwambo_A017,2016,3,30.44139558
Teranera_C55,2016,3,30.685543
Port_Durnford_B044,2016,3,30.40869193
Nyalazi_B032,2016,4,30.28299993
Palm_Ridge_C15a,2016,4,28.64767795
Futululu_E6a,2016,4,30.76307401
Mtubatuba_B003,2016,4,30.79495805
Trust_D13,2016,4,30.51364766
Trust_E23,2016,4,30.72915842
Trust_E24,2016,4,30.74581508
Mavuya_B3a,2016,4,26.55076397
Salpine_G22,2016,4,30.18531566
Salpine_G33,2016,4,30.1610473
Salpine_F7,2016,4,29.96034932
Kwambo_F011A,2016,4,29.90687901
Nseleni_J006,2016,4,30.39279622
Terranera_B38,2016,4,30.11509046
South_Areas_B35b,2016,4,30.10995117
Kwambo_A017,2016,4,29.94449881
Teranera_C55,2016,4,30.14191428
Port_Durnford_B044,2016,4,29.86403402
Nyalazi_B032,2016,5,26.01836133
Palm_Ridge_C15a,2016,5,25.39216718
Futululu_E6a,2016,5,26.03239314
Mtubatuba_B003,2016,5,26.02727218
Trust_D13,2016,5,25.94592884
Trust_E23,2016,5,26.01333751
Trust_E24,2016,5,25.90558945
Mavuya_B3a,2016,5,17.68801906
Salpine_G22,2016,5,25.92842638
Salpine_G33,2016,5,25.90508232
Salpine_F7,2016,5,25.35097934
Kwambo_F011A,2016,5,25.73168188
Nseleni_J006,2016,5,25.97906567
Terranera_B38,2016,5,25.70539287
South_Areas_B35b,2016,5,25.7593156
Kwambo_A017,2016,5,25.65832271
Teranera_C55,2016,5,25.7395108
Port_Durnford_B044,2016,5,25.53327888
Nyalazi_B032,2016,6,25.45435146
Palm_Ridge_C15a,2016,6,24.80518642
Futululu_E6a,2016,6,25.38975113
Mtubatuba_B003,2016,6,25.42010714
Trust_D13,2016,6,25.1471204
Trust_E23,2016,6,25.39333618
Trust_E24,2016,6,25.27667191
Mavuya_B3a,2016,6,17.2440747
Salpine_G22,2016,6,25.11968925
Salpine_G33,2016,6,25.27675873
Salpine_F7,2016,6,24.62945431
Kwambo_F011A,2016,6,25.07046972
Nseleni_J006,2016,6,25.25678438
Terranera_B38,2016,6,25.04624304
South_Areas_B35b,2016,6,25.00306347
Kwambo_A017,2016,6,24.94379375
Teranera_C55,2016,6,25.00060765
Port_Durnford_B044,2016,6,24.70876881
Nyalazi_B032,2016,7,24.70550376
Palm_Ridge_C15a,2016,7,24.09470012
Futululu_E6a,2016,7,24.46474997
Mtubatuba_B003,2016,7,24.3960944
Trust_D13,2016,7,23.96437471
Trust_E23,2016,7,24.11289908
Trust_E24,2016,7,23.9209766
Mavuya_B3a,2016,7,16.84053372
Salpine_G22,2016,7,24.10740331
Salpine_G33,2016,7,24.25357918
Salpine_F7,2016,7,23.76288661
Kwambo_F011A,2016,7,23.82022333
Nseleni_J006,2016,7,23.94692261
Terranera_B38,2016,7,23.7850574
South_Areas_B35b,2016,7,23.81831804
Kwambo_A017,2016,7,23.65816712
Teranera_C55,2016,7,23.82611632
Port_Durnford_B044,2016,7,23.37658459
Nyalazi_B032,2016,8,25.98651132
Palm_Ridge_C15a,2016,8,25.55868935
Futululu_E6a,2016,8,26.09002221
Mtubatuba_B003,2016,8,25.87947066
Trust_D13,2016,8,25.81077967
Trust_E23,2016,8,25.64636895
Trust_E24,2016,8,25.58056168
Mavuya_B3a,2016,8,17.46718315
Salpine_G22,2016,8,25.70946104
Salpine_G33,2016,8,25.49172688
Salpine_F7,2016,8,25.36844572
Kwambo_F011A,2016,8,25.22431545
Nseleni_J006,2016,8,25.97032271
Terranera_B38,2016,8,25.46791842
South_Areas_B35b,2016,8,25.80940814
Kwambo_A017,2016,8,25.13595356
Teranera_C55,2016,8,25.70472964
Port_Durnford_B044,2016,8,24.9700255
Nyalazi_B032,2016,9,26.43589416
Palm_Ridge_C15a,2016,9,26.0011486
Futululu_E6a,2016,9,26.49981172
Mtubatuba_B003,2016,9,26.16022054
Trust_D13,2016,9,26.00001989
Trust_E23,2016,9,25.8564223
Trust_E24,2016,9,25.80760679
Mavuya_B3a,2016,9,18.04514612
Salpine_G22,2016,9,25.92339666
Salpine_G33,2016,9,25.6661289
Salpine_F7,2016,9,25.64244016
Kwambo_F011A,2016,9,25.44540925
Nseleni_J006,2016,9,26.13146025
Terranera_B38,2016,9,25.65163948
South_Areas_B35b,2016,9,25.99814003
Kwambo_A017,2016,9,25.38870685
Teranera_C55,2016,9,25.93333616
Port_Durnford_B044,2016,9,25.13705129
Nyalazi_B032,2016,10,26.53563517
Palm_Ridge_C15a,2016,10,26.03654407
Futululu_E6a,2016,10,26.53383954
Mtubatuba_B003,2016,10,26.1619029
Trust_D13,2016,10,25.95113223
Trust_E23,2016,10,25.85508209
Trust_E24,2016,10,25.79681028
Mavuya_B3a,2016,10,18.05740058
Salpine_G22,2016,10,25.86035715
Salpine_G33,2016,10,25.65617635
Salpine_F7,2016,10,25.63829786
Kwambo_F011A,2016,10,25.4325892
Nseleni_J006,2016,10,26.045919
Terranera_B38,2016,10,25.6299315
South_Areas_B35b,2016,10,25.9287949
Kwambo_A017,2016,10,25.40277823
Teranera_C55,2016,10,25.89102467
Port_Durnford_B044,2016,10,25.10371671
Nyalazi_B032,2016,11,27.86421021
Palm_Ridge_C15a,2016,11,27.37306775
Futululu_E6a,2016,11,27.90807696
Mtubatuba_B003,2016,11,27.62249802
Trust_D13,2016,11,27.22792739
Trust_E23,2016,11,27.32261844
Trust_E24,2016,11,27.28429776
Mavuya_B3a,2016,11,18.73379276
Salpine_G22,2016,11,27.09040053
Salpine_G33,2016,11,27.14830126
Salpine_F7,2016,11,26.8610679
Kwambo_F011A,2016,11,26.92706122
Nseleni_J006,2016,11,27.25355783
Terranera_B38,2016,11,27.07160631
South_Areas_B35b,2016,11,27.16294429
Kwambo_A017,2016,11,26.80102121
Teranera_C55,2016,11,27.10137194
Port_Durnford_B044,2016,11,26.61678721
Nyalazi_B032,2016,12,30.50874033
Palm_Ridge_C15a,2016,12,30.35326761
Futululu_E6a,2016,12,30.97714931
Mtubatuba_B003,2016,12,31.05466753
Trust_D13,2016,12,30.56745969
Trust_E23,2016,12,30.74495514
Trust_E24,2016,12,30.82659574
Mavuya_B3a,2016,12,25.99421326
Salpine_G22,2016,12,30.39233633
Salpine_G33,2016,12,30.38436612
Salpine_F7,2016,12,30.34532485
Kwambo_F011A,2016,12,30.60643777
Nseleni_J006,2016,12,30.62214777
Terranera_B38,2016,12,30.47619123
South_Areas_B35b,2016,12,30.41020591
Kwambo_A017,2016,12,30.18141543
Teranera_C55,2016,12,30.33491969
Port_Durnford_B044,2016,12,30.42373612
Nyalazi_B032,2017,1,30.2713067
Palm_Ridge_C15a,2017,1,30.65325571
Futululu_E6a,2017,1,30.75216019
Mtubatuba_B003,2017,1,30.57698533
Trust_D13,2017,1,30.06700985
Trust_E23,2017,1,30.25735631
Trust_E24,2017,1,30.20057469
Mavuya_B3a,2017,1,30.09491799
Salpine_G22,2017,1,30.20090298
Salpine_G33,2017,1,30.20711521
Salpine_F7,2017,1,29.99584693
Kwambo_F011A,2017,1,30.02772145
Nseleni_J006,2017,1,30.28245453
Terranera_B38,2017,1,30.12527706
South_Areas_B35b,2017,1,30.15742353
Kwambo_A017,2017,1,29.86629413
Teranera_C55,2017,1,30.08739732
Port_Durnford_B044,2017,1,29.97842061
Nyalazi_B032,2017,2,30.37506562
Palm_Ridge_C15a,2017,2,30.72803557
Futululu_E6a,2017,2,30.86107394
Mtubatuba_B003,2017,2,30.70243887
Trust_D13,2017,2,30.14614183
Trust_E23,2017,2,30.35906161
Trust_E24,2017,2,30.31338487
Mavuya_B3a,2017,2,30.19426969
Salpine_G22,2017,2,30.3361949
Salpine_G33,2017,2,30.34907108
Salpine_F7,2017,2,30.07728927
Kwambo_F011A,2017,2,30.12014152
Nseleni_J006,2017,2,30.40274159
Terranera_B38,2017,2,30.24938285
South_Areas_B35b,2017,2,30.2833994
Kwambo_A017,2017,2,29.99163819
Teranera_C55,2017,2,30.2249766
Port_Durnford_B044,2017,2,30.0702674
Nyalazi_B032,2017,3,30.36624548
Palm_Ridge_C15a,2017,3,30.70455257
Futululu_E6a,2017,3,30.82559636
Mtubatuba_B003,2017,3,30.67593467
Trust_D13,2017,3,30.15435457
Trust_E23,2017,3,30.3478501
Trust_E24,2017,3,30.31030439
Mavuya_B3a,2017,3,30.19785848
Salpine_G22,2017,3,30.33469086
Salpine_G33,2017,3,30.33054175
Salpine_F7,2017,3,30.08236633
Kwambo_F011A,2017,3,30.1292962
Nseleni_J006,2017,3,30.42356147
Terranera_B38,2017,3,30.25675738
South_Areas_B35b,2017,3,30.29281929
Kwambo_A017,2017,3,30.00052437
Teranera_C55,2017,3,30.22418722
Port_Durnford_B044,2017,3,30.08294699
Nyalazi_B032,2017,4,28.45672164
Palm_Ridge_C15a,2017,4,28.45843743
Futululu_E6a,2017,4,28.61278042
Mtubatuba_B003,2017,4,28.59599316
Trust_D13,2017,4,28.22750385
Trust_E23,2017,4,28.3906695
Trust_E24,2017,4,28.26281697
Mavuya_B3a,2017,4,28.1117079
Salpine_G22,2017,4,28.25330701
Salpine_G33,2017,4,28.13565352
Salpine_F7,2017,4,27.94584188
Kwambo_F011A,2017,4,28.30106677
Nseleni_J006,2017,4,28.1785481
Terranera_B38,2017,4,27.85200208
South_Areas_B35b,2017,4,27.93967411
Kwambo_A017,2017,4,28.02808132
Teranera_C55,2017,4,27.99219918
Port_Durnford_B044,2017,4,27.82051763
Nyalazi_B032,2017,5,27.17589781
Palm_Ridge_C15a,2017,5,27.16566103
Futululu_E6a,2017,5,27.36761321
Mtubatuba_B003,2017,5,27.3501591
Trust_D13,2017,5,27.16952524
Trust_E23,2017,5,27.06047238
Trust_E24,2017,5,27.08691465
Mavuya_B3a,2017,5,26.90519594
Salpine_G22,2017,5,27.0861778
Salpine_G33,2017,5,26.77663247
Salpine_F7,2017,5,26.8392591
Kwambo_F011A,2017,5,27.0320515
Nseleni_J006,2017,5,27.0879688
Terranera_B38,2017,5,26.82419185
South_Areas_B35b,2017,5,26.88241249
Kwambo_A017,2017,5,27.28188912
Teranera_C55,2017,5,26.92221731
Port_Durnford_B044,2017,5,27.3104652
Nyalazi_B032,2017,6,25.50250026
Palm_Ridge_C15a,2017,6,25.75538669
Futululu_E6a,2017,6,25.73687139
Mtubatuba_B003,2017,6,25.560232
Trust_D13,2017,6,25.39675738
Trust_E23,2017,6,25.39853376
Trust_E24,2017,6,25.33254312
Mavuya_B3a,2017,6,25.16214346
Salpine_G22,2017,6,24.9338251
Salpine_G33,2017,6,24.97912608
Salpine_F7,2017,6,24.98605978
Kwambo_F011A,2017,6,25.43301277
Nseleni_J006,2017,6,25.29026734
Terranera_B38,2017,6,25.07208588
South_Areas_B35b,2017,6,25.03836584
Kwambo_A017,2017,6,24.83996241
Teranera_C55,2017,6,24.81622058
Port_Durnford_B044,2017,6,24.74107807
Nyalazi_B032,2017,7,25.46242925
Palm_Ridge_C15a,2017,7,25.70218801
Futululu_E6a,2017,7,25.67972445
Mtubatuba_B003,2017,7,25.5081771
Trust_D13,2017,7,25.3443366
Trust_E23,2017,7,25.34352147
Trust_E24,2017,7,25.27228298
Mavuya_B3a,2017,7,25.12783724
Salpine_G22,2017,7,24.90109625
Salpine_G33,2017,7,24.92710739
Salpine_F7,2017,7,24.93742922
Kwambo_F011A,2017,7,25.31673376
Nseleni_J006,2017,7,25.22818758
Terranera_B38,2017,7,24.97514588
South_Areas_B35b,2017,7,24.96775956
Kwambo_A017,2017,7,24.76806772
Teranera_C55,2017,7,24.75916009
Port_Durnford_B044,2017,7,24.6382813
Nyalazi_B032,2017,8,25.45084406
Palm_Ridge_C15a,2017,8,25.70137919
Futululu_E6a,2017,8,25.69737414
Mtubatuba_B003,2017,8,25.54147379
Trust_D13,2017,8,25.34874341
Trust_E23,2017,8,25.37800553
Trust_E24,2017,8,25.2961209
Mavuya_B3a,2017,8,25.12320549
Salpine_G22,2017,8,24.88911646
Salpine_G33,2017,8,24.93308631
Salpine_F7,2017,8,24.92536448
Kwambo_F011A,2017,8,25.33131171
Nseleni_J006,2017,8,25.23134379
Terranera_B38,2017,8,24.98678082
South_Areas_B35b,2017,8,24.96647138
Kwambo_A017,2017,8,24.7808152
Teranera_C55,2017,8,24.76130249
Port_Durnford_B044,2017,8,24.66429089
Nyalazi_B032,2017,9,26.88639513
Palm_Ridge_C15a,2017,9,27.06990779
Futululu_E6a,2017,9,27.1424111
Mtubatuba_B003,2017,9,26.88298235
Trust_D13,2017,9,26.76047755
Trust_E23,2017,9,26.59840272
Trust_E24,2017,9,26.62274525
Mavuya_B3a,2017,9,26.58553994
Salpine_G22,2017,9,26.51304555
Salpine_G33,2017,9,26.2236394
Salpine_F7,2017,9,26.40518316
Kwambo_F011A,2017,9,26.49794114
Nseleni_J006,2017,9,26.62259075
Terranera_B38,2017,9,26.33527497
South_Areas_B35b,2017,9,26.43072335
Kwambo_A017,2017,9,26.26132
Teranera_C55,2017,9,26.38674009
Port_Durnford_B044,2017,9,26.24992873
Nyalazi_B032,2017,10,27.33919796
Palm_Ridge_C15a,2017,10,27.43948058
Futululu_E6a,2017,10,27.55843188
Mtubatuba_B003,2017,10,27.17353246
Trust_D13,2017,10,26.98369003
Trust_E23,2017,10,26.79862719
Trust_E24,2017,10,26.80065074
Mavuya_B3a,2017,10,26.81144777
Salpine_G22,2017,10,26.6260676
Salpine_G33,2017,10,26.3479872
Salpine_F7,2017,10,26.53133838
Kwambo_F011A,2017,10,26.58772852
Nseleni_J006,2017,10,26.78384644
Terranera_B38,2017,10,26.39384126
South_Areas_B35b,2017,10,26.49453566
Kwambo_A017,2017,10,26.31549154
Teranera_C55,2017,10,26.46449771
Port_Durnford_B044,2017,10,26.22352276
Nyalazi_B032,2017,11,28.33746784
Palm_Ridge_C15a,2017,11,28.3638658
Futululu_E6a,2017,11,28.47231812
Mtubatuba_B003,2017,11,28.15399835
Trust_D13,2017,11,27.94293944
Trust_E23,2017,11,27.96316832
Trust_E24,2017,11,27.98657319
Mavuya_B3a,2017,11,27.96771097
Salpine_G22,2017,11,27.64079906
Salpine_G33,2017,11,27.44261515
Salpine_F7,2017,11,27.74033391
Kwambo_F011A,2017,11,27.60174147
Nseleni_J006,2017,11,27.95619333
Terranera_B38,2017,11,27.53482024
South_Areas_B35b,2017,11,27.56711188
Kwambo_A017,2017,11,27.39525047
Teranera_C55,2017,11,27.55827623
Port_Durnford_B044,2017,11,27.47927451
Nyalazi_B032,2017,12,28.47106404
Palm_Ridge_C15a,2017,12,28.56132499
Futululu_E6a,2017,12,28.60246806
Mtubatuba_B003,2017,12,28.32251173
Trust_D13,2017,12,28.15674347
Trust_E23,2017,12,28.22681507
Trust_E24,2017,12,28.23101853
Mavuya_B3a,2017,12,28.20249035
Salpine_G22,2017,12,27.92504546
Salpine_G33,2017,12,27.78192985
Salpine_F7,2017,12,27.96240339
Kwambo_F011A,2017,12,27.84732355
Nseleni_J006,2017,12,28.19335314
Terranera_B38,2017,12,27.80564619
South_Areas_B35b,2017,12,27.84572873
Kwambo_A017,2017,12,27.61185556
Teranera_C55,2017,12,27.83516768
Port_Durnford_B044,2017,12,27.68045971
Nyalazi_B032,2018,1,30.4603708
Palm_Ridge_C15a,2018,1,31.22817904
Futululu_E6a,2018,1,30.73973141
Mtubatuba_B003,2018,1,30.64320933
Trust_D13,2018,1,30.79609738
Trust_E23,2018,1,30.57699049
Trust_E24,2018,1,30.54548385
Mavuya_B3a,2018,1,30.91343186
Salpine_G22,2018,1,30.4032064
Salpine_G33,2018,1,30.28685519
Salpine_F7,2018,1,30.79811872
Kwambo_F011A,2018,1,30.50561691
Nseleni_J006,2018,1,30.49341779
Terranera_B38,2018,1,30.41334541
South_Areas_B35b,2018,1,30.55679503
Kwambo_A017,2018,1,30.11099986
Teranera_C55,2018,1,30.44251352
Port_Durnford_B044,2018,1,30.2429913
Nyalazi_B032,2018,2,29.88743499
Palm_Ridge_C15a,2018,2,30.30463563
Futululu_E6a,2018,2,29.8256572
Mtubatuba_B003,2018,2,29.76666842
Trust_D13,2018,2,29.70869873
Trust_E23,2018,2,29.81200144
Trust_E24,2018,2,29.78320175
Mavuya_B3a,2018,2,30.13169534
Salpine_G22,2018,2,29.54642548
Salpine_G33,2018,2,29.63104992
Salpine_F7,2018,2,29.95378069
Kwambo_F011A,2018,2,29.7782659
Nseleni_J006,2018,2,29.7447514
Terranera_B38,2018,2,29.69486214
South_Areas_B35b,2018,2,29.65166071
Kwambo_A017,2018,2,29.42407571
Teranera_C55,2018,2,29.56349475
Port_Durnford_B044,2018,2,29.49428194
Nyalazi_B032,2018,3,30.09625498
Palm_Ridge_C15a,2018,3,30.46809706
Futululu_E6a,2018,3,30.08384531
Mtubatuba_B003,2018,3,30.03689164
Trust_D13,2018,3,30.01231441
Trust_E23,2018,3,30.05119969
Trust_E24,2018,3,30.03075256
Mavuya_B3a,2018,3,30.33177091
Salpine_G22,2018,3,29.85380336
Salpine_G33,2018,3,29.81634764
Salpine_F7,2018,3,30.09105725
Kwambo_F011A,2018,3,29.88058882
Nseleni_J006,2018,3,30.02116346
Terranera_B38,2018,3,29.85644126
South_Areas_B35b,2018,3,29.87506452
Kwambo_A017,2018,3,29.59453903
Teranera_C55,2018,3,29.78771976
Port_Durnford_B044,2018,3,29.56972501
Nyalazi_B032,2018,4,28.99527519
Palm_Ridge_C15a,2018,4,29.23464406
Futululu_E6a,2018,4,28.99716756
Mtubatuba_B003,2018,4,28.88875545
Trust_D13,2018,4,28.72768511
Trust_E23,2018,4,28.85345691
Trust_E24,2018,4,28.63670095
Mavuya_B3a,2018,4,28.8141761
Salpine_G22,2018,4,28.64014567
Salpine_G33,2018,4,28.82232543
Salpine_F7,2018,4,28.77040559
Kwambo_F011A,2018,4,28.73588251
Nseleni_J006,2018,4,28.52551917
Terranera_B38,2018,4,28.61931822
South_Areas_B35b,2018,4,28.60965704
Kwambo_A017,2018,4,28.39455656
Teranera_C55,2018,4,28.55805694
Port_Durnford_B044,2018,4,28.30475308
Nyalazi_B032,2018,5,25.6659764
Palm_Ridge_C15a,2018,5,25.90269341
Futululu_E6a,2018,5,25.77067294
Mtubatuba_B003,2018,5,25.70406223
Trust_D13,2018,5,25.73403628
Trust_E23,2018,5,25.69426441
Trust_E24,2018,5,25.61799612
Mavuya_B3a,2018,5,25.70532292
Salpine_G22,2018,5,25.59594994
Salpine_G33,2018,5,25.83716856
Salpine_F7,2018,5,25.66570264
Kwambo_F011A,2018,5,25.98655427
Nseleni_J006,2018,5,25.65525067
Terranera_B38,2018,5,25.83913662
South_Areas_B35b,2018,5,25.87048605
Kwambo_A017,2018,5,25.45697096
Teranera_C55,2018,5,25.77316636
Port_Durnford_B044,2018,5,25.46260418
Nyalazi_B032,2018,6,24.88565849
Palm_Ridge_C15a,2018,6,25.15506279
Futululu_E6a,2018,6,25.02111229
Mtubatuba_B003,2018,6,24.94903202
Trust_D13,2018,6,24.90354538
Trust_E23,2018,6,24.88803347
Trust_E24,2018,6,24.81257112
Mavuya_B3a,2018,6,24.80925869
Salpine_G22,2018,6,24.54998799
Salpine_G33,2018,6,24.76085311
Salpine_F7,2018,6,24.77938741
Kwambo_F011A,2018,6,25.1565385
Nseleni_J006,2018,6,24.73912031
Terranera_B38,2018,6,24.82146603
South_Areas_B35b,2018,6,24.78921779
Kwambo_A017,2018,6,24.52551104
Teranera_C55,2018,6,24.63118671
Port_Durnford_B044,2018,6,24.62896813
Nyalazi_B032,2018,7,24.75388121
Palm_Ridge_C15a,2018,7,24.9715742
Futululu_E6a,2018,7,24.89902314
Mtubatuba_B003,2018,7,24.83579204
Trust_D13,2018,7,24.7158153
Trust_E23,2018,7,24.7056177
Trust_E24,2018,7,24.64657391
Mavuya_B3a,2018,7,24.58573304
Salpine_G22,2018,7,24.28810759
Salpine_G33,2018,7,24.4554305
Salpine_F7,2018,7,24.62188685
Kwambo_F011A,2018,7,25.0019804
Nseleni_J006,2018,7,24.54162161
Terranera_B38,2018,7,24.54547415
South_Areas_B35b,2018,7,24.5074281
Kwambo_A017,2018,7,24.35957768
Teranera_C55,2018,7,24.33231409
Port_Durnford_B044,2018,7,24.45100524
Nyalazi_B032,2018,8,24.77289357
Palm_Ridge_C15a,2018,8,24.98113523
Futululu_E6a,2018,8,24.94404146
Mtubatuba_B003,2018,8,24.87559927
Trust_D13,2018,8,24.72529722
Trust_E23,2018,8,24.71618782
Trust_E24,2018,8,24.65106325
Mavuya_B3a,2018,8,24.56857736
Salpine_G22,2018,8,24.27038553
Salpine_G33,2018,8,24.42260674
Salpine_F7,2018,8,24.59807017
Kwambo_F011A,2018,8,24.96125002
Nseleni_J006,2018,8,24.505375
Terranera_B38,2018,8,24.47705704
South_Areas_B35b,2018,8,24.44258864
Kwambo_A017,2018,8,24.31375081
Teranera_C55,2018,8,24.2701883
Port_Durnford_B044,2018,8,24.35643743
Nyalazi_B032,2018,9,26.30298654
Palm_Ridge_C15a,2018,9,26.91359689
Futululu_E6a,2018,9,26.77153349
Mtubatuba_B003,2018,9,26.79995936
Trust_D13,2018,9,26.73723566
Trust_E23,2018,9,26.80467728
Trust_E24,2018,9,26.69531469
Mavuya_B3a,2018,9,26.40571798
Salpine_G22,2018,9,26.21758004
Salpine_G33,2018,9,26.23630682
Salpine_F7,2018,9,26.30436384
Kwambo_F011A,2018,9,26.55478335
Nseleni_J006,2018,9,26.40774591
Terranera_B38,2018,9,26.1939411
South_Areas_B35b,2018,9,26.21023593
Kwambo_A017,2018,9,26.01525805
Teranera_C55,2018,9,26.13830107
Port_Durnford_B044,2018,9,26.03247039
